id,member_id,loan_amount,funded_amount,funded_amount_investors,loan_term(Months),interest_rate,monthly_installment,grade,sub_grade,employment_length,home_ownership,annual_income,verification_status,loan_issue_date,loan_status,payment_plan,purpose,zip_code,state,debt_to_income_ratio,delinquencies,first_credit_line_date,credit_inquiries_6m,months_since_last_delinquency,months_since_last_record,open_accounts,public_records,revolving_balance,revolving_utilization,total_accounts,initial_list_status,outstanding_principal,outstanding_principal_investors,total_payment,total_payment_investors,principal_received,interest_received,late_fee_received,recoveries,collection_recovery_fee,last_payment_date,last_payment_amount,last_credit_pull_date,issue_year,risk_category,income_level,default_flag,EMI_burden,Interest Rate Clean,interest_category
164346,163835,500,500,400,36,0.08,15.69,A,A4,< 1 year,RENT,18000,Not Verified,11-01-2007,Fully Paid,n,other,112xx,NY,4.27,0,11-01-2003,0,0,0,4,0,0,0,4,f,0,0,565.03,452.02,500,65.03,0,0,0,12-01-2010,33.16,11-01-2015,2007,Medium Risk,Low Income,0,0.0009,0.0807,Low Interest
211133,210644,500,500,475,36,0.11,16.47,C,C3,< 1 year,RENT,19500,Not Verified,01-01-2008,Fully Paid,n,other,222xx,VA,3.69,0,11-01-1983,0,0,57,8,1,12229,0.906,15,f,0,0,582.58,553.45,500,67.58,15,0,0,07-01-2009,255.57,07-01-2009,2008,Medium Risk,Low Income,0,0.0008,0.1141,Low Interest
216698,174214,500,500,500,36,0.1,16.25,B,B5,3 years,MORTGAGE,26000,Not Verified,01-01-2008,Fully Paid,n,small_business,618xx,IL,14.17,0,07-01-1994,0,38,0,8,0,5643,0.607,28,f,0,0,526.33,526.33,500,26.33,0,0,0,11-01-2008,180.61,12-01-2008,2008,Medium Risk,Low Income,0,0.0006,0.1046,Low Interest
242695,242682,500,500,500,36,0.11,16.31,B,B5,< 1 year,MORTGAGE,7904,Not Verified,01-01-2008,Fully Paid,n,vacation,953xx,CA,3.04,1,02-01-1989,2,8,0,3,0,44,0.037,6,f,0,0,580.46,580.46,500,80.46,0,0,0,05-01-2010,158.54,12-01-2013,2008,Medium Risk,Low Income,0,0.0021,0.1071,Low Interest
253227,253223,750,750,725,36,0.12,25.02,C,C5,< 1 year,RENT,19000,Not Verified,02-01-2008,Fully Paid,n,credit_card,802xx,CO,24,0,09-01-2000,0,0,0,8,0,12220,0.849,8,f,0,0,900.49,870.48,750,150.49,0,0,0,02-01-2011,27.29,08-01-2015,2008,High Risk,Low Income,0,0.0013,0.1229,Low Interest
244029,244014,800,800,800,36,0.07,24.84,A,A1,2 years,MORTGAGE,35000,Not Verified,01-01-2008,Fully Paid,n,debt_consolidation,704xx,LA,7.65,0,06-01-1995,0,0,0,8,0,19901,0.298,15,f,0,0,813.49,813.49,800,13.49,0,0,0,11-01-2008,15.6,02-01-2010,2008,High Risk,Low Income,0,0.0007,0.0737,Low Interest
159713,159659,900,900,650,36,0.1,29.16,C,C1,3 years,RENT,12000,Not Verified,11-01-2007,Charged Off,n,educational,320xx,FL,16.7,0,03-01-2002,3,0,0,4,0,3084,0.656,4,f,0,0,986.55,712.49,804.23,143.67,0,38.65,13.45,05-01-2011,29.16,05-01-2016,2007,High Risk,Low Income,1,0.0024,0.1028,Low Interest
262961,262933,900,900,875,36,0.09,28.47,A,A5,4 years,OWN,57000,Not Verified,02-01-2008,Fully Paid,n,home_improvement,284xx,NC,0.32,0,07-01-2003,2,0,0,2,0,167,0.033,4,f,0,0,947.38,921.06,900,47.38,0,0,0,11-01-2008,748.4,10-01-2008,2008,High Risk,Low Income,0,0.0005,0.0863,Low Interest
278066,278052,950,950,950,36,0.1,30.55,B,B2,1 year,RENT,23000,Not Verified,03-01-2008,Fully Paid,n,other,666xx,KS,22.38,0,12-01-1995,1,0,0,8,0,2246,0.099,17,f,0,0,1082.39,1082.39,950,117.39,15,0,0,03-01-2011,24.51,03-01-2011,2008,High Risk,Low Income,0,0.0013,0.0976,Low Interest
113179,113093,1000,1000,950,36,0.11,32.55,C,C2,2 years,MORTGAGE,33990,Not Verified,08-01-2007,Charged Off,n,wedding,245xx,VA,14.47,0,07-01-2004,1,0,0,9,0,4485,0.369,11,f,0,0,703.95,668.87,544.02,138.64,0,21.29,0.23,05-01-2009,32.55,10-01-2009,2007,High Risk,Low Income,1,0.001,0.1059,Low Interest
184908,184901,1000,1000,465.3,36,0.1,32.1,B,B4,< 1 year,RENT,5000,Not Verified,12-01-2007,Fully Paid,n,debt_consolidation,474xx,IN,18,0,08-01-2004,2,0,0,5,0,961,0.26,7,f,0,0,1170.66,542.36,999.99,155.66,15,0,0,01-01-2011,1.43,01-01-2011,2007,High Risk,Low Income,0,0.0064,0.0964,Low Interest
263677,263557,1000,1000,800,36,0.1,32.31,B,B3,6 years,OWN,38000,Not Verified,02-01-2008,Fully Paid,n,major_purchase,481xx,MI,20.53,0,12-01-1998,0,62,0,5,0,2308,0.462,25,f,0,0,1104.12,883.3,1000,104.12,0,0,0,06-01-2009,654.25,10-01-2011,2008,High Risk,Low Income,0,0.0009,0.1008,Low Interest
367112,380377,1000,1000,979.3,36,0.1,32.1,A,A5,2 years,MORTGAGE,60000,Not Verified,12-01-2008,Fully Paid,n,debt_consolidation,958xx,CA,6.16,1,03-01-1986,0,16,92,14,1,100,0.005,21,f,0,0,1155.38,1132.91,1000,155.38,0,0,0,12-01-2011,33.98,12-01-2011,2008,High Risk,Low Income,0,0.0005,0.0963,Low Interest
535233,691631,1000,1000,1000,36,0.08,31.12,A,A4,10+ years,RENT,48000,Not Verified,06-01-2010,Charged Off,n,vacation,890xx,NV,15.47,0,11-01-2000,0,71,100,8,1,334,0.071,17,f,0,0,940.14,940.14,785.08,114.41,28.64,12.01,2.16,07-01-2013,3.24,11-01-2013,2010,High Risk,Low Income,1,0.0006,0.0751,Low Interest
608545,780647,1000,1000,1000,36,0.14,34.05,C,C5,< 1 year,MORTGAGE,30000,Not Verified,11-01-2010,Fully Paid,n,home_improvement,302xx,GA,2.72,1,07-01-2000,0,3,104,4,1,2031,0.344,7,f,0,0,1069.91,1069.91,1000,69.91,0,0,0,02-01-2012,93.94,05-01-2016,2010,High Risk,Low Income,0,0.0011,0.1372,Low Interest
629374,806348,1000,1000,1000,36,0.1,32.09,B,B3,6 years,RENT,38400,Not Verified,12-01-2010,Fully Paid,n,vacation,530xx,WI,14.34,0,01-01-2001,1,46,110,4,1,346,0.068,22,f,0,0,1141.59,1141.59,1000,141.59,0,0,0,02-01-2013,341.04,06-01-2015,2010,High Risk,Low Income,0,0.0008,0.0962,Low Interest
757039,957027,1000,1000,1000,36,0.14,34.18,C,C3,4 years,RENT,60000,Source Verified,05-01-2011,Charged Off,n,vacation,951xx,CA,2.58,0,12-01-2000,1,62,114,3,1,5630,0.626,11,f,0,0,340.7,340.7,236.64,104.06,0,0,0,04-01-2012,34.18,08-01-2012,2011,High Risk,Low Income,1,0.0006,0.1399,Low Interest
762908,963475,1000,1000,1000,36,0.1,32.27,B,B1,10+ years,MORTGAGE,75000,Not Verified,05-01-2011,Fully Paid,n,medical,320xx,FL,22.02,6,01-01-1977,0,7,112,12,1,865,0.058,32,f,0,0,1092.2,1092.2,1000,92.2,0,0,0,07-01-2012,706.62,05-01-2016,2011,High Risk,Low Income,0,0.0004,0.0999,Low Interest
778604,981211,1000,1000,1000,36,0.11,32.74,B,B3,3 years,RENT,33388,Not Verified,06-01-2011,Fully Paid,n,medical,210xx,MD,12.44,0,03-01-2000,0,26,107,13,1,0,0,21,f,0,0,1178.38,1178.38,1000,178.38,0,0,0,07-01-2014,39.41,07-01-2014,2011,High Risk,Low Income,0,0.001,0.1099,Low Interest
882355,1097577,1000,1000,1000,36,0.15,34.8,C,C4,10+ years,MORTGAGE,32352,Source Verified,09-01-2011,Charged Off,n,other,937xx,CA,10.42,1,12-01-2000,3,5,117,6,1,770,0.108,18,f,0,0,1072.26,1072.26,799.1,244.9,0,28.26,0.28,04-01-2014,34.8,08-01-2014,2011,High Risk,Low Income,1,0.0011,0.1527,Low Interest
968370,1189329,1000,1000,1000,36,0.13,33.94,C,C1,< 1 year,RENT,18000,Verified,09-01-2011,Charged Off,n,medical,718xx,AR,17.6,0,04-01-2000,1,44,75,6,1,1411,0.186,20,f,0,0,703.21,703.21,502.9,171.9,0,28.41,0.28,06-01-2013,33.94,11-01-2013,2011,High Risk,Low Income,1,0.0019,0.1349,Low Interest
1029186,1258538,1000,1000,1000,36,0.13,33.55,B,B5,10+ years,MORTGAGE,70000,Verified,11-01-2011,Fully Paid,n,other,618xx,IL,17.13,1,07-01-1984,2,23,96,11,1,9542,0.875,48,f,0,0,1151.04,1151.04,1000,151.04,0,0,0,06-01-2013,581.84,06-01-2013,2011,High Risk,Low Income,0,0.0005,0.1269,Low Interest
109355,109346,1200,1200,0,36,0.12,39.6,C,C5,< 1 year,RENT,20000,Not Verified,07-01-2007,Fully Paid,n,credit_card,041xx,ME,2.04,0,05-01-2004,2,24,0,3,0,1153,0.758,4,f,0,0,1425.37,0,1200,225.37,0,0,0,07-01-2010,39.45,07-01-2010,2007,High Risk,Low Income,0,0.002,0.1154,Low Interest
139657,139245,1200,1200,301,36,0.1,38.7,B,B5,1 year,OWN,32000,Not Verified,10-01-2007,Fully Paid,n,credit_card,662xx,KS,1.13,0,07-01-2002,2,54,0,2,0,613,0.766,7,f,0,0,1393.11,349.3,1200,193.11,0,0,0,11-01-2010,40.85,07-01-2013,2007,High Risk,Low Income,0,0.0012,0.0996,Low Interest
213427,213418,1200,1200,1200,36,0.1,38.8,B,B4,2 years,RENT,30000,Not Verified,01-01-2008,Fully Paid,n,debt_consolidation,852xx,AZ,19.76,0,08-01-1995,0,63,0,3,0,0,0,11,f,0,0,1375.91,1375.91,1200,175.91,0,0,0,02-01-2010,446.66,06-01-2010,2008,High Risk,Low Income,0,0.0013,0.1014,Low Interest
282054,282035,1200,1200,875,36,0.08,37.61,A,A3,5 years,RENT,14800,Not Verified,03-01-2008,Fully Paid,n,debt_consolidation,112xx,NY,2.43,0,01-01-2002,3,0,0,8,0,1946,0.065,25,f,0,0,1285.47,937.32,1200,85.47,0,0,0,08-01-2009,155.59,11-01-2015,2008,High Risk,Low Income,0,0.0025,0.08,Low Interest
457252,567574,1200,1200,1189.6,36,0.15,41.38,D,D1,< 1 year,RENT,40000,Not Verified,11-01-2009,Fully Paid,n,medical,342xx,FL,16.35,0,11-01-2004,0,30,43,6,1,7774,0.559,17,f,0,0,1487.76,1473.14,1200,287.76,0,0,0,09-01-2012,124.76,10-01-2012,2009,High Risk,Low Income,0,0.001,0.1461,Low Interest
651394,833253,1200,1200,1200,36,0.11,39.14,B,B4,10+ years,MORTGAGE,64000,Source Verified,01-01-2011,Fully Paid,n,home_improvement,930xx,CA,1.89,0,11-01-1993,0,26,27,5,1,1284,0.628,21,f,0,0,1425.11,1425.11,1200,210.11,15,0,0,02-01-2014,3.43,02-01-2016,2011,High Risk,Low Income,0,0.0006,0.1074,Low Interest
657003,840267,1200,1200,1200,36,0.14,40.9,C,C4,10+ years,RENT,43000,Source Verified,01-01-2011,Fully Paid,n,major_purchase,120xx,NY,22.16,0,04-01-2000,2,58,110,10,1,6014,0.439,25,f,0,0,1381.32,1381.32,1200,181.32,0,0,0,06-01-2012,768.76,05-01-2016,2011,High Risk,Low Income,0,0.001,0.138,Low Interest
887629,1103813,1200,1200,1200,36,0.13,40.26,B,B5,10+ years,MORTGAGE,74000,Not Verified,09-01-2011,Fully Paid,n,home_improvement,443xx,OH,8.06,0,11-01-2001,3,65,103,5,1,1929,0.551,19,f,0,0,1449.09,1449.09,1200,249.09,0,0,0,10-01-2014,44.43,02-01-2015,2011,High Risk,Low Income,0,0.0005,0.1269,Low Interest
974285,1196543,1200,1200,1200,36,0.09,38.11,A,A5,10+ years,RENT,85000,Not Verified,10-01-2011,Fully Paid,n,vacation,128xx,NY,9.15,0,03-01-1992,2,46,100,9,1,892,0.235,15,f,0,0,1371.71,1371.71,1200,171.71,0,0,0,10-01-2014,39.76,04-01-2016,2011,High Risk,Low Income,0,0.0004,0.089,Low Interest
1040440,1270415,1200,1200,1200,36,0.12,40.1,B,B4,9 years,RENT,29000,Not Verified,11-01-2011,Fully Paid,n,other,335xx,FL,18.95,0,01-01-2005,0,63,113,5,1,12515,0.703,8,f,0,0,1443.53,1443.53,1200,243.53,0,0,0,12-01-2014,43.3,12-01-2014,2011,High Risk,Low Income,0,0.0014,0.1242,Low Interest
240220,237164,1300,1300,850,36,0.1,42.23,B,B5,10+ years,RENT,47000,Not Verified,02-01-2008,Fully Paid,n,debt_consolidation,631xx,MO,18.15,0,09-01-2001,1,0,104,9,1,7006,0.48,13,f,0,0,1535.59,1004.04,1300,220.59,15,0,0,03-01-2011,3.12,03-01-2011,2008,High Risk,Low Income,0,0.0009,0.1046,Low Interest
248130,248126,1450,1450,1450,36,0.1,46.63,B,B2,< 1 year,OWN,65000,Not Verified,02-01-2008,Fully Paid,n,educational,183xx,PA,7.74,0,06-01-1998,2,0,0,25,0,20762,0.485,39,f,0,0,1672.11,1672.11,1450,222.11,0,0,0,09-01-2010,248.44,09-01-2010,2008,High Risk,Low Income,0,0.0007,0.0976,Low Interest
1022579,1251359,1450,1450,1450,36,0.12,48.46,B,B4,10+ years,RENT,36000,Source Verified,11-01-2011,Fully Paid,n,debt_consolidation,928xx,CA,21.53,0,07-01-2003,0,33,103,7,1,4564,0.374,11,f,0,0,1572.3,1572.3,1450,122.3,0,0,0,08-01-2012,1186.63,06-01-2015,2011,High Risk,Low Income,0,0.0013,0.1242,Low Interest
1038741,1268656,1450,1450,1450,36,0.14,49.75,C,C2,5 years,RENT,55560,Not Verified,11-01-2011,Fully Paid,n,debt_consolidation,300xx,GA,6.95,1,12-01-1993,0,14,29,7,1,3408,0.874,21,f,0,0,1790.91,1790.91,1450,340.91,0,0,0,12-01-2014,54.4,05-01-2016,2011,High Risk,Low Income,0,0.0009,0.1427,Low Interest
151607,151590,1500,1500,875,36,0.15,51.78,E,E5,1 year,RENT,25000,Not Verified,11-01-2007,Fully Paid,n,other,215xx,MD,3.84,1,08-01-2003,1,5,0,4,0,1238,0.619,6,f,0,0,1664.72,971.09,1500,164.72,0,0,0,09-01-2008,1199.4,08-01-2008,2007,High Risk,Low Income,0,0.0021,0.147,Low Interest
241850,241260,1500,1500,1425,36,0.09,47.45,A,A5,2 years,MORTGAGE,17544,Not Verified,01-01-2008,Fully Paid,n,debt_consolidation,770xx,TX,9.37,0,02-01-1994,1,0,0,6,0,6033,0.311,6,f,0,0,1707.96,1622.57,1500,207.96,0,0,0,02-01-2011,49.01,05-01-2016,2008,High Risk,Low Income,0,0.0027,0.0863,Low Interest
245124,244509,1500,1500,1500,36,0.11,48.91,B,B5,3 years,RENT,42000,Not Verified,02-01-2008,Fully Paid,n,other,371xx,TN,18.14,0,08-01-1999,1,0,0,6,0,1276,0.638,6,f,0,0,1760.44,1760.44,1500,260.44,0,0,0,02-01-2011,52.56,03-01-2016,2008,High Risk,Low Income,0,0.0012,0.1071,Low Interest
354098,358018,1500,1500,292.1,36,0.13,50.44,D,D1,2 years,RENT,35780,Not Verified,08-01-2008,Fully Paid,n,educational,606xx,IL,13.45,0,12-01-1995,2,59,45,9,1,10363,0.71,13,f,0,0,1815.83,303.23,1500,315.83,0,0,0,08-01-2011,51.04,05-01-2016,2008,High Risk,Low Income,0,0.0014,0.1286,Low Interest
368995,384222,1500,1500,1121.5,36,0.12,49.75,B,B4,2 years,RENT,48000,Not Verified,12-01-2008,Fully Paid,n,wedding,597xx,MT,18.13,0,05-01-1988,0,57,104,9,1,2573,0.677,25,f,0,0,1790.83,1323.21,1500,290.83,0,0,0,01-01-2012,52.94,05-01-2015,2008,High Risk,Low Income,0,0.001,0.1189,Low Interest
545649,703721,1500,1500,1500,36,0.14,51.26,C,C3,1 year,RENT,54000,Not Verified,07-01-2010,Fully Paid,n,other,085xx,NJ,17.27,0,04-01-1996,1,54,99,3,1,113,0.161,6,f,0,0,1582.54,1582.54,1500,52.54,30,0,0,10-01-2010,1582.67,10-01-2010,2010,High Risk,Low Income,0,0.0009,0.1398,Low Interest
567161,729615,1500,1500,1500,36,0.13,50.71,C,C1,2 years,RENT,54600,Source Verified,08-01-2010,Fully Paid,n,other,028xx,RI,1.14,0,11-01-1998,2,79,21,4,1,1149,0.766,7,f,0,0,1825.71,1825.71,1500,325.71,0,0,0,09-01-2013,54.72,03-01-2016,2010,High Risk,Low Income,0,0.0009,0.1323,Low Interest
644418,824620,1500,1500,1450,36,0.14,51.07,C,C5,2 years,RENT,30996,Verified,01-01-2011,Charged Off,n,other,840xx,UT,11.85,1,04-01-2005,0,23,69,6,1,2822,0.763,13,f,0,0,1173,1133.9,885.38,287.62,0,0,0,12-01-2012,51.07,05-01-2016,2011,High Risk,Low Income,1,0.0016,0.1372,Low Interest
713509,906748,1500,1500,1500,36,0.14,51.4,C,C5,10+ years,RENT,54000,Source Verified,03-01-2011,Fully Paid,n,debt_consolidation,322xx,FL,12.42,0,10-01-2003,3,76,118,12,1,5262,0.94,13,f,0,0,1685.24,1685.24,1500,185.24,0,0,0,04-01-2012,1122.29,05-01-2016,2011,High Risk,Low Income,0,0.001,0.1417,Low Interest
891536,1108332,1500,1500,1500,36,0.19,55.01,E,E2,2 years,RENT,64000,Not Verified,09-01-2011,Fully Paid,n,debt_consolidation,028xx,RI,16.76,0,11-01-1997,2,43,88,29,1,6637,0.763,49,f,0,0,1979.35,1979.35,1500,479.35,0,0,0,09-01-2014,112.77,04-01-2016,2011,High Risk,Low Income,0,0.0009,0.1903,Low Interest
371908,390269,1600,1600,1349.1,36,0.12,53.31,B,B5,1 year,RENT,69000,Not Verified,01-01-2009,Charged Off,n,debt_consolidation,913xx,CA,18.14,1,08-01-1994,3,12,49,8,1,4658,0.443,18,f,0,0,1063.4,878.74,814.6,248.8,0,0,0,09-01-2010,53.31,05-01-2016,2009,High Risk,Low Income,1,0.0008,0.1221,Low Interest
528528,683540,1600,1600,1600,60,0.16,38.56,D,D3,10+ years,OWN,110000,Source Verified,06-01-2010,Fully Paid,n,debt_consolidation,080xx,NJ,5.41,0,09-01-1999,2,58,116,12,1,3163,0.126,27,f,0,0,2312.95,2312.95,1600,712.95,0,0,0,06-01-2015,39.54,06-01-2015,2010,High Risk,Low Income,0,0.0004,0.1558,Low Interest
979157,1202259,1600,1600,1600,60,0.2,42.66,E,E5,2 years,RENT,18000,Not Verified,10-01-2011,Fully Paid,n,other,449xx,OH,0,0,02-01-1998,1,34,33,2,1,0,0,8,f,0,0,2242.07,2242.07,1600,642.07,0,0,0,02-01-2014,1092.8,02-01-2014,2011,High Risk,Low Income,0,0.0024,0.203,Low Interest
231540,231171,1800,1800,1174.2,36,0.11,59.28,C,C3,1 year,RENT,73000,Not Verified,01-01-2008,Fully Paid,n,other,891xx,NV,21.01,0,12-01-2000,0,0,0,9,0,23882,0.898,25,f,0,0,2134.07,1380.13,1799.99,334.08,0,0,0,02-01-2011,62.63,01-01-2011,2008,High Risk,Low Income,0,0.0008,0.1141,Low Interest
458679,571111,1800,1800,1800,36,0.13,60.24,B,B5,< 1 year,RENT,39240,Not Verified,11-01-2009,Fully Paid,n,medical,631xx,MO,11.9,0,08-01-1995,3,38,73,6,1,2496,0.567,19,f,0,0,2168.62,2168.62,1800,368.62,0,0,0,11-01-2012,65.05,11-01-2012,2009,High Risk,Low Income,0,0.0015,0.1253,Low Interest
783810,986961,1800,1800,1800,36,0.12,59.78,B,B5,5 years,RENT,33195,Not Verified,06-01-2011,Fully Paid,n,debt_consolidation,604xx,IL,12.07,0,01-01-1988,0,38,98,3,1,3089,0.883,11,f,0,0,2117.74,2117.74,1800,317.74,0,0,0,09-01-2013,613.39,05-01-2016,2011,High Risk,Low Income,0,0.0018,0.1199,Low Interest
1045034,1275430,1800,1800,1800,36,0.12,59.54,B,B3,10+ years,RENT,49000,Not Verified,11-01-2011,Fully Paid,n,medical,493xx,MI,15.33,0,09-01-1997,1,59,96,5,1,4426,0.422,16,f,0,0,2143.3,2143.3,1800,343.3,0,0,0,12-01-2014,64.17,07-01-2015,2011,High Risk,Low Income,0,0.0012,0.1171,Low Interest
220023,219944,1850,1850,1575,36,0.07,57.23,A,A1,4 years,RENT,35000,Not Verified,01-01-2008,Fully Paid,n,other,523xx,IA,11.59,0,09-01-1991,0,0,0,9,0,6035,0.19,47,f,0,0,2053.05,1747.86,1850,203.05,0,0,0,09-01-2010,3.53,08-01-2010,2008,High Risk,Low Income,0,0.0016,0.0712,Low Interest
785834,989177,1900,1900,1900,36,0.13,64.47,C,C2,7 years,RENT,19392,Not Verified,06-01-2011,Fully Paid,n,debt_consolidation,231xx,VA,2.66,0,12-01-1999,0,52,115,3,1,1499,0.833,21,f,0,0,2039.16,2039.16,1900,139.16,0,0,0,02-01-2012,1654.65,05-01-2016,2011,High Risk,Low Income,0,0.0033,0.1349,Low Interest
1029273,1258631,1925,1925,1925,36,0.1,62.04,B,B1,7 years,OWN,69600,Not Verified,11-01-2011,Fully Paid,n,other,980xx,WA,4.79,0,08-01-1995,2,33,115,5,1,13846,0.243,13,f,0,0,2000.67,2000.67,1925,75.67,0,0,0,05-01-2012,1753.89,09-01-2012,2011,High Risk,Low Income,0,0.0009,0.0991,Low Interest
120374,119635,2000,2000,475,36,0.09,63.32,B,B1,< 1 year,RENT,70000,Not Verified,08-01-2007,Fully Paid,n,credit_card,100xx,NY,6.07,0,08-01-2000,1,24,0,13,0,5967,0.198,17,f,0,0,2279.43,541.36,2000,279.43,0,0,0,08-01-2010,64.27,08-01-2010,2007,High Risk,Low Income,0,0.0009,0.087,Low Interest
190811,178126,2000,2000,1861.1,36,0.08,62.45,A,A3,10+ years,RENT,24000,Not Verified,12-01-2007,Charged Off,n,moving,285xx,NC,2.4,0,09-01-2001,1,0,0,5,0,949,0.558,8,f,0,0,1111.46,1041.37,886.3,174.5,0,50.66,0.63,06-01-2009,62.45,05-01-2016,2007,High Risk,Low Income,1,0.0026,0.0775,Low Interest
199889,199865,2000,2000,300,36,0.13,67.68,D,D4,2 years,RENT,18000,Not Verified,01-01-2008,Fully Paid,n,debt_consolidation,782xx,TX,22,1,12-01-2003,3,9,0,11,0,1042,0.372,16,f,0,0,2390.72,358.61,2000,390.72,0,0,0,08-01-2010,77.64,07-01-2014,2008,High Risk,Low Income,0,0.0038,0.133,Low Interest
201285,197188,2000,2000,1535.7,36,0.09,63.79,B,B1,5 years,MORTGAGE,24000,Not Verified,01-01-2008,Fully Paid,n,major_purchase,530xx,WI,18.65,1,07-01-1998,2,16,0,8,0,597,0.142,21,f,0,0,2296.26,1761.79,2000,296.27,0,0,0,01-01-2011,75.48,11-01-2013,2008,High Risk,Low Income,0,0.0027,0.092,Low Interest
206839,205197,2000,2000,1250,36,0.07,62.15,A,A2,< 1 year,MORTGAGE,67992,Not Verified,01-01-2008,Fully Paid,n,other,294xx,SC,9.99,1,07-01-1985,1,15,0,10,0,2475,0.054,32,f,0,0,2192.73,1370.46,2000,192.73,0,0,0,10-01-2009,953.47,04-01-2016,2008,High Risk,Low Income,0,0.0009,0.0743,Low Interest
209392,209350,2000,2000,1000,36,0.08,63.03,A,A5,4 years,RENT,35064,Not Verified,01-01-2008,Fully Paid,n,major_purchase,558xx,MN,18.96,0,01-01-2002,0,0,0,9,0,4922,0.306,13,f,0,0,2268.43,1134.21,2000,268.43,0,0,0,01-01-2011,8.63,01-01-2011,2008,High Risk,Low Income,0,0.0018,0.0838,Low Interest
238612,238594,2000,2000,1925,36,0.08,62.74,A,A4,< 1 year,RENT,30000,Not Verified,01-01-2008,Fully Paid,n,credit_card,145xx,NY,3.68,0,12-01-2000,0,0,0,2,0,3953,0.159,2,f,0,0,2240.04,2156.04,2000,240.04,0,0,0,06-01-2010,8.75,06-01-2010,2008,High Risk,Low Income,0,0.0021,0.0807,Low Interest
273445,273364,2000,2000,1800,36,0.07,62.1,A,A1,10+ years,OWN,35000,Not Verified,03-01-2008,Fully Paid,n,vacation,951xx,CA,0.86,0,11-01-1976,0,0,0,6,0,324,0.002,14,f,0,0,2012.48,1811.24,2000,12.48,0,0,0,04-01-2008,2012.6,05-01-2010,2008,High Risk,Low Income,0,0.0018,0.0737,Low Interest
367108,378981,2000,2000,1800.1,36,0.13,67.24,C,C2,3 years,RENT,70000,Not Verified,01-01-2009,Fully Paid,n,debt_consolidation,904xx,CA,11.97,0,12-01-1988,1,56,74,8,1,11260,0.699,17,f,0,0,2420.56,2158.46,2000,420.56,0,0,0,01-01-2012,68.77,01-01-2012,2009,High Risk,Low Income,0,0.001,0.1284,Low Interest
534009,690234,2000,2000,2000,36,0.11,65.95,B,B4,10+ years,OWN,56000,Not Verified,06-01-2010,Charged Off,n,small_business,060xx,CT,13.26,0,06-01-1978,2,65,103,14,1,18136,0.847,23,f,0,0,1620.51,1620.51,1217.74,328.64,29.9,44.23,0.63,09-01-2012,66,12-01-2012,2010,High Risk,Low Income,1,0.0012,0.1149,Low Interest
534278,690520,2000,2000,2000,36,0.11,65.95,B,B4,3 years,RENT,50000,Verified,06-01-2010,Fully Paid,n,major_purchase,605xx,IL,6.5,1,04-01-1997,3,22,21,5,1,988,0.043,15,f,0,0,2373.96,2373.96,2000,373.96,0,0,0,07-01-2013,71.61,09-01-2014,2010,High Risk,Low Income,0,0.0013,0.1149,Low Interest
590776,758827,2000,2000,2000,36,0.14,67.98,C,C2,1 year,RENT,26400,Not Verified,10-01-2010,Fully Paid,n,debt_consolidation,314xx,GA,3.95,0,09-01-1998,1,68,90,3,1,1231,0.316,18,f,0,0,2447.37,2447.37,2000,447.37,0,0,0,10-01-2013,82.94,10-01-2013,2010,High Risk,Low Income,0,0.0026,0.1361,Low Interest
642155,821961,2000,2000,2000,36,0.07,61.68,A,A5,10+ years,RENT,35417,Not Verified,01-01-2011,Fully Paid,n,home_improvement,114xx,NY,20.3,0,03-01-1986,0,31,87,9,1,9866,0.514,16,f,0,0,2142.41,2142.41,2000,142.41,0,0,0,09-01-2012,34.17,04-01-2016,2011,High Risk,Low Income,0,0.0017,0.0691,Low Interest
659157,839225,2000,2000,2000,36,0.13,67.81,C,C3,10+ years,RENT,75000,Not Verified,01-01-2011,Fully Paid,n,other,980xx,WA,10.59,0,10-01-2002,1,89,70,10,1,3420,0.95,21,f,0,0,2442.88,2442.88,2000,442.88,0,0,0,02-01-2014,189.08,12-01-2015,2011,High Risk,Low Income,0,0.0009,0.1343,Low Interest
697262,888515,2000,2000,2000,36,0.1,64.89,B,B3,10+ years,MORTGAGE,35000,Source Verified,03-01-2011,Fully Paid,n,home_improvement,559xx,MN,18.1,1,10-01-1985,0,18,95,11,1,5608,0.876,27,f,0,0,2335.72,2335.72,2000,335.72,0,0,0,03-01-2014,66.06,05-01-2016,2011,High Risk,Low Income,0,0.0019,0.1037,Low Interest
785197,988471,2000,2000,2000,36,0.18,72.7,E,E2,10+ years,MORTGAGE,72000,Not Verified,06-01-2011,Charged Off,n,other,216xx,MD,15.62,0,12-01-1998,0,66,37,6,1,4766,0.993,14,f,0,0,708.1,708.1,401.34,251.07,0,55.69,0.57,04-01-2012,72.7,08-01-2012,2011,High Risk,Low Income,1,0.001,0.1839,Low Interest
787570,991125,2000,2000,2000,36,0.15,69.13,C,C4,6 years,RENT,67000,Source Verified,06-01-2011,Fully Paid,n,debt_consolidation,232xx,VA,15.92,0,11-01-2000,2,51,107,10,1,5720,0.908,24,f,0,0,2488.46,2488.46,2000,488.46,0,0,0,07-01-2014,73.98,04-01-2016,2011,High Risk,Low Income,0,0.001,0.1479,Low Interest
790040,994103,2000,2000,2000,36,0.15,69.56,C,C5,3 years,MORTGAGE,93000,Not Verified,06-01-2011,Fully Paid,n,vacation,200xx,DC,21.24,0,01-01-1997,2,63,78,13,1,25016,0.785,27,f,0,0,2405.73,2405.73,2000,405.73,0,0,0,04-01-2013,1022.93,04-01-2016,2011,High Risk,Low Income,0,0.0007,0.1523,Low Interest
791523,995838,2000,2000,2000,36,0.11,65.95,B,B4,10+ years,MORTGAGE,70000,Source Verified,06-01-2011,Fully Paid,n,major_purchase,401xx,KY,11.42,0,11-01-2000,0,53,107,5,1,0,0,23,f,0,0,2373.88,2373.88,2000,373.88,0,0,0,07-01-2014,70.21,07-01-2014,2011,High Risk,Low Income,0,0.0009,0.1149,Low Interest
814629,1022159,2000,2000,2000,36,0.12,66.42,B,B5,4 years,MORTGAGE,55000,Not Verified,07-01-2011,Charged Off,n,home_improvement,773xx,TX,18.92,1,11-01-1991,2,11,113,13,1,6568,0.295,23,f,0,0,2280.24,2280.24,1868.66,389,0,22.58,0.23,06-01-2014,66.42,11-01-2014,2011,High Risk,Low Income,1,0.0012,0.1199,Low Interest
879452,1094322,2000,2000,2000,36,0.15,69.6,C,C4,4 years,MORTGAGE,80000,Not Verified,09-01-2011,Fully Paid,n,debt_consolidation,605xx,IL,6.82,0,06-01-1999,3,42,98,7,1,3004,0.536,17,f,0,0,2505.39,2505.39,2000,505.39,0,0,0,09-01-2014,69.39,05-01-2016,2011,High Risk,Low Income,0,0.0009,0.1527,Low Interest
970313,1191970,2000,2000,2000,60,0.14,46.82,C,C2,4 years,RENT,32004,Not Verified,09-01-2011,Current,n,other,952xx,CA,19.31,1,02-01-2000,0,20,115,16,1,7027,0.682,32,f,228,228,2570.96,2570.96,1771.51,799.45,0,0,0,05-01-2016,46.82,05-01-2016,2011,High Risk,Low Income,0,0.0015,0.1427,Low Interest
991279,1215447,2000,2000,2000,36,0.15,68.99,C,C3,3 years,RENT,31200,Not Verified,10-01-2011,Fully Paid,n,other,136xx,NY,7.19,1,09-01-1990,1,9,90,5,1,402,0.268,13,f,0,0,2483.57,2483.57,2000,483.57,0,0,0,11-01-2014,72.61,10-01-2014,2011,High Risk,Low Income,0,0.0022,0.1465,Low Interest
130986,130983,2100,2100,1825,36,0.07,64.96,A,A1,< 1 year,RENT,110000,Not Verified,10-01-2007,Fully Paid,n,debt_consolidation,024xx,MA,0.22,0,05-01-1963,0,0,0,4,0,50,0.003,6,f,0,0,2338.45,2032.22,2100,238.45,0,0,0,10-01-2010,69.15,12-01-2010,2007,High Risk,Low Income,0,0.0006,0.0712,Low Interest
137271,136588,2100,2100,1100,36,0.12,70.25,D,D3,< 1 year,RENT,12500,Not Verified,10-01-2007,Charged Off,n,debt_consolidation,287xx,NC,14.4,0,09-01-2003,1,0,0,3,0,458,0.916,3,f,0,0,2313.97,1211.82,400.45,160.03,0,1753.49,613.6,06-01-2008,70.25,05-01-2016,2007,High Risk,Low Income,1,0.0056,0.1249,Low Interest
207148,207023,2100,2100,1075,36,0.08,66.18,A,A5,1 year,OWN,19800,Not Verified,01-01-2008,Fully Paid,n,other,705xx,LA,2.36,0,02-01-1992,1,0,0,3,0,1489,0.62,4,f,0,0,2382.28,1219.5,2100,282.28,0,0,0,01-01-2011,73,04-01-2016,2008,High Risk,Low Income,0,0.0033,0.0838,Low Interest
454192,562203,2100,2100,2100,36,0.13,70.28,B,B5,9 years,MORTGAGE,68000,Not Verified,11-01-2009,Fully Paid,n,debt_consolidation,301xx,GA,8.33,0,12-01-1994,3,39,56,9,1,11023,0.72,27,f,0,0,2530.05,2530.05,2100,430.05,0,0,0,11-01-2012,74.79,12-01-2014,2009,High Risk,Low Income,0,0.001,0.1253,Low Interest
670357,857007,2100,2100,2100,36,0.13,70.82,C,C2,4 years,MORTGAGE,72000,Not Verified,02-01-2011,Fully Paid,n,car,786xx,TX,15.42,1,12-01-1996,1,7,107,9,1,8600,0.748,20,f,0,0,2522.75,2522.75,2100,422.75,0,0,0,06-01-2013,612,05-01-2016,2011,High Risk,Low Income,0,0.001,0.1306,Low Interest
833632,1001853,2100,2100,2100,36,0.1,67.76,B,B1,6 years,MORTGAGE,54000,Not Verified,08-01-2011,Fully Paid,n,other,450xx,OH,8.89,0,10-01-1993,1,68,61,13,1,10002,0.369,22,f,0,0,2438.99,2438.99,2100,338.99,0,0,0,08-01-2014,71.17,08-01-2014,2011,High Risk,Low Income,0,0.0013,0.0999,Low Interest
127472,127460,2125,2125,550,36,0.15,73.68,F,F1,< 1 year,MORTGAGE,96000,Not Verified,09-01-2007,Charged Off,n,small_business,282xx,NC,16.89,0,07-01-1996,0,46,0,5,0,51,0,9,f,0,0,2580.25,666.85,943.58,382.27,0,1254.4,444.25,03-01-2009,73.68,05-01-2016,2007,High Risk,Low Income,1,0.0008,0.1501,Low Interest
218343,218321,2150,2150,1575,36,0.11,70.17,C,C1,10+ years,MORTGAGE,11029,Not Verified,01-01-2008,Charged Off,n,wedding,130xx,NY,19.15,0,06-01-2001,2,0,111,4,1,1,0.002,8,f,0,0,1517.66,1111.19,1165.84,303.65,0,48.17,0.62,11-01-2009,140.34,03-01-2010,2008,High Risk,Low Income,1,0.0064,0.1078,Low Interest
211126,211085,2200,2200,1075,36,0.12,72.78,C,C4,6 years,RENT,39270,Not Verified,01-01-2008,Fully Paid,n,other,146xx,NY,17.2,1,02-01-2004,0,12,0,4,0,4863,0.695,6,f,0,0,2558.35,1250.11,2200,358.35,0,0,0,12-01-2009,959.43,02-01-2010,2008,High Risk,Low Income,0,0.0019,0.1172,Low Interest
869761,1083734,2200,2200,2200,36,0.07,68.43,A,A4,10+ years,MORTGAGE,45000,Not Verified,09-01-2011,Charged Off,n,credit_card,923xx,CA,10.98,0,05-01-1995,0,61,111,9,1,6434,0.328,15,f,0,0,1119.38,1119.38,866.43,176.97,0,75.98,0.83,01-01-2013,90.86,06-01-2013,2011,High Risk,Low Income,1,0.0015,0.0749,Low Interest
140561,140555,2225,2225,225,36,0.11,72.42,C,C2,2 years,RENT,60000,Not Verified,10-01-2007,Charged Off,n,moving,921xx,CA,8.14,0,08-01-1994,1,0,0,9,0,20511,0.62,9,f,0,0,520.03,52.38,323.55,110.68,0,85.8,0.86,05-01-2008,72.42,01-01-2009,2007,High Risk,Low Income,1,0.0012,0.1059,Low Interest
207910,183496,2225,2225,1225,36,0.07,69.14,A,A2,< 1 year,MORTGAGE,120000,Not Verified,01-01-2008,Charged Off,n,car,327xx,FL,7.67,0,07-01-1991,1,0,0,9,0,21521,0.295,20,f,0,0,2507.5,1378.81,1628.1,226.75,0,652.65,231.31,02-01-2010,69.14,05-01-2016,2008,High Risk,Low Income,1,0.0006,0.0743,Low Interest
527764,682627,2250,2250,2171.5,36,0.1,73.01,B,B1,4 years,RENT,42000,Verified,06-01-2010,Fully Paid,n,credit_card,900xx,CA,23.97,0,09-01-1995,0,63,74,10,1,3038,0.373,19,f,0,0,2468.84,2373.23,2250,218.84,0,0,0,08-01-2011,1294.36,04-01-2015,2010,High Risk,Low Income,0,0.0017,0.1038,Low Interest
632430,810176,2275,2275,2275,36,0.06,69.39,A,A3,10+ years,MORTGAGE,32000,Source Verified,12-01-2010,Fully Paid,n,car,152xx,PA,10.46,0,08-01-1993,1,62,92,8,1,1839,0.176,19,f,0,0,2498.17,2498.17,2275,223.17,0,0,0,01-01-2014,73.05,12-01-2013,2010,High Risk,Low Income,0,0.0022,0.0617,Low Interest
68926,264924,2300,2300,589.6,36,0.13,77.69,D,D2,10+ years,RENT,37152,Verified,08-01-2008,Fully Paid,n,moving,088xx,NJ,2.26,0,12-01-1997,0,46,0,4,0,2211,0.884,13,f,0,0,2796.6,643.5,2300,496.6,0,0,0,09-01-2011,77.78,05-01-2016,2008,High Risk,Low Income,0,0.0021,0.1317,Low Interest
175147,175123,2400,2400,1895.3,36,0.14,81.74,E,E2,7 years,RENT,47000,Not Verified,12-01-2007,Fully Paid,n,other,086xx,NJ,24.08,0,03-01-2000,1,61,0,17,0,11675,0.758,29,f,0,0,2942.43,2319.43,2400,542.43,0,0,0,12-01-2010,85.43,05-01-2016,2007,High Risk,Low Income,0,0.0017,0.1375,Low Interest
348761,156043,2400,2400,589.3,36,0.11,78.25,B,B5,4 years,MORTGAGE,36000,Verified,06-01-2008,Fully Paid,n,credit_card,765xx,TX,15.2,1,02-01-2000,3,7,73,12,1,2823,0.332,17,f,0,0,2816.73,612.97,2399.99,416.74,0,0,0,06-01-2011,78.3,02-01-2016,2008,High Risk,Low Income,0,0.0022,0.1071,Low Interest
363281,373139,2400,2400,1225,36,0.15,83.12,E,E1,10+ years,MORTGAGE,41760,Not Verified,11-01-2008,Charged Off,n,debt_consolidation,320xx,FL,21.55,0,11-01-1993,0,42,55,6,1,4332,0.985,23,f,0,0,2605.8,1328.13,1985.27,601.96,0,18.57,0.44,12-01-2011,167.5,12-01-2011,2008,High Risk,Low Income,1,0.002,0.1493,Low Interest
386450,418726,2400,2400,2400,36,0.13,81.05,C,C3,5 years,RENT,77700,Not Verified,03-01-2009,Fully Paid,n,educational,223xx,VA,19.1,0,05-01-1999,2,55,57,21,1,5396,0.231,36,f,0,0,2571.38,2571.38,2400,171.38,0,0,0,11-01-2009,2086.11,10-01-2012,2009,High Risk,Low Income,0,0.001,0.1316,Low Interest
468994,591130,2400,2400,2398.9,36,0.14,82.34,C,C5,< 1 year,RENT,28800,Not Verified,12-01-2009,Charged Off,n,debt_consolidation,064xx,CT,19.13,0,08-01-1995,0,35,104,7,1,2041,0.704,14,f,0,0,2241.2,2239.5,1696.63,520.34,0,24.23,0.44,04-01-2012,82.34,08-01-2012,2009,High Risk,Low Income,1,0.0029,0.1426,Low Interest
642432,822282,2400,2400,2400,36,0.14,81.71,C,C5,4 years,MORTGAGE,95000,Source Verified,01-01-2011,Fully Paid,n,debt_consolidation,704xx,LA,8.54,0,05-01-2001,1,27,97,5,1,806,0.806,15,f,0,0,2990.65,2990.65,2400,545.65,45,0,0,02-01-2014,6.4,02-01-2014,2011,High Risk,Low Income,0,0.0009,0.1372,Low Interest
721384,915947,2400,2400,2400,36,0.13,80.94,C,C2,6 years,MORTGAGE,30000,Source Verified,04-01-2011,Fully Paid,n,other,577xx,SD,9.04,0,09-01-1997,2,56,113,6,1,2092,0.291,22,f,0,0,2826.59,2826.59,2400,426.59,0,0,0,02-01-2013,1130.83,09-01-2015,2011,High Risk,Low Income,0,0.0027,0.1306,Low Interest
807326,1013888,2400,2400,2400,36,0.11,79.14,B,B4,6 years,RENT,60000,Not Verified,07-01-2011,Fully Paid,n,debt_consolidation,190xx,PA,5.74,0,05-01-2000,0,67,62,5,1,2462,0.218,17,f,0,0,2751.79,2751.79,2400,351.79,0,0,0,03-01-2013,1252.31,05-01-2016,2011,High Risk,Low Income,0,0.0013,0.1149,Low Interest
1062384,1294244,2400,2400,2400,36,0.13,80.51,B,B5,4 years,MORTGAGE,59393,Source Verified,12-01-2011,Fully Paid,n,medical,972xx,OR,13.7,0,08-01-1997,1,50,45,12,1,3265,0.441,18,f,0,0,2853.5,2853.5,2400,453.5,0,0,0,02-01-2014,845,05-01-2016,2011,High Risk,Low Income,0,0.0014,0.1269,Low Interest
213846,208394,2450,2450,875,36,0.11,79.96,C,C1,< 1 year,MORTGAGE,38000,Not Verified,01-01-2008,Fully Paid,n,other,330xx,FL,14.84,0,09-01-1996,0,27,0,10,0,9973,0.338,28,f,0,0,2493.66,890.68,2450,43.66,0,0,0,03-01-2008,2414.08,11-01-2010,2008,High Risk,Low Income,0,0.0021,0.1078,Low Interest
92187,92174,2500,2500,1075,36,0.08,78.42,A,A4,4 years,MORTGAGE,110000,Not Verified,07-01-2007,Fully Paid,n,home_improvement,802xx,CO,11.33,0,11-01-1990,0,0,0,13,0,7274,0.131,40,f,0,0,2822.97,1213.88,2500,322.97,0,0,0,07-01-2010,80.9,06-01-2010,2007,High Risk,Low Income,0,0.0007,0.0807,Low Interest
118533,117783,2500,2500,825,36,0.1,80.26,B,B4,< 1 year,MORTGAGE,75000,Not Verified,08-01-2007,Charged Off,n,home_improvement,685xx,NE,20,0,02-01-1994,3,0,0,9,0,269,0.038,35,f,0,0,2086.63,688.35,1730.83,354.44,1.36,0,0,03-01-2010,1.4,05-01-2016,2007,High Risk,Low Income,1,0.0011,0.0964,Low Interest
118823,118026,2500,2500,675,36,0.13,84,D,D4,< 1 year,MORTGAGE,32000,Not Verified,08-01-2007,Charged Off,n,home_improvement,685xx,NE,20,0,07-01-1992,1,0,0,11,0,3408,0.351,32,f,0,0,2220.61,599.28,1706.01,477.21,1.69,35.7,0.38,03-01-2010,1.76,05-01-2016,2007,High Risk,Low Income,1,0.0026,0.128,Low Interest
198952,198937,2500,2500,550,36,0.07,77.69,A,A2,10+ years,MORTGAGE,522000,Not Verified,01-01-2008,Fully Paid,n,other,281xx,NC,2.45,1,11-01-1990,5,15,0,13,0,141287,0.094,44,f,0,0,2573.53,566.18,2500,73.53,0,0,0,06-01-2008,2263.15,08-01-2008,2008,High Risk,Low Income,0,0.0001,0.0743,Low Interest
219425,219409,2500,2500,1200,36,0.12,82.71,C,C4,1 year,RENT,62000,Not Verified,01-01-2008,Charged Off,n,debt_consolidation,114xx,NY,19.29,0,03-01-1996,3,70,0,31,0,7180,0.344,37,f,0,0,2041.95,978.71,1546.41,419.24,59.89,16.41,5.83,02-01-2010,82.71,04-01-2016,2008,High Risk,Low Income,1,0.0013,0.1172,Low Interest
230545,230528,2500,2500,1412.2,36,0.11,81.59,C,C1,< 1 year,MORTGAGE,107000,Not Verified,01-01-2008,Fully Paid,n,credit_card,275xx,NC,16.37,0,10-01-1980,1,28,0,11,0,16164,0.8,46,f,0,0,2958.62,1653.06,2500,458.62,0,0,0,12-01-2010,189.02,01-01-2011,2008,High Risk,Low Income,0,0.0008,0.1078,Low Interest
233978,233903,2500,2500,2359.4,36,0.08,78.78,A,A5,< 1 year,OWN,31000,Not Verified,01-01-2008,Fully Paid,n,debt_consolidation,720xx,AR,10.61,0,08-01-1988,1,41,0,10,0,2773,0.108,15,f,0,0,2836.08,2675.48,2500,336.08,0,0,0,02-01-2011,81.37,05-01-2016,2008,High Risk,Low Income,0,0.0025,0.0838,Low Interest
245846,243149,2500,2500,2450,36,0.1,80.39,B,B2,< 1 year,RENT,22000,Not Verified,02-01-2008,Fully Paid,n,other,303xx,GA,22.25,0,06-01-2001,1,0,0,7,0,2574,0.105,13,f,0,0,2893.9,2836.02,2500,393.9,0,0,0,02-01-2011,87.09,02-01-2011,2008,High Risk,Low Income,0,0.0037,0.0976,Low Interest
252973,252964,2500,2500,1450,36,0.1,80.39,B,B2,3 years,RENT,36000,Not Verified,02-01-2008,Fully Paid,n,other,201xx,VA,0.5,0,07-01-2003,0,0,0,3,0,11794,0.593,9,f,0,0,2863.91,1661.07,2500,363.91,0,0,0,06-01-2010,5.82,06-01-2010,2008,High Risk,Low Income,0,0.0022,0.0976,Low Interest
411755,462967,2500,2500,2450,36,0.13,84.05,C,C2,2 years,RENT,29000,Not Verified,06-01-2009,Charged Off,n,house,974xx,OR,17.17,0,05-01-2001,0,31,81,6,1,1687,0.392,11,f,0,0,275.14,269.64,115.14,52.86,0,107.14,1.02,08-01-2009,84.05,02-01-2010,2009,High Risk,Low Income,1,0.0029,0.1284,Low Interest
457386,568549,2500,2500,2490,36,0.19,91.37,F,F3,< 1 year,RENT,65000,Not Verified,11-01-2009,Fully Paid,n,small_business,554xx,MN,2.79,1,08-01-1999,2,19,27,4,1,2601,0.406,7,f,0,0,3288.95,3273.48,2500,788.95,0,0,0,11-01-2012,96.14,05-01-2016,2009,High Risk,Low Income,0,0.0014,0.1878,Low Interest
462705,579003,2500,2500,2500,36,0.15,86.19,D,D1,9 years,MORTGAGE,65000,Not Verified,11-01-2009,Fully Paid,n,credit_card,577xx,SD,15.23,0,12-01-1998,2,42,76,8,1,4763,0.781,17,f,0,0,3102.74,3102.74,2500,602.74,0,0,0,12-01-2012,90.62,02-01-2014,2009,High Risk,Low Income,0,0.0013,0.1461,Low Interest
471580,595401,2500,2500,2475,36,0.12,82.84,B,B3,5 years,OWN,184000,Not Verified,12-01-2009,Fully Paid,n,home_improvement,217xx,MD,8.45,1,12-01-1995,0,13,51,6,3,399,0.399,19,f,0,0,2970.2,2940.5,2500,470.2,0,0,0,09-01-2012,28.87,01-01-2015,2009,High Risk,Low Income,0,0.0005,0.1183,Low Interest
500915,643585,2500,2500,2500,36,0.08,77.78,A,A4,3 years,MORTGAGE,50000,Not Verified,04-01-2010,Fully Paid,n,home_improvement,451xx,OH,4.82,0,12-01-1995,0,73,95,6,1,8638,0.72,17,f,0,0,2661.47,2661.47,2500,161.47,0,0,0,04-01-2011,1809.15,05-01-2016,2010,High Risk,Low Income,0,0.0016,0.0751,Low Interest
540772,698130,2500,2500,2500,36,0.14,84.98,C,C2,2 years,OWN,32868,Not Verified,07-01-2010,Fully Paid,n,medical,201xx,VA,20.52,0,10-01-1992,0,25,80,4,1,665,0.155,7,f,0,0,3059.03,3059.03,2500,559.03,0,0,0,07-01-2013,92.27,07-01-2013,2010,High Risk,Low Income,0,0.0026,0.1361,Low Interest
558955,719523,2500,2500,2500,36,0.1,81.12,B,B1,4 years,MORTGAGE,85000,Not Verified,08-01-2010,Fully Paid,n,home_improvement,130xx,NY,16.42,0,12-01-1993,3,31,94,10,1,5263,0.31,23,f,0,0,2916.27,2916.27,2500,416.27,0,0,0,05-01-2013,323.49,05-01-2013,2010,High Risk,Low Income,0,0.001,0.1038,Low Interest
559838,720626,2500,2500,2500,36,0.13,84.52,C,C1,10+ years,MORTGAGE,67200,Not Verified,08-01-2010,Charged Off,n,major_purchase,067xx,CT,19.63,0,03-01-1995,1,35,103,5,1,6715,0.584,16,f,0,0,1815.17,1815.17,1335.58,438.89,0,40.7,0.42,06-01-2012,84.52,10-01-2012,2010,High Risk,Low Income,1,0.0013,0.1323,Low Interest
599773,769845,2500,2500,2500,36,0.13,84.66,C,C4,4 years,RENT,48000,Not Verified,10-01-2010,Fully Paid,n,vacation,212xx,MD,11.97,0,03-01-1992,1,27,13,10,1,1091,0.051,40,f,0,0,3047.99,3047.99,2500,547.99,0,0,0,11-01-2013,95.4,05-01-2016,2010,High Risk,Low Income,0,0.0018,0.1335,Low Interest
737076,934175,2500,2500,2500,36,0.1,81.11,B,B3,6 years,RENT,26568,Not Verified,05-01-2011,Fully Paid,n,debt_consolidation,928xx,CA,22.31,0,12-01-1999,0,32,95,5,1,1537,0.53,13,f,0,0,2768,2768,2500,268,0,0,0,08-01-2012,1634.05,05-01-2016,2011,High Risk,Low Income,0,0.0031,0.1037,Low Interest
751583,951035,2500,2500,2500,36,0.1,80.66,B,B1,2 years,MORTGAGE,40000,Not Verified,05-01-2011,Fully Paid,n,debt_consolidation,432xx,OH,12.69,1,05-01-2002,0,23,117,6,1,6487,0.737,12,f,0,0,2836.39,2836.39,2500,336.39,0,0,0,03-01-2013,1148.33,08-01-2014,2011,High Risk,Low Income,0,0.002,0.0999,Low Interest
775876,978166,2500,2500,2500,36,0.1,80.66,B,B1,6 years,OWN,12000,Source Verified,06-01-2011,Fully Paid,n,home_improvement,296xx,SC,7.8,0,01-01-1994,1,71,118,6,1,2269,0.516,17,f,0,0,2798.95,2798.95,2500,298.95,0,0,0,04-01-2013,316.86,04-01-2016,2011,High Risk,Low Income,0,0.0067,0.0999,Low Interest
826973,1035892,2500,2500,2500,36,0.11,82.43,B,B4,2 years,MORTGAGE,80000,Not Verified,07-01-2011,Fully Paid,n,debt_consolidation,641xx,MO,22.5,1,04-01-1992,0,15,109,7,1,13352,0.781,12,f,0,0,2749.08,2749.08,2500,249.08,0,0,0,08-01-2012,1846.19,03-01-2014,2011,High Risk,Low Income,0,0.001,0.1149,Low Interest
877565,1092322,2500,2500,2500,36,0.1,80.66,B,B1,6 years,RENT,53000,Not Verified,09-01-2011,Fully Paid,n,other,195xx,PA,14.49,0,07-01-1993,1,62,91,8,1,11158,0.407,24,f,0,0,2903.61,2903.61,2500,403.61,0,0,0,09-01-2014,88.99,05-01-2016,2011,High Risk,Low Income,0,0.0015,0.0999,Low Interest
973800,1195817,2500,2500,2500,36,0.12,82.69,B,B3,10+ years,MORTGAGE,48000,Not Verified,10-01-2011,Fully Paid,n,debt_consolidation,330xx,FL,2.4,1,07-01-1999,1,11,88,5,1,2251,0.212,13,f,0,0,2972.07,2972.07,2500,472.07,0,0,0,07-01-2014,333.89,04-01-2016,2011,High Risk,Low Income,0,0.0017,0.1171,Low Interest
1001516,1227313,2500,2500,2500,36,0.09,79.39,A,A5,2 years,RENT,31000,Not Verified,10-01-2011,Fully Paid,n,other,641xx,MO,22.49,0,06-01-1996,3,26,93,7,1,5883,0.39,40,f,0,0,2856.01,2856.01,2500,356.01,0,0,0,09-01-2014,240.25,09-01-2014,2011,High Risk,Low Income,0,0.0026,0.089,Low Interest
1015919,1243612,2500,2500,2500,36,0.15,86.24,C,C3,10+ years,RENT,48000,Source Verified,11-01-2011,Fully Paid,n,debt_consolidation,028xx,RI,14.68,0,04-01-2004,1,75,76,7,1,2354,0.841,9,f,0,0,3119.45,3119.45,2500,604.45,15,0,0,01-01-2015,17.9,05-01-2016,2011,High Risk,Low Income,0,0.0018,0.1465,Low Interest
1017211,1245169,2500,2500,2500,36,0.12,82.69,B,B3,10+ years,MORTGAGE,67000,Source Verified,11-01-2011,Fully Paid,n,debt_consolidation,224xx,VA,17.3,0,01-01-1993,1,82,91,16,1,12798,0.699,41,f,0,0,2976.84,2976.84,2500,476.84,0,0,0,12-01-2014,90.27,04-01-2016,2011,High Risk,Low Income,0,0.0012,0.1171,Low Interest
134436,134417,2525,2525,1000,36,0.13,85.23,D,D5,< 1 year,MORTGAGE,40000,Not Verified,10-01-2007,Fully Paid,n,home_improvement,846xx,UT,20.67,1,05-01-1993,3,23,0,13,0,17641,0.305,24,f,0,0,3068.02,1215.06,2525,543.02,0,0,0,10-01-2010,89.89,08-01-2015,2007,High Risk,Low Income,0,0.0021,0.1312,Low Interest
243314,243302,2600,2600,2300,36,0.1,84,B,B3,1 year,RENT,28000,Not Verified,02-01-2008,Fully Paid,n,debt_consolidation,913xx,CA,14.57,0,03-01-2001,0,0,0,16,0,12979,0.31,19,f,0,0,2826.64,2500.49,2600,226.64,0,0,0,02-01-2009,1906.11,02-01-2009,2008,High Risk,Low Income,0,0.003,0.1008,Low Interest
844892,1055997,2600,2600,2600,60,0.2,69.25,F,F1,6 years,MORTGAGE,27800,Source Verified,08-01-2011,Fully Paid,n,debt_consolidation,212xx,MD,4.96,0,08-01-2001,3,25,72,7,1,2927,0.407,9,f,0,0,2730.39,2730.39,2600,130.39,0,0,0,11-01-2011,2592.45,05-01-2014,2011,High Risk,Low Income,0,0.0025,0.2025,Low Interest
824618,1033347,2650,2650,2400,36,0.07,82.42,A,A4,10+ years,MORTGAGE,47000,Not Verified,07-01-2011,Fully Paid,n,wedding,933xx,CA,6.13,0,06-01-1991,0,40,114,6,1,4431,0.498,14,f,0,0,2966.58,2686.71,2650,316.58,0,0,0,07-01-2014,175.34,01-01-2016,2011,High Risk,Low Income,0,0.0018,0.0749,Low Interest
197558,164764,2675,2675,177.7,36,0.08,83.92,A,A4,10+ years,RENT,40000,Not Verified,01-01-2008,Fully Paid,n,credit_card,440xx,OH,16.68,0,11-01-1988,0,54,0,11,0,19210,0.483,25,f,0,0,3020.76,197.62,2675,345.76,0,0,0,01-01-2011,84.87,01-01-2011,2008,High Risk,Low Income,0,0.0021,0.0807,Low Interest
106360,106333,2700,2700,550,36,0.16,94.88,F,F4,1 year,RENT,52200,Not Verified,07-01-2007,Fully Paid,n,debt_consolidation,021xx,MA,12.57,0,08-01-2003,1,0,0,12,0,3075,0.923,13,f,0,0,3415.39,695.73,2700,715.39,0,0,0,07-01-2010,96.4,07-01-2010,2007,High Risk,Low Income,0,0.0018,0.1596,Low Interest
251663,251660,2725,2725,2450,36,0.12,90.07,C,C3,2 years,RENT,52000,Not Verified,02-01-2008,Fully Paid,n,debt_consolidation,481xx,MI,14.45,0,12-01-2000,3,48,0,19,0,11788,0.247,32,f,0,0,2827.32,2542,2725,102.32,0,0,0,06-01-2008,2558.32,02-01-2008,2008,High Risk,Low Income,0,0.0017,0.1166,Low Interest
197019,197013,2750,2750,364.9,36,0.09,87.88,B,B3,4 years,MORTGAGE,112000,Not Verified,01-01-2008,Charged Off,n,other,207xx,MD,13.46,0,03-01-1991,2,57,78,7,1,27786,0.855,16,f,0,0,2092.44,283.96,1650.22,367.25,74.97,0,0,12-01-2009,100.22,05-01-2016,2008,High Risk,Low Income,1,0.0008,0.0933,Low Interest
777141,979592,2750,2750,2750,36,0.15,95.64,C,C5,10+ years,RENT,60000,Source Verified,06-01-2011,Fully Paid,n,debt_consolidation,554xx,MN,9.94,0,02-01-1999,2,30,110,4,1,626,0.329,10,f,0,0,2852.38,2852.38,2750,102.38,0,0,0,09-01-2011,2662.84,05-01-2016,2011,High Risk,Low Income,0,0.0016,0.1523,Low Interest
176062,176043,2800,2800,700,36,0.12,93.23,D,D2,7 years,MORTGAGE,45000,Not Verified,12-01-2007,Charged Off,n,wedding,146xx,NY,19.19,3,10-01-1995,1,8,0,3,0,88,0.44,17,f,0,0,931.5,232.6,678.15,253.35,0,0,0,10-01-2008,93.23,05-01-2016,2007,High Risk,Low Income,1,0.0021,0.1217,Low Interest
189379,179800,2800,2800,1100,36,0.07,87.01,A,A2,1 year,RENT,29376,Not Verified,12-01-2007,Fully Paid,n,moving,349xx,FL,3.96,0,03-01-1997,1,0,0,8,0,1773,0.05,15,f,0,0,2912.21,1144.08,2800,112.21,0,0,0,08-01-2008,2391.23,07-01-2008,2007,High Risk,Low Income,0,0.003,0.0743,Low Interest
463203,579817,2800,2800,2800,36,0.13,93.71,B,B5,< 1 year,MORTGAGE,48000,Not Verified,12-01-2009,Fully Paid,n,credit_card,352xx,AL,23.23,0,11-01-1996,1,74,75,9,1,30423,0.663,21,f,0,0,3300.68,3300.68,2800,500.68,0,0,0,12-01-2011,1150.23,11-01-2013,2009,High Risk,Low Income,0,0.002,0.1253,Low Interest
582892,749054,2800,2800,2800,36,0.14,95.17,C,C2,1 year,RENT,50000,Verified,09-01-2010,Fully Paid,n,debt_consolidation,701xx,LA,13.08,0,11-01-1997,2,42,109,8,1,7171,0.908,23,f,0,0,3033.45,3033.45,2800,233.45,0,0,0,06-01-2011,2370.34,05-01-2016,2010,High Risk,Low Income,0,0.0019,0.1361,Low Interest
619857,794465,2800,2800,2800,36,0.13,94.82,C,C4,3 years,RENT,42120,Not Verified,11-01-2010,Charged Off,n,moving,930xx,CA,15.04,2,02-01-2000,0,9,93,5,1,3266,0.68,16,f,0,0,2147.34,2147.34,1570.68,506.78,0,69.88,0.82,10-01-2012,94.82,03-01-2013,2010,High Risk,Low Income,1,0.0023,0.1335,Low Interest
813817,1021291,2800,2800,2800,36,0.13,95.01,C,C2,10+ years,MORTGAGE,55000,Verified,07-01-2011,Fully Paid,n,vacation,898xx,NV,8.97,0,02-01-1997,1,64,87,11,1,6268,0.55,25,f,0,0,3399.04,3399.04,2800,599.04,0,0,0,01-01-2014,657.83,04-01-2014,2011,High Risk,Low Income,0,0.0017,0.1349,Low Interest
854501,1066752,2800,2800,2775,36,0.11,91.13,B,B2,< 1 year,OWN,50000,Source Verified,08-01-2011,Fully Paid,n,house,441xx,OH,19.34,0,10-01-2001,2,36,80,12,1,10810,0.275,30,f,0,0,3258.9,3229.8,2800,458.9,0,0,0,02-01-2014,714.82,01-01-2014,2011,High Risk,Low Income,0,0.0018,0.1059,Low Interest
140687,139696,2825,2825,1700,36,0.1,90.68,B,B4,3 years,MORTGAGE,70000,Not Verified,10-01-2007,Fully Paid,n,small_business,371xx,TN,18,0,09-01-1997,2,0,0,11,0,55720,0.1,41,f,0,0,3264.4,1964.42,2825,439.4,0,0,0,11-01-2010,96.65,05-01-2016,2007,High Risk,Low Income,0,0.0013,0.0964,Low Interest
127353,127345,2850,2850,1050,36,0.12,94.47,D,D1,3 years,RENT,45000,Not Verified,09-01-2007,Fully Paid,n,other,100xx,NY,2.8,1,09-01-1992,0,4,0,5,0,2850,0.75,19,f,0,0,3381.65,1245.87,2850,531.65,0,0,0,04-01-2010,9.29,04-01-2010,2007,High Risk,Low Income,0,0.0021,0.1186,Low Interest
491747,628538,2875,2875,2875,36,0.15,99.09,D,D1,10+ years,MORTGAGE,79000,Not Verified,03-01-2010,Fully Paid,n,credit_card,060xx,CT,11.92,2,12-01-2000,0,8,87,9,1,7775,0.733,18,f,0,0,3567.28,3567.28,2875,692.28,0,0,0,03-01-2013,102.82,02-01-2015,2010,High Risk,Low Income,0,0.0013,0.1459,Low Interest
244261,183323,2900,2900,2825,36,0.08,90.88,A,A3,< 1 year,RENT,19000,Not Verified,01-01-2008,Fully Paid,n,credit_card,787xx,TX,6.32,0,11-01-1999,0,27,0,2,0,4385,0.24,12,f,0,0,3271.51,3186.9,2900,371.51,0,0,0,02-01-2011,99.07,02-01-2011,2008,High Risk,Low Income,0,0.0048,0.08,Low Interest
266327,266312,2925,2925,2875,36,0.11,95.36,B,B5,5 years,RENT,27000,Not Verified,02-01-2008,Fully Paid,n,debt_consolidation,089xx,NJ,6.62,0,11-01-2004,1,0,0,8,0,6611,0.491,13,f,0,0,3424.58,3366.04,2925,499.58,0,0,0,11-01-2010,476.98,05-01-2011,2008,High Risk,Low Income,0,0.0035,0.1071,Low Interest
176610,152731,2975,2975,760.3,36,0.1,95.94,B,B5,< 1 year,RENT,25000,Not Verified,12-01-2007,Fully Paid,n,debt_consolidation,474xx,IN,14.16,0,09-01-2002,0,0,0,8,0,7121,0.337,9,f,0,0,3453.79,873.93,2975,478.8,0,0,0,12-01-2010,98.46,12-01-2010,2007,High Risk,Low Income,0,0.0038,0.0996,Low Interest
59006,154254,3000,3000,2988.2,36,0.14,102.92,C,C5,3 years,MORTGAGE,80800,Not Verified,09-01-2009,Fully Paid,n,credit_card,775xx,TX,14.97,1,07-01-1998,0,13,0,13,0,4740,0.395,23,f,0,0,3705,3688.85,3000,705,0,0,0,10-01-2012,111.23,09-01-2012,2009,High Risk,Low Income,0,0.0013,0.1426,Low Interest
93277,93254,3000,3000,950,36,0.09,94.98,B,B1,< 1 year,MORTGAGE,25000,Not Verified,07-01-2007,Fully Paid,n,small_business,017xx,MA,14.54,0,09-01-2000,1,0,0,10,0,3660,0.078,13,f,0,0,3419.14,1082.73,3000,419.14,0,0,0,07-01-2010,97.45,07-01-2010,2007,High Risk,Low Income,0,0.0038,0.087,Low Interest
94838,73673,3000,3000,2550,36,0.1,97.2,C,C1,2 years,MORTGAGE,200000,Not Verified,07-01-2007,Fully Paid,n,home_improvement,100xx,NY,0,1,02-01-1997,0,19,0,5,0,0,0,8,f,0,0,3498.86,2974.03,3000,498.86,0,0,0,07-01-2010,98.49,02-01-2013,2007,High Risk,Low Income,0,0.0005,0.1028,Low Interest
112496,112493,3000,3000,525,36,0.12,99.44,D,D1,2 years,MORTGAGE,36153,Not Verified,08-01-2007,Fully Paid,n,debt_consolidation,479xx,IN,7.47,0,07-01-2000,2,0,61,3,1,1064,0.709,6,f,0,0,3579.66,626.44,3000,579.66,0,0,0,08-01-2010,101.51,07-01-2010,2007,High Risk,Low Income,0,0.0028,0.1186,Low Interest
121426,121423,3000,3000,2975,36,0.08,93.67,A,A3,10+ years,OWN,125000,Not Verified,08-01-2007,Fully Paid,n,home_improvement,981xx,WA,2.14,0,09-01-1984,0,0,0,15,0,21050,0.01,24,f,0,0,3125.46,3099.41,3000,125.46,0,0,0,04-01-2008,2563.59,08-01-2007,2007,High Risk,Low Income,0,0.0007,0.0775,Low Interest
121530,121527,3000,3000,2225,36,0.08,93.67,A,A3,9 years,OWN,50000,Not Verified,08-01-2007,Fully Paid,n,vacation,981xx,WA,5.35,0,09-01-1984,0,0,0,17,0,21050,0.007,29,f,0,0,3125.44,2318.03,3000,125.44,0,0,0,04-01-2008,2563.55,08-01-2007,2007,High Risk,Low Income,0,0.0019,0.0775,Low Interest
121824,121808,3000,3000,2175,36,0.09,94.98,B,B1,5 years,MORTGAGE,62000,Not Verified,08-01-2007,Fully Paid,n,home_improvement,331xx,FL,12.23,0,02-01-2000,0,0,0,10,0,3678,0.307,14,f,0,0,3158.89,2290.21,3000,158.89,0,0,0,05-01-2008,2494.29,01-01-2015,2007,High Risk,Low Income,0,0.0015,0.087,Low Interest
139790,139779,3000,3000,2200,36,0.12,100.35,D,D3,< 1 year,RENT,29120,Not Verified,10-01-2007,Charged Off,n,educational,070xx,NJ,12.77,1,09-01-2004,3,14,0,3,0,566,0.515,5,f,0,0,3597.73,2637.96,1956.75,545,0,1095.98,389.89,12-01-2009,100.35,05-01-2016,2007,High Risk,Low Income,1,0.0034,0.1249,Low Interest
140452,140448,3000,3000,1825.2,36,0.1,96.75,B,B5,1 year,OWN,18000,Not Verified,10-01-2007,Fully Paid,n,educational,070xx,NJ,15.4,0,12-01-1976,1,0,0,9,0,12003,0.404,9,f,0,0,3528.64,2146.83,3000,483.65,45,0,0,10-01-2010,108.86,10-01-2010,2007,High Risk,Low Income,0,0.0054,0.0996,Low Interest
143102,143098,3000,3000,2002.4,36,0.1,97.2,C,C1,< 1 year,RENT,38000,Not Verified,10-01-2007,Fully Paid,n,other,700xx,LA,19.93,0,09-01-2000,0,59,0,23,0,772,0.965,29,f,0,0,3499.05,2335.17,3000,499.05,0,0,0,11-01-2010,98.93,11-01-2010,2007,High Risk,Low Income,0,0.0026,0.1028,Low Interest
152663,152635,3000,3000,2225,36,0.1,96.75,B,B5,2 years,RENT,62000,Not Verified,11-01-2007,Fully Paid,n,wedding,201xx,VA,11.98,0,12-01-2002,0,0,0,9,0,12640,0.832,12,f,0,0,3161.61,2344.86,3000,161.61,0,0,0,06-01-2008,2581.97,01-01-2008,2007,High Risk,Low Income,0,0.0016,0.0996,Low Interest
153022,153018,3000,3000,1825,36,0.07,92.8,A,A1,5 years,MORTGAGE,93000,Not Verified,11-01-2007,Fully Paid,n,home_improvement,981xx,WA,0,0,04-01-1985,0,0,0,7,0,368,0.012,15,f,0,0,3339.04,2031.25,3000,339.04,0,0,0,10-01-2010,11.71,10-01-2010,2007,High Risk,Low Income,0,0.001,0.0712,Low Interest
163758,163445,3000,3000,511.6,36,0.11,98.53,C,C4,10+ years,MORTGAGE,32904,Not Verified,12-01-2007,Fully Paid,n,other,300xx,GA,22.79,0,03-01-1982,2,0,0,7,0,24218,0.853,7,f,0,0,3547.04,594.48,2999.99,547.05,0,0,0,12-01-2010,99.15,12-01-2010,2007,High Risk,Low Income,0,0.003,0.1122,Low Interest
166546,166498,3000,3000,250,36,0.07,93.23,A,A2,10+ years,RENT,72000,Not Verified,11-01-2007,Fully Paid,n,major_purchase,212xx,MD,11.18,0,08-01-1995,5,0,0,8,0,12430,0.296,14,f,0,0,3135.51,261.3,3000,135.51,0,0,0,08-01-2008,2483.36,12-01-2009,2007,High Risk,Low Income,0,0.0013,0.0743,Low Interest
176206,176187,3000,3000,750,36,0.09,95.87,B,B3,4 years,RENT,36600,Not Verified,12-01-2007,Fully Paid,n,other,040xx,ME,2.69,0,02-01-1995,2,0,0,4,0,1492,0.332,5,f,0,0,3450.93,862.73,3000,450.93,0,0,0,12-01-2010,100.22,05-01-2011,2007,High Risk,Low Income,0,0.0026,0.0933,Low Interest
196027,196018,3000,3000,673,36,0.09,95.42,B,B2,10+ years,RENT,10000,Not Verified,01-01-2008,Fully Paid,n,debt_consolidation,980xx,WA,6.72,1,11-01-1998,3,20,0,2,0,2808,0.511,7,f,0,0,3432.78,739.63,3000,432.78,0,0,0,12-01-2010,5.95,12-01-2010,2008,High Risk,Low Income,0,0.0095,0.0901,Low Interest
196559,185681,3000,3000,1525,36,0.07,92.8,A,A1,1 year,MORTGAGE,60600,Not Verified,01-01-2008,Fully Paid,n,other,973xx,OR,1.19,0,10-01-1990,0,0,0,10,0,2907,0.04,18,f,0,0,3335.23,1695.41,3000,335.23,0,0,0,10-01-2010,9.61,10-01-2010,2008,High Risk,Low Income,0,0.0015,0.0712,Low Interest
199055,197916,3000,3000,175.8,36,0.1,97,B,B4,3 years,OWN,120000,Not Verified,01-01-2008,Fully Paid,n,other,300xx,GA,8.71,1,08-01-2001,1,18,0,5,0,199,0.011,15,f,0,0,3491.95,200.69,3000,491.95,0,0,0,01-01-2011,98.84,05-01-2016,2008,High Risk,Low Income,0,0.0008,0.1014,Low Interest
210778,210769,3000,3000,2275,36,0.1,97,B,B4,4 years,RENT,48000,Not Verified,01-01-2008,Fully Paid,n,moving,917xx,CA,0,0,11-01-1993,0,0,0,3,0,0,0,6,f,0,0,3329.38,2524.78,3000,314.38,15,0,0,06-01-2009,24.97,07-01-2014,2008,High Risk,Low Income,0,0.002,0.1014,Low Interest
226735,226604,3000,3000,2225,36,0.13,101.52,D,D4,< 1 year,RENT,35244,Not Verified,02-01-2008,Charged Off,n,credit_card,833xx,ID,24.79,0,11-01-1992,1,0,0,9,0,21573,0.737,26,f,0,0,810.16,600.48,566.42,243.74,0,0,0,10-01-2008,101.52,05-01-2016,2008,High Risk,Low Income,1,0.0029,0.133,Low Interest
232917,232274,3000,3000,1200,36,0.12,99.25,C,C4,10+ years,MORTGAGE,55200,Not Verified,02-01-2008,Fully Paid,n,debt_consolidation,850xx,AZ,12.85,0,09-01-2000,1,0,0,10,0,15680,0.896,14,f,0,0,3139.62,1255.86,3000,139.62,0,0,0,07-01-2008,2743.44,02-01-2015,2008,High Risk,Low Income,0,0.0018,0.1172,Low Interest
241502,241486,3000,3000,2709.3,36,0.08,94.46,A,A4,3 years,RENT,25000,Not Verified,02-01-2008,Fully Paid,n,medical,329xx,FL,1.54,0,07-01-2002,0,0,0,4,0,1235,0.287,6,f,0,0,3400.28,3069.73,3000,400.28,0,0,0,02-01-2011,105.26,12-01-2013,2008,High Risk,Low Income,0,0.0038,0.0832,Low Interest
244872,229143,3000,3000,2975,36,0.09,96.03,B,B1,< 1 year,MORTGAGE,75000,Not Verified,02-01-2008,Fully Paid,n,home_improvement,064xx,CT,1.49,0,01-01-1991,0,0,93,9,1,8788,0.392,24,f,0,0,3346.88,3318.99,3000,346.88,0,0,0,09-01-2009,1619.15,09-01-2009,2008,High Risk,Low Income,0,0.0013,0.0945,Low Interest
248108,248102,3000,3000,2903.2,36,0.08,94.01,A,A3,< 1 year,RENT,23000,Not Verified,02-01-2008,Fully Paid,n,wedding,440xx,OH,12.05,0,08-01-2004,4,0,0,7,0,710,0.078,13,f,0,0,3383.74,3274.19,3000,383.74,0,0,0,01-01-2011,196.97,01-01-2011,2008,High Risk,Low Income,0,0.0041,0.08,Low Interest
251682,251355,3000,3000,2774.7,36,0.07,93.14,A,A1,1 year,RENT,17573,Not Verified,02-01-2008,Fully Paid,n,debt_consolidation,990xx,WA,12.7,0,04-01-1991,0,0,0,6,0,122,0.037,8,f,0,0,3353.04,3098.75,3000,353.04,0,0,0,02-01-2011,102.91,09-01-2013,2008,High Risk,Low Income,0,0.0053,0.0737,Low Interest
253987,253974,3000,3000,2675,36,0.11,98.26,C,C1,2 years,RENT,41000,Not Verified,02-01-2008,Fully Paid,n,car,201xx,VA,16.92,0,10-01-2003,1,0,0,12,0,21498,0.424,16,f,0,0,3498.14,3119.18,3000,498.14,0,0,0,06-01-2010,28.48,05-01-2016,2008,High Risk,Low Income,0,0.0024,0.1103,Low Interest
256458,254710,3000,3000,2150,36,0.12,99.6,C,C4,10+ years,RENT,78000,Not Verified,02-01-2008,Fully Paid,n,debt_consolidation,875xx,NM,14.8,0,10-01-1996,0,69,0,10,0,14555,0.77,15,f,0,0,3585.6,2569.68,3000,585.6,0,0,0,03-01-2011,99.6,02-01-2011,2008,High Risk,Low Income,0,0.0013,0.1197,Low Interest
259106,258804,3000,3000,2275,36,0.11,98.26,C,C1,10+ years,MORTGAGE,75885,Not Verified,03-01-2008,Fully Paid,n,home_improvement,981xx,WA,11.8,0,02-01-1990,0,0,0,5,0,46427,0.984,14,f,0,0,3518.92,2668.51,3000,518.92,0,0,0,10-01-2010,22.8,10-01-2010,2008,High Risk,Low Income,0,0.0013,0.1103,Low Interest
260368,255336,3000,3000,2925,36,0.08,93.57,A,A2,< 1 year,MORTGAGE,39600,Not Verified,02-01-2008,Fully Paid,n,debt_consolidation,566xx,MN,0.91,0,01-01-1993,1,26,0,5,0,1139,0.271,37,f,0,0,3073.92,2997.06,3000,73.92,0,0,0,10-01-2008,621.14,05-01-2010,2008,High Risk,Low Income,0,0.0024,0.0768,Low Interest
261456,261429,3000,3000,2725,36,0.08,94.01,A,A3,10+ years,RENT,36000,Not Verified,02-01-2008,Fully Paid,n,debt_consolidation,906xx,CA,2.6,1,02-01-1996,0,17,0,2,0,2456,0.234,10,f,0,0,3384.33,3074.1,3000,384.33,0,0,0,03-01-2011,103.04,12-01-2015,2008,High Risk,Low Income,0,0.0026,0.08,Low Interest
281836,281817,3000,3000,2375,36,0.07,93.14,A,A1,10+ years,MORTGAGE,39504,Not Verified,03-01-2008,Fully Paid,n,other,217xx,MD,1.55,0,02-01-1998,0,0,0,6,0,2724,0.079,20,f,0,0,3275.1,2592.79,3000,275.1,0,0,0,11-01-2009,1035.46,12-01-2009,2008,High Risk,Low Income,0,0.0024,0.0737,Low Interest
381426,409840,3000,3000,2800,36,0.14,102.23,C,C5,8 years,MORTGAGE,90000,Verified,03-01-2009,Fully Paid,n,home_improvement,891xx,NV,17.63,0,04-01-1996,0,70,106,11,1,6345,0.906,18,f,0,0,3680.12,3434.78,3000,680.12,0,0,0,03-01-2012,107.23,03-01-2012,2009,High Risk,Low Income,0,0.0011,0.1379,Low Interest
443397,539496,3000,3000,2975,36,0.14,101.91,C,C3,7 years,RENT,40000,Not Verified,09-01-2009,Fully Paid,n,medical,113xx,NY,22.98,0,05-01-1997,1,40,101,9,1,17590,0.807,16,f,0,0,3162.69,3136.33,3000,162.69,0,0,0,06-01-2010,2.56,08-01-2012,2009,High Risk,Low Income,0,0.0025,0.1357,Low Interest
445091,543339,3000,3000,3000,36,0.14,102.42,C,C4,4 years,MORTGAGE,200000,Not Verified,10-01-2009,Fully Paid,n,small_business,770xx,TX,5.35,1,03-01-1995,1,12,91,10,1,5415,0.128,20,f,0,0,3686.72,3686.72,3000,686.72,0,0,0,10-01-2012,105.79,05-01-2016,2009,High Risk,Low Income,0,0.0005,0.1392,Low Interest
449705,552555,3000,3000,3000,36,0.12,99.41,B,B3,9 years,RENT,56400,Not Verified,10-01-2009,Fully Paid,n,home_improvement,129xx,NY,15.94,0,03-01-1995,1,81,99,6,1,3066,0.578,28,f,0,0,3436.33,3436.33,3000,421.33,15,0,0,04-01-2011,1732.93,03-01-2016,2009,High Risk,Low Income,0,0.0018,0.1183,Low Interest
470900,594613,3000,3000,3000,36,0.13,100.9,C,C1,< 1 year,OWN,12816,Not Verified,12-01-2009,Fully Paid,n,debt_consolidation,241xx,VA,18.35,0,06-01-1993,0,75,100,5,1,4805,0.843,12,f,0,0,3585.55,3585.55,3000,585.55,0,0,0,04-01-2012,962.94,05-01-2016,2009,High Risk,Low Income,0,0.0079,0.1287,Low Interest
487918,622084,3000,3000,3000,36,0.11,98.21,B,B4,2 years,MORTGAGE,54900,Not Verified,02-01-2010,Fully Paid,n,home_improvement,174xx,PA,15.5,0,11-01-1997,2,31,86,20,1,2754,0.405,34,f,0,0,3535.6,3535.6,3000,535.6,0,0,0,03-01-2013,109.77,05-01-2016,2010,High Risk,Low Income,0,0.0018,0.1099,Low Interest
495105,629964,3000,3000,3000,36,0.18,108.36,E,E5,5 years,RENT,42000,Not Verified,03-01-2010,Fully Paid,n,other,902xx,CA,10.37,0,02-01-1996,0,69,63,3,1,480,0.96,10,f,0,0,3732.39,3732.39,3000,732.39,0,0,0,05-01-2012,970.82,04-01-2012,2010,High Risk,Low Income,0,0.0026,0.1793,Low Interest
510506,659194,3000,3000,3000,36,0.15,104.49,D,D3,10+ years,MORTGAGE,42000,Not Verified,05-01-2010,Fully Paid,n,car,985xx,WA,11,0,12-01-1995,0,38,57,7,2,2674,0.951,20,f,0,0,3647.33,3647.33,3000,647.33,0,0,0,04-01-2012,1350.17,05-01-2012,2010,High Risk,Low Income,0,0.0025,0.1533,Low Interest
525076,679393,3000,3000,3000,36,0.14,103.05,C,C4,2 years,MORTGAGE,33000,Not Verified,06-01-2010,Fully Paid,n,home_improvement,193xx,PA,4.4,0,12-01-1994,2,27,14,8,2,4432,0.739,19,f,0,0,3709.87,3709.87,3000,709.87,0,0,0,06-01-2013,112.94,04-01-2016,2010,High Risk,Low Income,0,0.0031,0.1435,Low Interest
528634,683669,3000,3000,3000,60,0.19,77.89,F,F3,4 years,MORTGAGE,74500,Not Verified,06-01-2010,Fully Paid,n,debt_consolidation,535xx,WI,23.08,1,07-01-2001,3,12,81,19,1,5731,0.448,27,f,0,0,4673.18,4673.18,3000,1673.18,0,0,0,07-01-2015,84.77,04-01-2016,2010,High Risk,Low Income,0,0.001,0.1904,Low Interest
549922,708895,3000,3000,2975,36,0.08,93.85,A,A5,6 years,MORTGAGE,185000,Not Verified,07-01-2010,Fully Paid,n,home_improvement,217xx,MD,9.54,1,12-01-1995,0,20,58,8,2,612,0.1,18,f,0,0,3378.67,3350.51,3000,378.67,0,0,0,08-01-2013,100.77,01-01-2015,2010,High Risk,Low Income,0,0.0005,0.0788,Low Interest
555869,715843,3000,3000,2925,60,0.11,65.97,B,B4,10+ years,RENT,48000,Verified,08-01-2010,Fully Paid,n,wedding,300xx,GA,11.75,0,10-01-1997,1,80,66,9,1,9910,0.819,18,f,0,0,3085.1,3007.97,3000,85.1,0,0,0,11-01-2010,2954.01,12-01-2010,2010,High Risk,Low Income,0,0.0014,0.1149,Low Interest
559528,720261,3000,3000,3000,36,0.08,93.85,A,A5,3 years,MORTGAGE,67500,Source Verified,08-01-2010,Fully Paid,n,car,760xx,TX,5.4,1,08-01-1994,1,12,102,8,1,291,0.056,38,f,0,0,3366.83,3366.83,3000,351.83,15,0,0,11-01-2012,915.23,09-01-2015,2010,High Risk,Low Income,0,0.0014,0.0788,Low Interest
563412,725014,3000,3000,3000,36,0.14,101.97,C,C2,< 1 year,RENT,65004,Not Verified,08-01-2010,Fully Paid,n,debt_consolidation,115xx,NY,3.71,0,06-01-1997,0,85,51,8,1,4509,0.934,17,f,0,0,3667.62,3667.62,3000,667.62,0,0,0,07-01-2013,319.66,05-01-2016,2010,High Risk,Low Income,0,0.0016,0.1361,Low Interest
567207,729703,3000,3000,3000,36,0.12,99.45,B,B5,10+ years,MORTGAGE,27600,Not Verified,08-01-2010,Fully Paid,n,credit_card,260xx,WV,18.04,0,10-01-1998,3,45,87,9,1,4542,0.797,20,f,0,0,3580.23,3580.23,3000,580.23,0,0,0,09-01-2013,109.64,04-01-2016,2010,High Risk,Low Income,0,0.0036,0.1186,Low Interest
577100,742142,3000,3000,3000,36,0.15,104.31,D,D2,7 years,RENT,70000,Verified,09-01-2010,Fully Paid,n,home_improvement,199xx,DE,5.45,1,06-01-1997,0,22,54,3,1,188,0.376,15,f,0,0,3644.09,3644.09,3000,644.09,0,0,0,08-01-2012,1349.89,08-01-2012,2010,High Risk,Low Income,0,0.0015,0.1521,Low Interest
590035,757948,3000,3000,3000,36,0.12,99.45,B,B5,10+ years,RENT,30000,Source Verified,10-01-2010,Fully Paid,n,debt_consolidation,208xx,MD,19.36,0,02-01-1998,3,54,101,6,1,9718,0.79,16,f,0,0,3293.59,3293.59,3000,293.59,0,0,0,10-01-2011,1902.69,05-01-2016,2010,High Risk,Low Income,0,0.0033,0.1186,Low Interest
591341,759530,3000,3000,3000,36,0.14,101.97,C,C2,10+ years,RENT,60500,Verified,10-01-2010,Fully Paid,n,wedding,104xx,NY,4.15,7,06-01-1994,1,6,93,8,1,1326,0.16,26,f,0,0,3643.8,3643.8,3000,643.8,0,0,0,04-01-2013,487.48,04-01-2016,2010,High Risk,Low Income,0,0.0017,0.1361,Low Interest
608335,780387,3000,3000,3000,36,0.13,101.59,C,C4,6 years,MORTGAGE,23000,Verified,11-01-2010,Fully Paid,n,debt_consolidation,492xx,MI,19.83,0,11-01-1999,1,74,17,4,1,1672,0.929,11,f,0,0,3661.58,3661.58,3000,661.58,0,0,0,01-01-2014,96.77,10-01-2015,2010,High Risk,Low Income,0,0.0044,0.1335,Low Interest
615768,789605,3000,3000,3000,36,0.14,102.13,C,C5,1 year,RENT,25717,Not Verified,11-01-2010,Fully Paid,n,debt_consolidation,112xx,NY,7.89,1,08-01-1994,0,21,53,3,1,753,0.684,9,f,0,0,3642.39,3642.39,3000,642.39,0,0,0,07-01-2013,182.11,05-01-2016,2010,High Risk,Low Income,0,0.004,0.1372,Low Interest
628801,805671,3000,3000,2975,36,0.1,97.31,B,B5,< 1 year,MORTGAGE,65000,Source Verified,12-01-2010,Fully Paid,n,home_improvement,156xx,PA,3.56,0,12-01-1995,3,26,117,9,1,4142,0.316,25,f,0,0,3503.3,3474.1,3000,503.3,0,0,0,12-01-2013,100.19,12-01-2015,2010,High Risk,Low Income,0,0.0015,0.1036,Low Interest
653649,835913,3000,3000,3000,36,0.1,96.81,B,B2,2 years,RENT,31000,Not Verified,01-01-2011,Fully Paid,n,credit_card,326xx,FL,22.99,0,12-01-2001,0,40,113,12,1,14950,0.673,28,f,0,0,3463.16,3463.16,3000,463.16,0,0,0,07-01-2013,762.26,07-01-2013,2011,High Risk,Low Income,0,0.0031,0.1,Low Interest
757305,957332,3000,3000,3000,60,0.14,69.79,C,C3,10+ years,MORTGAGE,41000,Verified,06-01-2011,Current,n,other,496xx,MI,24.64,0,03-01-1990,2,61,61,9,1,9508,0.583,31,f,72,72,4112.17,4112.17,2927.82,1184.35,0,0,0,05-01-2016,69.79,05-01-2016,2011,High Risk,Low Income,0,0.0017,0.1399,Low Interest
787226,990741,3000,3000,3000,36,0.12,99.63,B,B5,10+ years,MORTGAGE,66000,Not Verified,06-01-2011,Charged Off,n,debt_consolidation,187xx,PA,14.27,0,12-01-1997,2,75,103,10,1,16350,0.723,30,f,0,0,543.99,543.99,226.12,148.88,15,153.99,27.72,11-01-2011,156,03-01-2012,2011,High Risk,Low Income,1,0.0015,0.1199,Low Interest
805854,1011992,3000,3000,3000,36,0.13,101.07,C,C1,10+ years,MORTGAGE,62000,Source Verified,07-01-2011,Fully Paid,n,medical,973xx,OR,0.29,0,12-01-1999,2,55,58,3,2,377,0.377,13,f,0,0,3405.38,3405.38,3000,405.38,0,0,0,10-01-2012,1992.13,05-01-2014,2011,High Risk,Low Income,0,0.0016,0.1299,Low Interest
842522,1053205,3000,3000,3000,36,0.18,109.05,E,E2,5 years,MORTGAGE,43000,Not Verified,09-01-2011,Fully Paid,n,home_improvement,494xx,MI,21.68,0,05-01-2000,3,42,80,28,1,2650,0.353,40,f,0,0,3925.56,3925.56,3000,925.56,0,0,0,09-01-2014,118.44,05-01-2016,2011,High Risk,Low Income,0,0.0025,0.1839,Low Interest
850602,1062443,3000,3000,3000,36,0.17,107.7,D,D5,10+ years,MORTGAGE,70000,Not Verified,08-01-2011,Fully Paid,n,vacation,450xx,OH,10.37,0,03-01-1997,1,38,26,3,1,0,0,21,f,0,0,3607.15,3607.15,3000,607.15,0,0,0,01-01-2013,1889.26,06-01-2015,2011,High Risk,Low Income,0,0.0015,0.1749,Low Interest
854240,1066474,3000,3000,3000,36,0.17,106.8,D,D4,5 years,RENT,60000,Not Verified,08-01-2011,Charged Off,n,medical,114xx,NY,2.54,3,08-01-1999,0,20,12,3,2,0,0,10,f,0,0,2411.69,2411.69,1678.19,657.51,0,75.99,0.76,06-01-2013,106.8,11-01-2013,2011,High Risk,Low Income,1,0.0018,0.1689,Low Interest
1022116,1250902,3000,3000,3000,36,0.13,100.64,B,B5,2 years,RENT,56000,Not Verified,11-01-2011,Fully Paid,n,debt_consolidation,856xx,AZ,8.19,1,10-01-2000,0,11,99,6,1,2827,0.367,8,f,0,0,3622.81,3622.81,3000,622.81,0,0,0,12-01-2014,114.45,11-01-2014,2011,High Risk,Low Income,0,0.0018,0.1269,Low Interest
136316,136313,3025,3025,1125,36,0.1,98.01,C,C1,< 1 year,RENT,90000,Not Verified,10-01-2007,Fully Paid,n,wedding,701xx,LA,9.13,0,09-01-1998,0,0,0,10,0,38624,0.978,23,f,0,0,3515.87,1307.55,3025,490.87,0,0,0,05-01-2010,576.99,05-01-2016,2007,High Risk,Low Income,0,0.0011,0.1028,Low Interest
123230,80353,3175,3175,1425,36,0.12,104.76,C,C5,< 1 year,OWN,15000,Not Verified,08-01-2007,Charged Off,n,small_business,015xx,MA,12.24,0,02-01-2004,3,0,0,16,0,2867,0.551,17,f,0,0,628.19,281.8,455.95,172.24,0,0,0,03-01-2008,104.76,04-01-2016,2007,High Risk,Low Income,1,0.007,0.1154,Low Interest
173981,173944,3200,3200,525,36,0.1,103.68,C,C1,10+ years,RENT,75000,Not Verified,12-01-2007,Fully Paid,n,credit_card,984xx,WA,9.7,3,12-01-1972,0,19,0,6,0,2105,0.453,33,f,0,0,3701.25,607.24,3200,501.25,0,0,0,04-01-2010,902.55,07-01-2014,2007,High Risk,Low Income,0,0.0014,0.1028,Low Interest
242452,242440,3200,3200,2984.4,36,0.09,101.21,A,A5,< 1 year,RENT,18000,Not Verified,01-01-2008,Fully Paid,n,other,112xx,NY,14.38,0,11-01-2003,0,0,0,4,0,0,0,4,f,0,0,3644.24,3397.58,3200,444.24,0,0,0,03-01-2011,4.21,11-01-2015,2008,High Risk,Low Income,0,0.0056,0.0863,Low Interest
381084,409136,3200,3200,3075,36,0.12,106.61,B,B5,7 years,OWN,20000,Verified,02-01-2009,Fully Paid,n,debt_consolidation,852xx,AZ,5.04,0,09-01-1994,1,45,88,7,1,3246,0.222,19,f,0,0,3837.85,3687.93,3200,637.85,0,0,0,03-01-2012,113.67,05-01-2016,2009,High Risk,Low Income,0,0.0053,0.1221,Low Interest
382913,243788,3200,3200,3113.8,36,0.08,100.28,A,A3,< 1 year,MORTGAGE,75000,Source Verified,03-01-2009,Fully Paid,n,debt_consolidation,018xx,MA,5.79,0,01-01-1996,0,50,58,9,1,4000,0.11,19,f,0,0,3609.92,3511.22,3200,409.92,0,0,0,03-01-2012,108.82,05-01-2016,2009,High Risk,Low Income,0,0.0013,0.08,Low Interest
465390,583878,3200,3200,3125,36,0.12,106.56,B,B4,5 years,MORTGAGE,33267,Not Verified,12-01-2009,Fully Paid,n,other,300xx,GA,19.84,0,04-01-1997,2,72,63,6,1,1568,0.713,20,f,0,0,3697.6,3610.94,3200,497.6,0,0,0,08-01-2011,1675.43,02-01-2015,2009,High Risk,Low Income,0,0.0032,0.1218,Low Interest
511023,660007,3200,3200,3200,36,0.1,103.64,B,B2,10+ years,MORTGAGE,77000,Not Verified,05-01-2010,Charged Off,n,home_improvement,027xx,MA,4.91,1,09-01-2001,0,8,117,8,1,262,0.071,10,f,0,0,2120.45,2120.45,1454.36,401.01,14.92,250.16,46.47,12-01-2011,103.64,05-01-2012,2010,High Risk,Low Income,1,0.0013,0.1025,Low Interest
560053,720881,3200,3200,3200,60,0.19,83.74,F,F4,4 years,RENT,39000,Verified,08-01-2010,Fully Paid,n,debt_consolidation,331xx,FL,14.83,0,06-01-2000,3,43,48,6,1,1767,0.982,16,f,0,0,4172.46,4172.46,3200,972.46,0,0,0,12-01-2012,614.49,12-01-2012,2010,High Risk,Low Income,0,0.0021,0.1941,Low Interest
633071,811015,3200,3200,3150,60,0.15,75.85,D,D3,3 years,RENT,36000,Verified,12-01-2010,Fully Paid,n,debt_consolidation,301xx,GA,15.57,0,02-01-1995,1,28,110,4,1,2571,0.756,9,f,0,0,4551.26,4480.15,3200,1351.26,0,0,0,02-01-2016,0.25,02-01-2016,2010,High Risk,Low Income,0,0.0021,0.1483,Low Interest
1029847,1249126,3200,3200,3200,36,0.13,108.58,C,C1,7 years,RENT,38400,Source Verified,11-01-2011,Fully Paid,n,debt_consolidation,484xx,MI,12.56,0,10-01-1995,2,38,86,8,1,2503,0.626,18,f,0,0,3908.77,3908.77,3200,708.77,0,0,0,12-01-2014,111.88,11-01-2014,2011,High Risk,Low Income,0,0.0028,0.1349,Low Interest
212894,212055,3250,3250,1900,36,0.08,101.47,A,A3,4 years,OWN,36000,Not Verified,01-01-2008,Charged Off,n,debt_consolidation,283xx,NC,2.73,0,01-01-2001,0,0,0,5,0,2353,0.124,7,f,0,0,1708.74,998.7,1351.31,271.41,0,86.02,0.98,05-01-2009,101.47,12-01-2009,2008,High Risk,Low Income,1,0.0028,0.0775,Low Interest
474392,600056,3250,3250,3250,36,0.14,111.5,C,C5,5 years,RENT,20400,Not Verified,01-01-2010,Charged Off,n,debt_consolidation,976xx,OR,22.41,0,07-01-2000,1,24,32,8,1,7986,0.815,12,f,0,0,3479.41,3479.41,2706.03,742.72,0,30.66,0.55,08-01-2012,111.5,02-01-2013,2010,High Risk,Low Income,1,0.0055,0.1426,Low Interest
559175,719791,3250,3250,3250,36,0.14,111.64,C,C4,10+ years,RENT,26400,Not Verified,08-01-2010,Charged Off,n,debt_consolidation,973xx,OR,24.64,0,03-01-1995,2,44,77,5,1,3257,0.857,20,f,0,0,2675.76,2675.76,2006.56,669.2,0,0,0,08-01-2012,111.64,05-01-2016,2010,High Risk,Low Income,1,0.0042,0.1435,Low Interest
805295,1011301,3250,3250,3250,36,0.13,110.28,C,C2,4 years,RENT,20000,Not Verified,07-01-2011,Charged Off,n,debt_consolidation,082xx,NJ,22.62,0,03-01-1996,1,71,86,11,1,13013,0.845,25,f,0,0,817.87,817.87,453.69,205.95,0,158.23,28.48,01-01-2012,110.28,06-01-2012,2011,High Risk,Low Income,1,0.0055,0.1349,Low Interest
138568,138553,3275,3275,1275,36,0.09,104.65,B,B3,1 year,MORTGAGE,62000,Not Verified,10-01-2007,Fully Paid,n,other,286xx,NC,3.83,0,08-01-1997,1,0,0,10,0,7089,0.419,25,f,0,0,3767.31,1466.66,3275,492.31,0,0,0,10-01-2010,114.05,10-01-2010,2007,High Risk,Low Income,0,0.0017,0.0933,Low Interest
839272,1049432,3375,3375,3375,60,0.18,85.69,E,E1,7 years,OWN,21403,Not Verified,09-01-2011,Fully Paid,n,small_business,726xx,AR,24.39,2,12-01-1997,3,10,96,5,1,2274,0.669,16,f,0,0,4659.37,4659.37,3375,1284.37,0,0,0,04-01-2014,2095.01,05-01-2016,2011,High Risk,Low Income,0,0.004,0.1799,Low Interest
106079,106039,3500,3500,1200,36,0.1,112.87,B,B5,< 1 year,RENT,13500,Not Verified,07-01-2007,Fully Paid,n,educational,339xx,FL,16.44,0,12-01-2002,1,0,0,10,0,2864,0.411,16,f,0,0,3942.01,1351.55,3500,442.01,0,0,0,03-01-2009,1798.54,05-01-2016,2007,High Risk,Low Income,0,0.0084,0.0996,Low Interest
112323,107671,3500,3500,1125,36,0.1,113.39,C,C1,< 1 year,RENT,20000,Not Verified,07-01-2007,Fully Paid,n,moving,021xx,MA,1.5,0,09-01-2003,0,0,0,17,0,1882,0.324,18,f,0,0,4097.16,1316.94,3500,582.16,15,0,0,09-01-2010,6.57,08-01-2010,2007,High Risk,Low Income,0,0.0057,0.1028,Low Interest
113156,113146,3500,3500,3500,36,0.08,109.79,A,A4,5 years,RENT,98000,Not Verified,08-01-2007,Fully Paid,n,credit_card,070xx,NJ,8.52,1,11-01-1993,0,15,0,19,0,6432,0.06,37,f,0,0,3952.17,3952.17,3500,452.17,0,0,0,08-01-2010,110.07,07-01-2010,2007,High Risk,Low Income,0,0.0011,0.0807,Low Interest
113194,113115,3500,3500,1725,36,0.1,112.87,B,B5,1 year,RENT,78000,Not Verified,08-01-2007,Fully Paid,n,other,070xx,NJ,11.06,1,11-01-1993,0,5,0,13,0,16310,0.205,32,f,0,0,4063.32,2002.64,3500,563.32,0,0,0,08-01-2010,114.13,07-01-2010,2007,High Risk,Low Income,0,0.0014,0.0996,Low Interest
180535,180337,3500,3500,665.3,36,0.1,113.4,C,C1,1 year,MORTGAGE,48000,Not Verified,12-01-2007,Fully Paid,n,other,336xx,FL,17.65,0,04-01-2002,2,43,0,16,0,3761,0.554,27,f,0,0,4082.24,758.07,3500,582.24,0,0,0,12-01-2010,113.99,12-01-2010,2007,High Risk,Low Income,0,0.0024,0.1028,Low Interest
206181,167318,3500,3500,1375,36,0.07,108.27,A,A1,< 1 year,RENT,28800,Not Verified,01-01-2008,Fully Paid,n,car,019xx,MA,0,0,09-01-1999,1,0,0,2,0,150,0.075,5,f,0,0,3862.93,1517.58,3500,362.93,0,0,0,04-01-2010,5.54,04-01-2016,2008,High Risk,Low Income,0,0.0038,0.0712,Low Interest
215531,215518,3500,3500,1539.2,36,0.13,117.38,D,D2,6 years,RENT,48000,Not Verified,01-01-2008,Fully Paid,n,debt_consolidation,200xx,DC,13.1,0,07-01-1981,0,0,0,17,0,16770,0.507,22,f,0,0,4192.55,1832.28,3500,692.55,0,0,0,12-01-2010,88.99,03-01-2015,2008,High Risk,Low Income,0,0.0024,0.1267,Low Interest
281384,281309,3500,3500,2937.6,36,0.12,115.69,C,C3,< 1 year,RENT,54263,Not Verified,03-01-2008,Fully Paid,n,car,383xx,TN,12.38,2,07-01-1987,0,6,0,8,0,0,0,23,f,0,0,4164.4,3484.59,3500,664.41,0,0,0,03-01-2011,114.9,03-01-2011,2008,High Risk,Low Income,0,0.0021,0.1166,Low Interest
281841,281765,3500,3500,2817.2,36,0.08,109.68,A,A3,4 years,RENT,48562,Not Verified,03-01-2008,Fully Paid,n,other,114xx,NY,0.62,0,07-01-1988,4,0,0,3,0,308,0.171,4,f,0,0,3948.37,3168.15,3500,448.38,0,0,0,03-01-2011,116.36,03-01-2011,2008,High Risk,Low Income,0,0.0023,0.08,Low Interest
398134,439486,3500,1975,1498.6,36,0.14,67.3,C,C5,9 years,RENT,83500,Not Verified,05-01-2009,Fully Paid,n,other,210xx,MD,13.42,2,01-01-1994,2,15,113,11,1,11386,0.55,29,f,0,0,2422.76,1775.43,1975,447.76,0,0,0,05-01-2012,68.51,05-01-2012,2009,High Risk,Low Income,0,0.0008,0.1379,Low Interest
465690,584479,3500,3500,3500,36,0.12,116.55,B,B4,< 1 year,RENT,40000,Not Verified,12-01-2009,Fully Paid,n,other,986xx,WA,18.18,0,11-01-1996,1,34,113,4,1,6381,0.665,15,f,0,0,4195.79,4195.79,3500,695.79,0,0,0,12-01-2012,120.68,08-01-2015,2009,High Risk,Low Income,0,0.0029,0.1218,Low Interest
466482,584396,3500,3500,3500,36,0.14,118.89,C,C3,10+ years,OWN,88000,Not Verified,12-01-2009,Fully Paid,n,major_purchase,364xx,AL,16.05,0,07-01-1990,0,46,53,7,2,10977,0.708,13,f,0,0,4088.28,4088.28,3500,588.28,0,0,0,07-01-2011,1951.76,11-01-2013,2009,High Risk,Low Income,0,0.0014,0.1357,Low Interest
503922,648659,3500,3500,3450,36,0.14,120,C,C5,3 years,RENT,30000,Not Verified,04-01-2010,Charged Off,n,other,151xx,PA,15.36,0,04-01-1987,3,63,41,6,1,948,0.729,8,f,0,0,739.3,728.78,400.65,197.25,0,141.4,1.4,10-01-2010,120,03-01-2011,2010,High Risk,Low Income,1,0.004,0.1422,Low Interest
516726,667821,3500,3500,3497.7,36,0.14,120,C,C5,10+ years,OWN,18000,Not Verified,05-01-2010,Charged Off,n,medical,226xx,VA,7.8,2,07-01-1995,2,13,88,10,1,3683,0.312,19,f,0,0,597.75,594.35,385.59,197.22,14.94,0,0,11-01-2010,120,03-01-2011,2010,High Risk,Low Income,1,0.0067,0.1422,Low Interest
545782,703882,3500,3500,3500,36,0.13,118.32,C,C1,4 years,RENT,40000,Verified,07-01-2010,Fully Paid,n,moving,104xx,NY,0.45,0,07-01-2003,0,27,99,6,1,483,0.127,12,f,0,0,4240.58,4240.58,3500,740.58,0,0,0,03-01-2013,697.87,03-01-2013,2010,High Risk,Low Income,0,0.003,0.1323,Low Interest
577117,742165,3500,3500,3500,36,0.11,114.18,B,B2,3 years,MORTGAGE,109500,Verified,09-01-2010,Fully Paid,n,car,201xx,VA,12.65,0,10-01-1996,2,46,90,12,1,6954,0.273,34,f,0,0,3945.24,3945.24,3500,445.24,0,0,0,03-01-2012,2007.86,09-01-2015,2010,High Risk,Low Income,0,0.001,0.1075,Low Interest
631234,808663,3500,3500,3500,36,0.13,118.52,C,C4,10+ years,MORTGAGE,41941,Source Verified,12-01-2010,Charged Off,n,debt_consolidation,215xx,MD,11.76,0,09-01-2000,1,74,77,6,1,3434,0.928,11,f,0,0,2683.93,2683.93,1960.95,635.62,0,87.36,1.11,11-01-2012,226.97,03-01-2013,2010,High Risk,Low Income,1,0.0028,0.1335,Low Interest
747641,946597,3500,3500,3500,36,0.07,108.06,A,A3,2 years,MORTGAGE,27600,Not Verified,05-01-2011,Fully Paid,n,credit_card,731xx,OK,5.74,0,07-01-1998,0,80,41,4,1,749,0.05,16,f,0,0,3886.18,3886.18,3500,386.18,0,0,0,02-01-2014,434.14,05-01-2016,2011,High Risk,Low Income,0,0.0039,0.0699,Low Interest
154305,154295,3600,3600,1191.6,36,0.1,116.64,C,C1,1 year,RENT,30000,Not Verified,11-01-2007,Fully Paid,n,other,027xx,MA,7.88,0,10-01-1993,0,64,5,5,1,7600,0.717,10,f,0,0,4198.85,1379.38,3599.99,598.86,0,0,0,11-01-2010,117.97,01-01-2011,2007,High Risk,Low Income,0,0.0039,0.1028,Low Interest
409658,460546,3600,3600,3350,36,0.1,115.54,A,A5,8 years,RENT,54996,Source Verified,06-01-2009,Fully Paid,n,debt_consolidation,540xx,WI,1.24,0,12-01-1991,2,37,42,7,1,1919,0.198,29,f,0,0,4159.88,3871,3600,559.88,0,0,0,06-01-2012,118.55,06-01-2012,2009,High Risk,Low Income,0,0.0021,0.0963,Low Interest
766151,967132,3600,3600,3600,36,0.18,130.14,E,E1,10+ years,MORTGAGE,85000,Source Verified,06-01-2011,Fully Paid,n,debt_consolidation,902xx,CA,6.35,0,12-01-1999,0,54,111,11,2,8723,0.991,16,f,0,0,4679.79,4679.79,3600,1064.79,15,0,0,06-01-2014,74.31,06-01-2014,2011,High Risk,Low Income,0,0.0015,0.1799,Low Interest
802048,1007670,3600,3600,3600,36,0.13,122.15,C,C2,10+ years,MORTGAGE,65004,Not Verified,07-01-2011,Fully Paid,n,major_purchase,191xx,PA,13.59,0,05-01-1992,1,56,67,6,1,4186,0.734,18,f,0,0,4397.38,4397.38,3600,797.38,0,0,0,08-01-2014,136.35,07-01-2014,2011,High Risk,Low Income,0,0.0019,0.1349,Low Interest
838579,1048683,3600,3600,3600,36,0.11,118.7,B,B4,3 years,RENT,45000,Not Verified,08-01-2011,Fully Paid,n,moving,297xx,SC,23.39,0,12-01-2003,1,39,31,12,1,3506,0.48,15,f,0,0,4273.05,4273.05,3600,673.05,0,0,0,08-01-2014,126.4,04-01-2015,2011,High Risk,Low Income,0,0.0026,0.1149,Low Interest
971514,1193256,3600,3600,3350,36,0.11,117.27,B,B2,7 years,MORTGAGE,76000,Verified,10-01-2011,Fully Paid,n,debt_consolidation,970xx,OR,10.77,0,04-01-1995,0,44,97,10,1,12052,0.561,40,f,0,0,4087.62,3803.75,3600,487.62,0,0,0,06-01-2013,1866.09,10-01-2014,2011,High Risk,Low Income,0,0.0015,0.1065,Low Interest
996150,1220973,3700,3700,3700,36,0.1,119.24,B,B1,4 years,RENT,35000,Not Verified,10-01-2011,Charged Off,n,moving,967xx,HI,16.49,0,08-01-1999,0,24,106,8,1,2982,0.269,16,f,0,0,3924.74,3924.74,3230.13,582.04,0,112.57,20.26,07-01-2014,119.24,09-01-2014,2011,High Risk,Low Income,1,0.0034,0.0991,Low Interest
130907,130904,3775,3775,925,36,0.07,117.31,A,A2,7 years,MORTGAGE,120000,Not Verified,10-01-2007,Fully Paid,n,other,641xx,MO,0,0,12-01-1996,1,64,0,10,0,0,0,22,f,0,0,4191.72,1027.11,3775,416.72,0,0,0,08-01-2010,9.7,03-01-2016,2007,High Risk,Low Income,0,0.001,0.0743,Low Interest
210194,210137,3800,3800,950,36,0.12,126.29,C,C5,3 years,MORTGAGE,63000,Not Verified,01-01-2008,Fully Paid,n,small_business,212xx,MD,12.5,0,12-01-1998,3,0,0,13,0,29736,0.802,20,f,0,0,4546.31,1136.58,3800,746.31,0,0,0,01-01-2011,127.74,05-01-2016,2008,High Risk,Low Income,0,0.002,0.1204,Low Interest
488569,623136,3800,3800,3800,36,0.13,128.24,C,C2,3 years,MORTGAGE,68500,Not Verified,02-01-2010,Charged Off,n,home_improvement,553xx,MN,23.25,0,11-01-2000,0,63,107,11,1,3119,0.39,19,f,0,0,2525.43,2525.43,1817.38,615,0,93.05,0.99,10-01-2011,128.24,03-01-2012,2010,High Risk,Low Income,1,0.0019,0.1311,Low Interest
611449,784122,3850,3850,3850,36,0.13,130.38,C,C4,5 years,MORTGAGE,60000,Not Verified,11-01-2010,Fully Paid,n,small_business,197xx,DE,10.24,1,12-01-1995,1,9,115,12,1,12955,0.651,16,f,0,0,4693.89,4693.89,3850,843.89,0,0,0,12-01-2013,145.26,11-01-2013,2010,High Risk,Low Income,0,0.0022,0.1335,Low Interest
513952,664170,3900,3900,3900,36,0.11,128.35,B,B5,< 1 year,MORTGAGE,45000,Not Verified,05-01-2010,Fully Paid,n,major_purchase,761xx,TX,19.97,0,11-01-1991,2,58,76,13,1,17126,0.804,26,f,0,0,4620.98,4620.98,3900,720.98,0,0,0,06-01-2013,136.89,09-01-2015,2010,High Risk,Low Income,0,0.0029,0.1136,Low Interest
802683,1008360,3925,3925,3900,36,0.1,126.64,B,B1,1 year,OWN,36000,Not Verified,07-01-2011,Fully Paid,n,major_purchase,982xx,WA,12.87,0,05-01-1971,0,34,106,5,1,1864,0.388,8,f,0,0,4558.63,4529.6,3925,633.63,0,0,0,07-01-2014,138.25,07-01-2014,2011,High Risk,Low Income,0,0.0035,0.0999,Low Interest
168190,168175,3975,3975,850,36,0.12,132.35,D,D2,10+ years,RENT,27000,Not Verified,12-01-2007,Charged Off,n,debt_consolidation,142xx,NY,23.2,0,06-01-1993,1,25,0,8,0,4504,0.392,11,f,0,0,2529.27,539.64,1901,596.19,14.99,17.09,5.83,08-01-2009,132.35,05-01-2016,2007,High Risk,Low Income,1,0.0049,0.1217,Low Interest
254250,254233,3975,3975,2975,36,0.12,131.97,C,C4,< 1 year,OWN,17721,Not Verified,02-01-2008,Fully Paid,n,debt_consolidation,871xx,NM,15.51,0,05-01-1996,2,0,0,9,0,7902,0.17,18,f,0,0,4750.92,3555.72,3975,775.92,0,0,0,02-01-2011,131.97,11-01-2013,2008,High Risk,Low Income,0,0.0074,0.1197,Low Interest
259414,259403,3975,3975,1925,36,0.14,135.61,D,D5,2 years,MORTGAGE,24000,Not Verified,02-01-2008,Fully Paid,n,credit_card,235xx,VA,21.9,0,08-01-1996,1,0,0,3,0,10944,0.823,4,f,0,0,4878.86,2362.1,3975,903.86,0,0,0,03-01-2011,111.64,03-01-2011,2008,High Risk,Low Income,0,0.0057,0.1387,Low Interest
65426,232106,4000,4000,3892.3,36,0.11,131.22,B,B1,< 1 year,MORTGAGE,60000,Not Verified,08-01-2009,Charged Off,n,car,481xx,MI,11.08,0,08-01-1995,0,0,0,14,0,24220,0.686,33,f,0,0,2755.2,2615.8,2170.35,584.85,0,0,0,06-01-2011,131.22,05-01-2016,2009,High Risk,Low Income,1,0.0022,0.1114,Low Interest
120215,118760,4000,4000,3575,36,0.07,124.31,A,A2,< 1 year,RENT,40000,Not Verified,08-01-2007,Fully Paid,n,educational,080xx,NJ,3.45,0,11-01-2002,0,0,0,2,0,330,0.11,4,f,0,0,4474.38,3998.97,4000,474.38,0,0,0,08-01-2010,119.24,04-01-2015,2007,High Risk,Low Income,0,0.0031,0.0743,Low Interest
120525,120227,4000,4000,1475,36,0.11,130.79,C,C3,1 year,RENT,18000,Not Verified,08-01-2007,Fully Paid,n,car,232xx,VA,18,0,08-01-2001,1,0,0,4,0,5533,0.796,5,f,0,0,4708.07,1736.1,4000,708.07,0,0,0,08-01-2010,134.78,06-01-2011,2007,High Risk,Low Income,0,0.0073,0.1091,Low Interest
122637,104675,4000,4000,1550,36,0.08,124.89,A,A3,1 year,OWN,61800,Not Verified,08-01-2007,Fully Paid,n,other,069xx,CT,3.46,0,09-01-2000,0,0,0,12,0,1918,0.171,16,f,0,0,4495.84,1742.16,4000,495.84,0,0,0,09-01-2010,126.29,08-01-2010,2007,High Risk,Low Income,0,0.002,0.0775,Low Interest
140036,140027,4000,1000,550,36,0.1,32.25,B,B5,1 year,RENT,35000,Not Verified,10-01-2007,Charged Off,n,other,070xx,NJ,5.83,0,11-01-2001,2,0,0,7,0,1188,0.03,7,f,0,0,868.81,477.36,719.9,148.91,0,0,0,01-01-2010,32.25,05-01-2016,2007,High Risk,Low Income,1,0.0009,0.0996,Low Interest
149754,149751,4000,4000,979.8,36,0.11,130.79,C,C3,< 1 year,RENT,14400,Not Verified,11-01-2007,Fully Paid,n,other,323xx,FL,8.92,0,09-01-2004,1,0,0,8,0,3614,0.613,13,f,0,0,4708.2,1139.97,3999.99,708.21,0,0,0,11-01-2010,135.81,05-01-2016,2007,High Risk,Low Income,0,0.0091,0.1091,Low Interest
157768,157765,4000,4000,437.4,36,0.09,126.65,B,B1,1 year,RENT,44000,Not Verified,12-01-2007,Fully Paid,n,credit_card,770xx,TX,18.71,0,12-01-1997,0,29,0,14,0,3209,0.126,37,f,0,0,4559.03,487.57,3999.99,559.04,0,0,0,12-01-2010,128.06,02-01-2011,2007,High Risk,Low Income,0,0.0029,0.087,Low Interest
163627,163621,4000,4000,972.4,36,0.11,130.18,C,C2,3 years,RENT,62000,Not Verified,12-01-2007,Fully Paid,n,credit_card,985xx,WA,17.81,0,07-01-1990,2,32,0,15,0,18168,0.685,30,f,0,0,4686.46,1123.86,4000,686.46,0,0,0,12-01-2010,134.37,02-01-2013,2007,High Risk,Low Income,0,0.0021,0.1059,Low Interest
180005,177903,4000,4000,1675,36,0.08,124.89,A,A3,2 years,RENT,24000,Not Verified,12-01-2007,Fully Paid,n,other,284xx,NC,6,0,06-01-2000,0,55,0,8,0,2666,0.121,19,f,0,0,4444.33,1861.19,4000,444.33,0,0,0,01-01-2010,1448.33,02-01-2013,2007,High Risk,Low Income,0,0.0052,0.0775,Low Interest
182554,182441,4000,4000,1055,36,0.12,131.99,C,C5,< 1 year,RENT,50952,Not Verified,12-01-2007,Fully Paid,n,other,329xx,FL,9.14,0,01-01-1997,0,30,0,2,0,463,0.926,9,f,0,0,4747.53,1251.45,3999.99,747.54,0,0,0,11-01-2010,15.13,03-01-2016,2007,High Risk,Low Income,0,0.0026,0.1154,Low Interest
193630,192688,4000,4000,1225,36,0.08,125.48,A,A4,4 years,RENT,21600,Not Verified,01-01-2008,Fully Paid,n,debt_consolidation,708xx,LA,10.33,0,09-01-2002,1,0,0,6,0,3737,0.558,11,f,0,0,4442.81,1360.61,4000,442.81,0,0,0,12-01-2009,1685.2,11-01-2009,2008,High Risk,Low Income,0,0.0058,0.0807,Low Interest
199575,199555,4000,4000,875,36,0.07,124.3,A,A2,10+ years,MORTGAGE,62500,Not Verified,01-01-2008,Fully Paid,n,home_improvement,708xx,LA,5.82,0,02-01-1993,0,0,0,9,0,773,0.048,31,f,0,0,4095.4,895.9,4000,95.4,0,0,0,05-01-2008,3722.88,12-01-2007,2008,High Risk,Low Income,0,0.002,0.0743,Low Interest
202270,202156,4000,4000,1200,36,0.12,133.55,D,D1,1 year,RENT,50000,Not Verified,01-01-2008,Charged Off,n,debt_consolidation,068xx,CT,8.66,0,04-01-1989,1,25,88,13,1,9380,0.441,24,f,0,0,1084.63,324.54,665.76,267.67,0,151.2,1.54,08-01-2008,133.55,04-01-2016,2008,High Risk,Low Income,1,0.0027,0.1236,Low Interest
204428,204314,4000,4000,1025,36,0.12,133.55,D,D1,6 years,RENT,39996,Not Verified,01-01-2008,Fully Paid,n,debt_consolidation,850xx,AZ,9.48,0,10-01-1996,3,38,0,9,0,2923,0.284,16,f,0,0,4807.63,1231.96,4000,807.63,0,0,0,01-01-2011,137.6,07-01-2011,2008,High Risk,Low Income,0,0.0033,0.1236,Low Interest
211586,209087,4000,4000,3950,36,0.08,124.89,A,A3,1 year,RENT,57600,Not Verified,02-01-2008,Fully Paid,n,wedding,967xx,HI,1.33,0,04-01-2001,0,0,0,4,0,2325,0.082,7,f,0,0,4301.99,4248.21,4000,301.99,0,0,0,04-01-2009,2679.13,04-01-2009,2008,High Risk,Low Income,0,0.0022,0.0775,Low Interest
217987,216798,4000,4000,3952.6,36,0.11,130.54,C,C1,2 years,OWN,32000,Not Verified,01-01-2008,Fully Paid,n,wedding,220xx,VA,0.38,0,06-01-2004,0,0,0,2,0,887,0.386,5,f,0,0,4699.38,4643.28,4000,699.38,0,0,0,01-01-2011,134.81,01-01-2011,2008,High Risk,Low Income,0,0.0041,0.1078,Low Interest
225897,225868,4000,4000,3500,36,0.1,129.34,B,B4,< 1 year,RENT,36000,Not Verified,01-01-2008,Fully Paid,n,debt_consolidation,806xx,CO,7.07,0,10-01-2003,2,0,0,4,0,4220,0.534,5,f,0,0,4626.14,4047.87,4000,626.14,0,0,0,08-01-2010,15.37,07-01-2010,2008,High Risk,Low Income,0,0.0036,0.1014,Low Interest
232568,232542,4000,4000,1685.5,36,0.11,130.54,C,C1,10+ years,MORTGAGE,50000,Not Verified,01-01-2008,Fully Paid,n,home_improvement,226xx,VA,15.5,2,02-01-1985,0,6,0,9,0,10979,0.372,37,f,0,0,4699.39,1958.44,4000,699.39,0,0,0,02-01-2011,134.88,05-01-2016,2008,High Risk,Low Income,0,0.0026,0.1078,Low Interest
237549,237477,4000,4000,975,36,0.08,124.89,A,A3,10+ years,MORTGAGE,65000,Not Verified,01-01-2008,Fully Paid,n,home_improvement,054xx,VT,9.25,0,05-01-1994,0,0,0,11,0,3348,0.053,17,f,0,0,4377.37,1067.01,4000,377.37,0,0,0,09-01-2009,2130.04,08-01-2009,2008,High Risk,Low Income,0,0.0019,0.0775,Low Interest
250422,227948,4000,4000,2550,36,0.1,128.62,B,B2,< 1 year,RENT,63000,Not Verified,02-01-2008,Fully Paid,n,small_business,222xx,VA,2.7,0,06-01-1989,0,29,0,8,0,4010,0.081,17,f,0,0,4095.47,2610.92,4000,95.47,0,0,0,05-01-2008,3839.12,01-01-2008,2008,High Risk,Low Income,0,0.002,0.0976,Low Interest
257223,255230,4000,4000,2475,36,0.1,129.22,B,B3,6 years,RENT,32400,Not Verified,02-01-2008,Fully Paid,n,home_improvement,189xx,PA,16.26,0,11-01-2003,1,0,0,6,0,2352,0.273,10,f,0,0,4372.21,2705.31,4000,372.21,0,0,0,03-01-2009,2825.89,03-01-2009,2008,High Risk,Low Income,0,0.004,0.1008,Low Interest
282074,281432,4000,4000,2825,36,0.1,129.22,B,B3,10+ years,MORTGAGE,55200,Not Verified,03-01-2008,Fully Paid,n,other,766xx,TX,19.43,0,02-01-1995,3,0,0,6,0,4446,0.617,28,f,0,0,4272.95,3017.78,4000,272.95,0,0,0,12-01-2008,3242.43,02-01-2016,2008,High Risk,Low Income,0,0.0023,0.1008,Low Interest
283014,282989,4000,4000,3432.4,36,0.1,129.81,B,B4,6 years,RENT,30000,Not Verified,03-01-2008,Fully Paid,n,other,339xx,FL,6.04,0,11-01-1990,0,71,91,4,1,10366,0.644,9,f,0,0,4672.84,3991.54,4000,672.84,0,0,0,03-01-2011,134.67,03-01-2011,2008,High Risk,Low Income,0,0.0043,0.1039,Low Interest
497493,637810,4000,4000,4000,36,0.11,130.24,B,B3,1 year,MORTGAGE,46500,Not Verified,03-01-2010,Fully Paid,n,major_purchase,080xx,NJ,8.65,1,01-01-1996,1,20,65,14,1,7226,0.623,24,f,0,0,4695.93,4695.93,4000,695.93,0,0,0,05-01-2013,87.01,12-01-2014,2010,High Risk,Low Income,0,0.0028,0.1062,Low Interest
515768,666670,4000,4000,4000,36,0.11,130.24,B,B3,10+ years,RENT,53636,Not Verified,05-01-2010,Fully Paid,n,other,928xx,CA,23.18,0,11-01-1990,0,63,104,7,1,6126,0.736,14,f,0,0,4416.48,4416.48,4000,416.48,0,0,0,07-01-2011,2727.35,05-01-2016,2010,High Risk,Low Income,0,0.0024,0.1062,Low Interest
516370,667397,4000,4000,3950,60,0.13,90.47,C,C1,3 years,RENT,18000,Not Verified,05-01-2010,Fully Paid,n,debt_consolidation,921xx,CA,23.4,1,07-01-1995,0,7,102,6,1,2723,0.357,12,f,0,0,5427.4,5359.56,4000,1427.4,0,0,0,06-01-2015,101.84,05-01-2015,2010,High Risk,Low Income,0,0.005,0.1273,Low Interest
531363,686978,4000,4000,4000,36,0.14,135.96,C,C2,10+ years,MORTGAGE,35000,Not Verified,06-01-2010,Fully Paid,n,credit_card,559xx,MN,6.72,1,10-01-1985,1,9,86,9,1,4827,0.779,30,f,0,0,4894.5,4894.5,4000,894.5,0,0,0,07-01-2013,149.01,05-01-2016,2010,High Risk,Low Income,0,0.0039,0.1361,Low Interest
622381,797656,4000,4000,4000,36,0.07,122.67,A,A4,2 years,RENT,45600,Not Verified,11-01-2010,Fully Paid,n,debt_consolidation,021xx,MA,2.97,0,01-01-1996,0,56,111,9,1,2969,0.183,14,f,0,0,4373.37,4373.37,4000,373.37,0,0,0,01-01-2013,1435.44,02-01-2013,2010,High Risk,Low Income,0,0.0027,0.0654,Low Interest
649918,831400,4000,4000,4000,36,0.1,129.77,B,B3,8 years,RENT,54000,Verified,01-01-2011,Charged Off,n,debt_consolidation,980xx,WA,15.58,0,01-01-1992,0,50,55,11,1,10597,0.582,28,f,0,0,1057.07,1057.07,683.27,224.21,0,149.59,1.57,08-01-2011,129.77,01-01-2012,2011,High Risk,Low Income,1,0.0024,0.1037,Low Interest
665160,850445,4000,4000,3507.4,36,0.14,137.05,C,C5,8 years,RENT,26400,Source Verified,02-01-2011,Charged Off,n,home_improvement,026xx,MA,21.32,0,12-01-2000,2,50,58,3,1,13448,0.83,11,f,0,0,1796.43,1707.89,1107.13,533.51,0,155.79,28.04,07-01-2012,274,11-01-2012,2011,High Risk,Low Income,1,0.0052,0.1417,Low Interest
718570,912807,4000,4000,4000,36,0.11,131.17,B,B5,10+ years,RENT,43200,Source Verified,04-01-2011,Fully Paid,n,debt_consolidation,930xx,CA,9.56,0,10-01-1999,0,30,95,4,1,2559,0.825,17,f,0,0,4721.84,4721.84,4000,721.84,0,0,0,04-01-2014,153.42,05-01-2016,2011,High Risk,Low Income,0,0.003,0.1111,Low Interest
752188,951744,4000,4000,4000,60,0.13,91,C,C1,6 years,MORTGAGE,34000,Not Verified,05-01-2011,Fully Paid,n,credit_card,891xx,NV,20.86,0,01-01-2001,0,63,89,6,1,4071,0.59,8,f,0,0,5459.31,5459.31,4000,1459.31,0,0,0,05-01-2016,90.31,05-01-2016,2011,High Risk,Low Income,0,0.0027,0.1299,Low Interest
755156,954948,4000,4000,4000,36,0.08,126.26,A,A5,10+ years,MORTGAGE,156000,Source Verified,05-01-2011,Fully Paid,n,home_improvement,207xx,MD,10.64,0,06-01-1977,0,29,113,9,1,3715,0.663,20,f,0,0,4545.02,4545.02,4000,545.02,0,0,0,06-01-2014,148.9,04-01-2016,2011,High Risk,Low Income,0,0.0008,0.0849,Low Interest
759673,959929,4000,4000,4000,36,0.15,139.12,C,C5,10+ years,RENT,56000,Source Verified,05-01-2011,Fully Paid,n,major_purchase,117xx,NY,1.35,0,10-01-1999,1,36,99,3,1,2395,0.428,8,f,0,0,5007.97,5007.97,4000,1007.97,0,0,0,06-01-2014,150.71,05-01-2014,2011,High Risk,Low Income,0,0.0025,0.1523,Low Interest
777693,980216,4000,4000,4000,36,0.11,131.89,B,B4,10+ years,MORTGAGE,49349,Not Verified,06-01-2011,Fully Paid,n,debt_consolidation,136xx,NY,18.19,0,12-01-1998,3,30,104,8,1,3517,0.395,30,f,0,0,4112.25,4112.25,4000,112.25,0,0,0,09-01-2011,3850.49,09-01-2011,2011,High Risk,Low Income,0,0.0027,0.1149,Low Interest
780472,983260,4000,4000,4000,36,0.18,144.76,D,D4,10+ years,MORTGAGE,40000,Verified,06-01-2011,Fully Paid,n,other,563xx,MN,1.38,0,04-01-2000,0,43,113,3,1,1014,0.922,17,f,0,0,5118.68,5118.68,4000,1118.68,0,0,0,09-01-2013,1363.2,05-01-2016,2011,High Risk,Low Income,0,0.0036,0.1807,Low Interest
813997,1021480,4000,4000,4000,36,0.11,130.94,B,B3,5 years,MORTGAGE,52800,Source Verified,07-01-2011,Fully Paid,n,wedding,241xx,VA,15.43,0,06-01-1995,1,61,101,7,1,6286,0.487,20,f,0,0,4455.12,4455.12,4000,455.12,0,0,0,11-01-2012,2628.96,05-01-2016,2011,High Risk,Low Income,0,0.0025,0.1099,Low Interest
837418,1047540,4000,4000,4000,36,0.08,126.26,A,A5,6 years,MORTGAGE,70000,Verified,08-01-2011,Fully Paid,n,home_improvement,840xx,UT,2.07,0,07-01-1997,1,48,52,9,1,3965,0.793,20,f,0,0,4442.91,4442.91,4000,442.91,0,0,0,05-01-2013,1934.5,05-01-2016,2011,High Risk,Low Income,0,0.0018,0.0849,Low Interest
855586,1067909,4000,4000,4000,36,0.11,131.89,B,B4,5 years,MORTGAGE,65000,Source Verified,08-01-2011,Fully Paid,n,debt_consolidation,923xx,CA,9.3,0,11-01-1998,2,37,89,9,1,0,0,20,f,0,0,4747.83,4747.83,4000,747.83,0,0,0,09-01-2014,144.42,05-01-2016,2011,High Risk,Low Income,0,0.002,0.1149,Low Interest
856675,1069060,4000,4000,4000,36,0.1,129.05,B,B1,4 years,RENT,58800,Source Verified,09-01-2011,Charged Off,n,other,902xx,CA,24.14,0,09-01-1997,1,73,94,11,1,12672,0.72,17,f,0,0,770.52,770.52,583.73,186.79,0,0,0,03-01-2012,129.05,05-01-2016,2011,High Risk,Low Income,1,0.0022,0.0999,Low Interest
878273,1093046,4000,4000,4000,36,0.11,130.18,B,B2,5 years,RENT,38400,Not Verified,09-01-2011,Fully Paid,n,credit_card,923xx,CA,3.16,0,08-01-2001,1,80,50,4,1,3870,0.43,8,f,0,0,4520.61,4520.61,4000,520.61,0,0,0,04-01-2013,2184.68,05-01-2013,2011,High Risk,Low Income,0,0.0034,0.1059,Low Interest
887182,1103313,4000,4000,4000,36,0.13,134.18,B,B5,1 year,RENT,26000,Source Verified,09-01-2011,Fully Paid,n,debt_consolidation,923xx,CA,18.83,0,08-01-2002,0,26,113,5,1,1813,0.697,6,f,0,0,4809.68,4809.68,4000,809.68,0,0,0,05-01-2014,800.47,03-01-2015,2011,High Risk,Low Income,0,0.0052,0.1269,Low Interest
890763,1107486,4000,4000,4000,36,0.12,132.31,B,B3,3 years,RENT,77250,Source Verified,10-01-2011,Fully Paid,n,house,072xx,NJ,8.9,0,02-01-1995,1,27,66,8,1,1200,0.343,12,f,0,0,4779.16,4779.16,4000,764.16,15,0,0,10-01-2014,144.77,05-01-2016,2011,High Risk,Low Income,0,0.0017,0.1171,Low Interest
987930,1210846,4000,4000,4000,36,0.09,127.02,A,A5,2 years,MORTGAGE,112000,Source Verified,10-01-2011,Fully Paid,n,home_improvement,998xx,AK,3.19,0,09-01-2002,0,72,44,5,2,554,0.396,12,f,0,0,4572.43,4572.43,4000,572.43,0,0,0,10-01-2014,132.66,01-01-2016,2011,High Risk,Low Income,0,0.0011,0.089,Low Interest
1025585,1254746,4000,4000,4000,36,0.14,137.24,C,C2,5 years,MORTGAGE,75000,Source Verified,11-01-2011,Fully Paid,n,car,773xx,TX,1.84,1,07-01-1993,1,18,86,4,1,5311,0.885,17,f,0,0,4610.71,4610.71,4000,595.71,15,0,0,03-01-2013,2676.14,05-01-2016,2011,High Risk,Low Income,0,0.0018,0.1427,Low Interest
825885,1034718,4150,4150,3900,36,0.18,150.85,E,E2,10+ years,MORTGAGE,62000,Source Verified,07-01-2011,Fully Paid,n,debt_consolidation,676xx,KS,4.06,1,08-01-1997,0,13,89,5,1,989,0.989,15,f,0,0,5430.39,5103.26,4150,1280.39,0,0,0,08-01-2014,157.84,11-01-2015,2011,High Risk,Low Income,0,0.0024,0.1839,Low Interest
487214,621024,4200,4200,4200,36,0.14,144,C,C5,10+ years,RENT,53000,Not Verified,02-01-2010,Fully Paid,n,other,824xx,WY,16.69,1,03-01-1997,0,23,50,6,3,5804,0.509,19,f,0,0,5199.19,5199.19,4200,984.19,15,0,0,04-01-2013,29.96,02-01-2010,2010,High Risk,Low Income,0,0.0027,0.1422,Low Interest
509923,658350,4200,4200,4200,60,0.16,102.86,D,D5,6 years,MORTGAGE,37000,Source Verified,07-01-2010,Fully Paid,n,home_improvement,238xx,VA,5.61,1,12-01-1998,1,12,64,3,1,468,0.039,5,f,0,0,5125.71,5125.71,4200,925.71,0,0,0,02-01-2012,3379.87,11-01-2015,2010,High Risk,Low Income,0,0.0028,0.1632,Low Interest
551373,710560,4200,4200,4200,36,0.13,141.99,C,C1,7 years,MORTGAGE,42000,Not Verified,07-01-2010,Fully Paid,n,credit_card,452xx,OH,1.46,0,12-01-1998,1,45,63,7,1,1601,0.348,14,f,0,0,4835.52,4835.52,4200,635.52,0,0,0,01-01-2012,2567.12,01-01-2012,2010,High Risk,Low Income,0,0.0034,0.1323,Low Interest
623743,799359,4200,4200,4175,36,0.09,134.05,B,B2,5 years,MORTGAGE,38000,Not Verified,12-01-2010,Fully Paid,n,credit_card,553xx,MN,3.22,0,03-01-2005,0,67,50,8,1,3928,0.554,11,f,0,0,4826.04,4797.31,4200,626.04,0,0,0,12-01-2013,149.34,01-01-2014,2010,High Risk,Low Income,0,0.0035,0.0925,Low Interest
655016,837737,4200,4200,4200,60,0.14,98.1,C,C5,10+ years,RENT,68000,Source Verified,01-01-2011,Fully Paid,n,vacation,600xx,IL,19.91,0,11-01-1996,2,58,86,13,1,9897,0.818,21,f,0,0,5885.76,5885.76,4200,1685.76,0,0,0,02-01-2016,97.85,01-01-2016,2011,High Risk,Low Income,0,0.0014,0.1417,Low Interest
692382,883046,4200,4200,4175,36,0.13,140.87,C,C1,1 year,MORTGAGE,57000,Not Verified,03-01-2011,Fully Paid,n,major_purchase,993xx,WA,14.78,2,02-01-1994,2,19,96,10,1,2751,0.585,18,f,0,0,5071.24,5041.05,4200,871.24,0,0,0,03-01-2014,162.7,12-01-2015,2011,High Risk,Low Income,0,0.0025,0.1268,Low Interest
818395,1026323,4200,4200,4200,36,0.1,135.51,B,B1,10+ years,OWN,50988,Not Verified,07-01-2011,Fully Paid,n,other,446xx,OH,13.67,0,07-01-1992,0,41,92,7,1,8223,0.263,11,f,0,0,4878.05,4878.05,4200,678.05,0,0,0,08-01-2014,152.81,07-01-2014,2011,High Risk,Low Income,0,0.0027,0.0999,Low Interest
840579,1050975,4200,4200,4200,36,0.15,146.07,C,C5,< 1 year,RENT,21600,Not Verified,08-01-2011,Fully Paid,n,wedding,600xx,IL,4.67,0,11-01-1999,1,72,85,12,1,2737,0.977,18,f,0,0,5258.42,5258.42,4200,1058.42,0,0,0,09-01-2014,165.64,05-01-2016,2011,High Risk,Low Income,0,0.0068,0.1523,Low Interest
979102,1202196,4200,4200,4200,60,0.14,98.32,C,C2,1 year,RENT,40000,Source Verified,10-01-2011,Fully Paid,n,debt_consolidation,923xx,CA,19.62,0,03-01-2000,0,38,119,12,1,5949,0.447,20,f,0,0,5265.89,5265.89,4200,1065.89,0,0,0,01-01-2014,218.35,06-01-2014,2011,High Risk,Low Income,0,0.0025,0.1427,Low Interest
240361,240346,4225,4225,2078.3,36,0.1,136,B,B3,10+ years,RENT,48000,Not Verified,02-01-2008,Fully Paid,n,debt_consolidation,913xx,CA,11.93,1,09-01-1990,0,20,0,6,0,19708,0.371,16,f,0,0,4895.66,2407.75,4225,670.66,0,0,0,02-01-2011,143.93,07-01-2014,2008,High Risk,Low Income,0,0.0028,0.0983,Low Interest
137106,137103,4275,4275,525,36,0.1,138.51,C,C1,< 1 year,OWN,31000,Not Verified,10-01-2007,Fully Paid,n,other,295xx,SC,24.81,0,11-01-1991,2,0,0,12,0,6752,0.246,18,f,0,0,4382.3,538.2,4275,107.3,0,0,0,01-01-2008,4105.9,10-01-2007,2007,High Risk,Low Income,0,0.0045,0.1028,Low Interest
136226,136223,4300,4300,850,36,0.11,140.6,C,C3,1 year,RENT,36000,Not Verified,10-01-2007,Fully Paid,n,debt_consolidation,027xx,MA,9.87,0,06-01-2003,0,0,0,8,0,12323,0.44,16,f,0,0,5035.13,995.32,4300,735.13,0,0,0,04-01-2010,964.01,05-01-2016,2007,High Risk,Low Income,0,0.0039,0.1091,Low Interest
830743,1039913,4325,4325,4075,36,0.07,134.52,A,A4,10+ years,MORTGAGE,44300,Source Verified,07-01-2011,Fully Paid,n,credit_card,333xx,FL,5.47,0,06-01-1994,0,73,110,9,1,5074,0.352,34,f,0,0,4719.25,4446.46,4325,394.25,0,0,0,03-01-2013,2303.59,02-01-2015,2011,High Risk,Low Income,0,0.003,0.0749,Low Interest
196863,194670,4350,4350,1129.1,36,0.12,143.53,C,C5,6 years,RENT,22000,Not Verified,01-01-2008,Fully Paid,n,debt_consolidation,917xx,CA,24.71,0,06-01-2004,0,0,0,10,0,5967,0.255,10,f,0,0,5158.92,1338.39,4350,808.92,0,0,0,11-01-2010,10.36,04-01-2011,2008,High Risk,Low Income,0,0.0065,0.1154,Low Interest
253727,253715,4500,4500,1575,36,0.09,142.33,A,A5,2 years,OWN,10000,Not Verified,02-01-2008,Fully Paid,n,car,988xx,WA,0,1,01-01-2005,0,23,0,5,0,0,0,6,f,0,0,5095.75,1783.52,4500,595.75,0,0,0,09-01-2010,14.96,09-01-2010,2008,High Risk,Low Income,0,0.0142,0.0863,Low Interest
390255,425137,4500,4500,875,36,0.15,156.12,D,D4,2 years,MORTGAGE,82000,Verified,04-01-2009,Fully Paid,n,major_purchase,958xx,CA,11.56,2,04-01-1999,1,8,92,6,1,0,0,13,f,0,0,4556.64,886.15,4500,56.64,0,0,0,05-01-2009,4556.77,04-01-2016,2009,High Risk,Low Income,0,0.0019,0.1505,Low Interest
445340,543817,4500,4500,4500,36,0.13,150.6,B,B5,10+ years,RENT,60000,Not Verified,09-01-2009,Charged Off,n,debt_consolidation,065xx,CT,1.12,0,03-01-1989,0,29,118,6,1,1916,0.435,9,f,0,0,2531.22,2531.22,1791.03,614.09,0,126.1,1.36,02-01-2011,150.6,07-01-2011,2009,High Risk,Low Income,1,0.0025,0.1253,Low Interest
581435,747339,4500,4500,4475,36,0.15,155.38,C,C5,3 years,MORTGAGE,30000,Not Verified,09-01-2010,Fully Paid,n,credit_card,853xx,AZ,8.56,1,03-01-1999,0,15,94,8,1,4865,0.76,14,f,0,0,5594.01,5562.93,4500,1094.01,0,0,0,10-01-2013,165.2,12-01-2015,2010,High Risk,Low Income,0,0.0052,0.1472,Low Interest
604779,775858,4500,4500,4500,36,0.09,142.85,B,B1,9 years,MORTGAGE,63000,Not Verified,10-01-2010,Fully Paid,n,credit_card,974xx,OR,7.07,0,06-01-1994,2,43,89,10,1,9356,0.47,23,f,0,0,5142.87,5142.87,4500,642.87,0,0,0,11-01-2013,152.23,03-01-2016,2010,High Risk,Low Income,0,0.0023,0.0888,Low Interest
628348,805155,4500,4500,4500,60,0.15,106.66,D,D3,4 years,MORTGAGE,70000,Source Verified,12-01-2010,Fully Paid,n,home_improvement,180xx,PA,15.34,0,01-01-1996,1,44,95,7,1,55212,0.464,18,f,0,0,6400.33,6400.33,4500,1900.33,0,0,0,01-01-2016,0.72,01-01-2016,2010,High Risk,Low Income,0,0.0015,0.1483,Low Interest
743029,941213,4500,4500,4500,60,0.12,100.08,B,B5,1 year,MORTGAGE,42000,Verified,05-01-2011,Fully Paid,n,major_purchase,456xx,OH,4.83,1,12-01-1997,0,15,70,11,1,2113,0.274,12,f,0,0,6004.58,6004.58,4500,1504.58,0,0,0,05-01-2016,99.85,05-01-2016,2011,High Risk,Low Income,0,0.0024,0.1199,Low Interest
827490,1036445,4550,4550,4550,36,0.15,158.25,C,C5,2 years,RENT,42000,Source Verified,07-01-2011,Fully Paid,n,debt_consolidation,981xx,WA,7,0,01-01-1998,1,48,97,5,1,2406,0.376,9,f,0,0,4926.95,4926.95,4550,376.95,0,0,0,04-01-2012,10.63,04-01-2012,2011,High Risk,Low Income,0,0.0038,0.1523,Low Interest
243243,243182,4600,4600,4550,36,0.1,148.61,B,B3,< 1 year,RENT,42000,Not Verified,02-01-2008,Fully Paid,n,debt_consolidation,801xx,CO,5.91,0,04-01-1995,2,0,0,13,0,7239,0.163,30,f,0,0,5000.99,4946.63,4600,400.99,0,0,0,02-01-2009,3369.41,05-01-2016,2008,High Risk,Low Income,0,0.0035,0.1008,Low Interest
133301,133259,4650,4650,775,36,0.1,150.66,C,C1,10+ years,MORTGAGE,45600,Not Verified,10-01-2007,Charged Off,n,other,630xx,MO,3.26,1,11-01-1989,1,22,0,3,0,105,0.35,25,f,0,0,4073.98,677.96,2938.05,676.44,0,459.49,124.88,10-01-2009,150.66,05-01-2016,2007,High Risk,Low Income,1,0.0033,0.1028,Low Interest
771339,973100,4650,4650,4650,36,0.08,146.77,A,A5,10+ years,MORTGAGE,85000,Not Verified,06-01-2011,Fully Paid,n,home_improvement,064xx,CT,22.83,1,01-01-2000,0,18,115,21,1,6692,0.195,44,f,0,0,5283.62,5283.62,4650,633.62,0,0,0,06-01-2014,171.92,09-01-2014,2011,High Risk,Low Income,0,0.0017,0.0849,Low Interest
267686,189345,4700,4700,4450,36,0.09,150.45,B,B1,1 year,RENT,65000,Not Verified,03-01-2008,Fully Paid,n,credit_card,111xx,NY,11.13,0,11-01-1993,0,0,0,9,0,16724,0.417,11,f,0,0,5083.62,4813.21,4700,383.62,0,0,0,03-01-2009,3429.75,03-01-2009,2008,High Risk,Low Income,0,0.0023,0.0945,Low Interest
433954,517351,4700,4700,4600,36,0.14,160.45,C,C4,5 years,MORTGAGE,27500,Verified,08-01-2009,Fully Paid,n,debt_consolidation,495xx,MI,21.6,0,06-01-1994,0,51,108,6,1,2960,0.822,17,f,0,0,5581.8,5463.04,4700,866.8,15,0,0,06-01-2011,2361.57,12-01-2015,2009,High Risk,Low Income,0,0.0058,0.1392,Low Interest
196428,189204,4725,4725,1050,36,0.11,155.19,C,C4,< 1 year,RENT,19800,Not Verified,01-01-2008,Charged Off,n,other,950xx,CA,23.03,0,11-01-2000,0,0,0,6,0,4500,0.13,7,f,0,0,3793.02,842.32,2282.72,664.82,74.96,770.52,269.6,08-01-2009,155.19,05-01-2016,2008,High Risk,Low Income,1,0.0078,0.1122,Low Interest
573275,737378,4750,4750,4746.8,60,0.15,113.53,D,D2,< 1 year,MORTGAGE,27600,Not Verified,09-01-2010,Fully Paid,n,home_improvement,448xx,OH,22.65,1,11-01-1997,2,16,100,8,1,8934,0.693,31,f,0,0,6607.99,6601.5,4750,1857.99,0,0,0,04-01-2014,1862.69,04-01-2014,2010,High Risk,Low Income,0,0.0041,0.1521,Low Interest
883173,1098426,4750,4750,4750,36,0.15,165.29,C,C4,7 years,MORTGAGE,55500,Not Verified,09-01-2011,Charged Off,n,debt_consolidation,231xx,VA,17.04,0,11-01-2002,1,53,50,9,1,3840,0.914,26,f,0,0,2335.95,2335.95,1460.35,673.55,0,202.05,1.9,11-01-2012,165.29,04-01-2013,2011,High Risk,Low Income,1,0.003,0.1527,Low Interest
124436,124430,4800,4800,3075,36,0.11,157.66,C,C4,5 years,RENT,30000,Not Verified,09-01-2007,Fully Paid,n,debt_consolidation,685xx,NE,12.36,0,10-01-2002,0,0,0,9,0,12310,0.861,15,f,0,0,5675.57,3635.91,4800,875.57,0,0,0,09-01-2010,160.09,08-01-2014,2007,High Risk,Low Income,0,0.0053,0.1122,Low Interest
142618,139881,4800,4800,1625,36,0.12,158.38,C,C5,< 1 year,RENT,25000,Not Verified,10-01-2007,Fully Paid,n,debt_consolidation,354xx,AL,18.19,1,09-01-2000,0,9,0,5,0,409,0.818,17,f,0,0,5701.52,1930.2,4800,901.52,0,0,0,11-01-2010,162.23,10-01-2010,2007,High Risk,Low Income,0,0.0063,0.1154,Low Interest
152291,152282,4800,4800,1100.8,36,0.08,149.87,A,A3,< 1 year,RENT,21000,Not Verified,11-01-2007,Fully Paid,n,wedding,770xx,TX,6.34,0,07-01-1999,0,0,0,7,0,3470,0.255,8,f,0,0,5395.04,1237.19,4800,595.04,0,0,0,11-01-2010,151.64,11-01-2010,2007,High Risk,Low Income,0,0.0071,0.0775,Low Interest
154154,151536,4800,4800,1100,36,0.1,155.52,C,C1,1 year,RENT,35000,Not Verified,11-01-2007,Fully Paid,n,debt_consolidation,226xx,VA,7.51,0,03-01-2000,0,52,114,11,1,5836,0.687,12,f,0,0,5134.09,1176.56,4800,334.09,0,0,0,08-01-2008,3891.08,08-01-2008,2007,High Risk,Low Income,0,0.0044,0.1028,Low Interest
155780,155777,4800,4800,800,36,0.08,149.87,A,A3,2 years,RENT,20000,Not Verified,11-01-2007,Fully Paid,n,credit_card,394xx,LA,10.26,0,07-01-1990,0,0,0,9,0,4921,0.304,9,f,0,0,5162.39,860.46,4800,362.39,0,0,0,01-01-2009,3214.98,01-01-2009,2007,High Risk,Low Income,0,0.0075,0.0775,Low Interest
174377,174280,4800,4800,1550,36,0.1,154.08,B,B4,6 years,MORTGAGE,60000,Not Verified,12-01-2007,Fully Paid,n,home_improvement,366xx,AL,12.94,0,10-01-1999,3,60,0,12,0,2822,0.099,24,f,0,0,5480.65,1769.79,4800,680.65,0,0,0,02-01-2010,1631.54,02-01-2010,2007,High Risk,Low Income,0,0.0026,0.0964,Low Interest
224984,224951,4800,4800,2150,36,0.11,157.36,C,C2,2 years,RENT,46000,Not Verified,01-01-2008,Fully Paid,n,debt_consolidation,787xx,TX,11.37,0,07-01-2000,1,0,0,6,0,15564,0.566,7,f,0,0,5650.29,2530.86,4800,850.29,0,0,0,10-01-2010,781.17,10-01-2014,2008,High Risk,Low Income,0,0.0034,0.1109,Low Interest
276107,271585,4800,4800,4237.1,36,0.11,157.22,C,C1,3 years,RENT,42996,Not Verified,03-01-2008,Fully Paid,n,other,222xx,VA,2.34,0,10-01-2002,1,0,0,5,0,3273,0.448,5,f,0,0,5659.67,4986.11,4800,859.67,0,0,0,03-01-2011,179.97,03-01-2011,2008,High Risk,Low Income,0,0.0037,0.1103,Low Interest
364420,374989,4800,4800,3065.4,36,0.12,160.38,C,C3,7 years,RENT,63000,Not Verified,12-01-2008,Charged Off,n,credit_card,908xx,CA,13.81,1,12-01-2000,3,19,62,8,1,5034,0.454,9,f,0,0,5480.67,3434.86,4479.65,967.51,14.98,18.52,3.33,10-01-2011,160.38,04-01-2012,2008,High Risk,Low Income,1,0.0025,0.1241,Low Interest
454268,562378,4800,4800,4800,36,0.15,165.49,D,D1,9 years,MORTGAGE,56000,Not Verified,11-01-2009,Fully Paid,n,debt_consolidation,303xx,GA,8.81,1,04-01-1987,0,14,71,10,1,5993,0.705,16,f,0,0,5957.21,5957.21,4800,1157.21,0,0,0,11-01-2012,172.53,05-01-2015,2009,High Risk,Low Income,0,0.003,0.1461,Low Interest
500286,642464,4800,4800,4800,36,0.11,157.98,B,B5,8 years,MORTGAGE,70000,Source Verified,04-01-2010,Fully Paid,n,debt_consolidation,731xx,OK,7.85,0,03-01-2001,0,43,119,8,1,4520,0.587,19,f,0,0,5304.89,5304.89,4800,504.89,0,0,0,05-01-2011,3413.67,05-01-2011,2010,High Risk,Low Income,0,0.0023,0.1136,Low Interest
529739,685031,4800,4800,4800,60,0.16,116.6,D,D4,10+ years,MORTGAGE,66000,Not Verified,06-01-2010,Fully Paid,n,major_purchase,233xx,VA,15.89,0,04-01-1994,0,46,115,6,1,3745,0.913,17,f,0,0,4989.31,4989.31,4800,189.31,0,0,0,09-01-2010,4756.91,10-01-2010,2010,High Risk,Low Income,0,0.0018,0.1595,Low Interest
542443,700009,4800,4800,4800,36,0.18,173.37,E,E5,5 years,MORTGAGE,36000,Source Verified,07-01-2010,Fully Paid,n,other,774xx,TX,21.97,0,11-01-2001,1,74,100,3,1,0,0,7,f,0,0,6216.46,6216.46,4800,1416.46,0,0,0,03-01-2013,848.18,07-01-2014,2010,High Risk,Low Income,0,0.0048,0.1793,Low Interest
560227,721091,4800,4800,4800,60,0.1,102.84,B,B5,10+ years,MORTGAGE,30000,Not Verified,10-01-2010,Fully Paid,n,wedding,933xx,CA,4.28,0,06-01-1991,0,31,105,2,1,3683,0.708,10,f,0,0,5296.08,5296.08,4800,496.08,0,0,0,12-01-2011,4067.36,01-01-2016,2010,High Risk,Low Income,0,0.0034,0.1036,Low Interest
586350,753280,4800,4800,4800,60,0.14,111.64,C,C3,3 years,RENT,80000,Source Verified,09-01-2010,Charged Off,n,medical,891xx,NV,11.26,0,06-01-1997,2,60,89,5,1,6,0.002,22,f,0,0,2324.65,2324.65,1175.04,941.94,0,207.67,1.97,05-01-2012,111.64,10-01-2012,2010,High Risk,Low Income,1,0.0014,0.1398,Low Interest
601612,771965,4800,4800,4725,36,0.1,154.03,B,B3,3 years,RENT,90000,Source Verified,10-01-2010,Fully Paid,n,small_business,015xx,MA,3.45,0,06-01-2001,0,25,35,6,1,5124,0.199,9,f,0,0,5429.39,5344.56,4800,629.39,0,0,0,07-01-2013,162.72,09-01-2015,2010,High Risk,Low Income,0,0.0017,0.0962,Low Interest
656099,839152,4800,4800,4800,36,0.13,161.87,C,C2,10+ years,MORTGAGE,36000,Source Verified,01-01-2011,Fully Paid,n,debt_consolidation,570xx,SD,17.27,1,10-01-1999,0,23,102,4,1,1029,0.857,22,f,0,0,5716.72,5716.72,4800,916.72,0,0,0,03-01-2013,1838.17,01-01-2016,2011,High Risk,Low Income,0,0.0045,0.1306,Low Interest
674320,861887,4800,4800,4800,36,0.13,161,C,C1,7 years,RENT,50000,Verified,02-01-2011,Fully Paid,n,credit_card,950xx,CA,7.87,0,01-01-1994,2,76,85,9,1,5109,0.72,21,f,0,0,5794.31,5794.31,4800,994.31,0,0,0,01-01-2014,332.19,08-01-2015,2011,High Risk,Low Income,0,0.0032,0.1268,Low Interest
681214,870185,4800,4800,4800,36,0.1,154.89,B,B2,5 years,RENT,92000,Verified,02-01-2011,Fully Paid,n,debt_consolidation,908xx,CA,22.34,0,08-01-1995,0,38,98,10,1,21313,0.795,17,f,0,0,5479.25,5479.25,4800,679.25,0,0,0,03-01-2013,1927.97,05-01-2016,2011,High Risk,Low Income,0,0.0017,0.1,Low Interest
725791,921096,4800,4800,4800,36,0.11,156.56,B,B4,10+ years,RENT,103641,Source Verified,04-01-2011,Fully Paid,n,vacation,641xx,MO,4.43,1,12-01-1998,1,16,79,13,1,3649,0.215,23,f,0,0,5427.14,5427.14,4800,627.14,0,0,0,06-01-2013,437.76,05-01-2016,2011,High Risk,Low Income,0,0.0015,0.1074,Low Interest
772361,974286,4800,4800,4700,36,0.12,159.41,B,B5,2 years,RENT,57408,Verified,06-01-2011,Fully Paid,n,debt_consolidation,701xx,LA,16.96,0,11-01-1997,0,51,118,7,1,6391,0.852,24,f,0,0,5737,5617.48,4800,937,0,0,0,05-01-2014,318.37,05-01-2016,2011,High Risk,Low Income,0,0.0028,0.1199,Low Interest
793212,997700,4800,4800,4800,36,0.15,165.91,C,C4,10+ years,RENT,80000,Source Verified,06-01-2011,Fully Paid,n,medical,060xx,CT,17.31,0,07-01-1998,1,68,110,10,1,5856,0.624,33,f,0,0,5972.33,5972.33,4800,1172.33,0,0,0,07-01-2014,176.57,04-01-2016,2011,High Risk,Low Income,0,0.0021,0.1479,Low Interest
808408,1015133,4800,4800,4800,36,0.13,161.71,C,C1,1 year,RENT,54000,Not Verified,07-01-2011,Fully Paid,n,debt_consolidation,337xx,FL,21.53,1,09-01-1996,1,22,104,16,1,8293,0.539,35,f,0,0,5177.87,5177.87,4800,377.87,0,0,0,03-01-2012,3997.42,05-01-2016,2011,High Risk,Low Income,0,0.003,0.1299,Low Interest
821321,1029656,4800,4800,4800,36,0.15,165.91,C,C4,4 years,RENT,61000,Not Verified,07-01-2011,Fully Paid,n,moving,900xx,CA,6.96,0,06-01-1986,1,79,104,11,1,9810,0.9,15,f,0,0,5837.49,5837.49,4800,1022.49,15,0,0,08-01-2013,2018.23,04-01-2014,2011,High Risk,Low Income,0,0.0027,0.1479,Low Interest
879399,1094276,4800,4800,4800,36,0.12,160.4,B,B4,5 years,MORTGAGE,39600,Not Verified,09-01-2011,Fully Paid,n,home_improvement,453xx,OH,14.45,1,12-01-1995,2,19,69,7,1,1669,0.878,23,f,0,0,5774.11,5774.11,4800,974.11,0,0,0,10-01-2014,170.09,05-01-2016,2011,High Risk,Low Income,0,0.0041,0.1242,Low Interest
887173,1103203,4800,4800,4550,36,0.11,156.36,B,B2,10+ years,MORTGAGE,72000,Source Verified,09-01-2011,Fully Paid,n,credit_card,840xx,UT,10.22,1,11-01-1990,0,14,113,12,1,6382,0.491,35,f,0,0,5508.12,5221.23,4800,708.12,0,0,0,09-01-2013,2075.57,04-01-2016,2011,High Risk,Low Income,0,0.0022,0.1065,Low Interest
992473,1216977,4800,4800,4800,36,0.12,158.77,B,B3,5 years,MORTGAGE,163232,Source Verified,10-01-2011,Fully Paid,n,home_improvement,773xx,TX,5.2,0,02-01-2001,1,58,97,13,1,23719,0.818,24,f,0,0,5617.94,5617.94,4800,817.94,0,0,0,12-01-2013,1816.69,05-01-2016,2011,High Risk,Low Income,0,0.001,0.1171,Low Interest
167189,167147,4900,4900,225,36,0.1,158.76,C,C1,10+ years,RENT,44000,Not Verified,12-01-2007,Charged Off,n,other,146xx,NY,15.3,3,10-01-1995,1,7,0,4,0,88,0.238,18,f,0,0,1587.33,72.78,1213.7,373.63,0,0,0,10-01-2008,158.76,05-01-2016,2007,High Risk,Low Income,1,0.0036,0.1028,Low Interest
353675,357398,4900,4900,966.7,36,0.14,167.76,D,D5,3 years,RENT,32400,Not Verified,08-01-2008,Fully Paid,n,debt_consolidation,945xx,CA,23.85,0,10-01-1998,1,30,67,5,1,2379,0.68,10,f,0,0,6033.36,1001.16,4900,1133.36,0,0,0,06-01-2011,497.85,07-01-2012,2008,High Risk,Low Income,0,0.0052,0.1412,Low Interest
645820,826337,4900,4900,4900,36,0.14,167.69,D,D1,10+ years,MORTGAGE,60000,Source Verified,01-01-2011,Fully Paid,n,car,729xx,AR,23.96,0,07-01-1999,5,41,26,12,1,12049,0.655,45,f,0,0,6037.02,6037.02,4900,1137.02,0,0,0,01-01-2014,174.33,01-01-2014,2011,High Risk,Low Income,0,0.0028,0.1409,Low Interest
142790,142781,4925,4925,1750,36,0.1,158.83,B,B5,10+ years,MORTGAGE,84000,Not Verified,10-01-2007,Fully Paid,n,debt_consolidation,223xx,VA,4.84,0,06-01-1990,2,0,0,13,0,48251,0.501,28,f,0,0,5664.12,2012.63,4925,739.12,0,0,0,06-01-2010,665.84,05-01-2016,2007,High Risk,Low Income,0,0.0019,0.0996,Low Interest
1015628,1243095,4950,4950,4950,36,0.12,163.73,B,B3,10+ years,MORTGAGE,19200,Source Verified,11-01-2011,Charged Off,n,debt_consolidation,545xx,WI,22.63,0,12-01-1998,0,39,61,12,2,6406,0.543,33,f,0,0,1541.46,1541.46,915.75,393.91,0,231.8,2.28,08-01-2012,165.41,02-01-2013,2011,High Risk,Low Income,1,0.0085,0.1171,Low Interest
65640,234569,5000,2650,495.5,36,0.11,87.19,C,C2,10+ years,MORTGAGE,90000,Not Verified,05-01-2008,Fully Paid,n,home_improvement,912xx,CA,17.25,0,05-01-1997,1,0,0,20,0,69909,0.511,51,f,0,0,3153.8,512.18,2649.99,488.82,15,0,0,05-01-2011,87.83,04-01-2015,2008,High Risk,Low Income,0,0.001,0.1134,Low Interest
88854,70699,5000,5000,225,36,0.07,155.38,A,A2,4 years,RENT,200000,Not Verified,08-01-2007,Fully Paid,n,house,100xx,NY,0.28,0,03-01-1995,0,0,0,2,0,3164,0.137,2,f,0,0,5174.19,232.85,5000,174.19,0,0,0,03-01-2008,0,05-01-2007,2007,High Risk,Low Income,0,0.0008,0.0743,Low Interest
90376,89243,5000,5000,650,36,0.07,155.38,A,A2,< 1 year,MORTGAGE,200000,Not Verified,07-01-2007,Fully Paid,n,other,208xx,MD,3.72,0,11-01-1988,0,0,0,17,0,85607,0.007,26,f,0,0,5174.2,672.66,5000,174.2,0,0,0,01-01-2008,0,06-01-2007,2007,High Risk,Low Income,0,0.0008,0.0743,Low Interest
90395,90390,5000,5000,1325,36,0.08,156.84,A,A4,< 1 year,MORTGAGE,100000,Not Verified,07-01-2007,Fully Paid,n,debt_consolidation,017xx,MA,2.3,0,10-01-1998,0,0,0,11,0,9698,0.194,20,f,0,0,5272.16,1397.12,5000,272.16,0,0,0,04-01-2008,0,06-01-2007,2007,High Risk,Low Income,0,0.0016,0.0807,Low Interest
90966,90962,5000,5000,4150,36,0.07,155.38,A,A2,8 years,MORTGAGE,150000,Not Verified,07-01-2007,Fully Paid,n,home_improvement,303xx,GA,0,0,12-01-1987,0,0,0,2,0,6053,0.195,19,f,0,0,5174.19,4294.58,5000,174.19,0,0,0,01-01-2008,4397.47,06-01-2007,2007,High Risk,Low Income,0,0.001,0.0743,Low Interest
92402,92390,5000,5000,700,36,0.09,158.3,B,B1,5 years,MORTGAGE,75000,Not Verified,07-01-2007,Fully Paid,n,credit_card,804xx,CO,15.55,0,05-01-1994,0,0,0,10,0,66033,0.23,29,f,0,0,5698.6,797.8,5000,698.6,0,0,0,07-01-2010,159.83,11-01-2014,2007,High Risk,Low Income,0,0.0021,0.087,Low Interest
92440,92423,5000,5000,3100,36,0.07,155.38,A,A2,7 years,MORTGAGE,95000,Not Verified,07-01-2007,Fully Paid,n,vacation,017xx,MA,3.83,0,07-01-2000,0,0,0,8,0,3660,0.068,16,f,0,0,5593.63,3468.05,5000,593.63,0,0,0,07-01-2010,157.38,06-01-2007,2007,High Risk,Low Income,0,0.0016,0.0743,Low Interest
92507,92502,5000,5000,250,36,0.07,155.38,A,A2,1 year,OWN,85000,Not Verified,07-01-2007,Fully Paid,n,credit_card,537xx,WI,0.31,0,10-01-1997,0,0,0,7,0,216,0.006,19,f,0,0,5593.63,279.68,5000,593.63,0,0,0,07-01-2010,156.29,06-01-2007,2007,High Risk,Low Income,0,0.0018,0.0743,Low Interest
92533,92529,5000,5000,675,36,0.11,164.23,C,C4,< 1 year,OWN,80000,Not Verified,07-01-2007,Fully Paid,n,credit_card,537xx,WI,1.21,0,07-01-1996,3,0,44,15,1,27185,0.161,29,f,0,0,5912.05,798.13,5000,912.05,0,0,0,07-01-2010,165.17,06-01-2007,2007,High Risk,Low Income,0,0.0021,0.1122,Low Interest
92552,92542,5000,5000,375,36,0.1,161.25,B,B5,4 years,MORTGAGE,48000,Not Verified,07-01-2007,Fully Paid,n,debt_consolidation,333xx,FL,8.03,0,08-01-1995,1,0,0,6,0,28329,0.486,6,f,0,0,5804.73,435.36,5000,804.73,0,0,0,07-01-2010,162.07,06-01-2010,2007,High Risk,Low Income,0,0.0034,0.0996,Low Interest
92666,92661,5000,5000,525,36,0.09,159.77,B,B3,2 years,MORTGAGE,180000,Not Verified,07-01-2007,Fully Paid,n,home_improvement,530xx,WI,11.93,0,02-01-1995,1,0,0,16,0,60568,0.392,38,f,0,0,5751.53,603.91,5000,751.53,0,0,0,07-01-2010,161.55,06-01-2007,2007,High Risk,Low Income,0,0.0009,0.0933,Low Interest
92676,92671,5000,5000,150,36,0.08,156.84,A,A4,< 1 year,MORTGAGE,180000,Not Verified,07-01-2007,Fully Paid,n,home_improvement,530xx,WI,5.55,0,06-01-1996,0,0,0,12,0,40934,0.263,39,f,0,0,5645.96,169.38,5000,645.96,0,0,0,07-01-2010,157.31,06-01-2007,2007,High Risk,Low Income,0,0.0009,0.0807,Low Interest
93061,93057,5000,5000,250,36,0.07,155.38,A,A2,8 years,MORTGAGE,120000,Not Verified,07-01-2007,Fully Paid,n,debt_consolidation,017xx,MA,2.29,0,10-01-1997,0,0,0,8,0,8379,0.169,16,f,0,0,5593.63,279.69,5000,593.63,0,0,0,07-01-2010,157.02,06-01-2010,2007,High Risk,Low Income,0,0.0013,0.0743,Low Interest
96350,96338,5000,5000,850,36,0.11,164.23,C,C4,1 year,OWN,30000,Not Verified,07-01-2007,Fully Paid,n,credit_card,314xx,GA,18.64,0,04-01-1993,0,0,0,10,0,15840,0.471,12,f,0,0,5912.05,1005.05,5000,912.05,0,0,0,07-01-2010,166.25,10-01-2012,2007,High Risk,Low Income,0,0.0055,0.1122,Low Interest
98982,98957,5000,5000,675,36,0.09,159.03,B,B2,1 year,RENT,73000,Not Verified,07-01-2007,Fully Paid,n,credit_card,222xx,VA,9.96,0,01-01-1999,0,0,0,21,0,23489,0.376,28,f,0,0,5725.02,772.88,5000,725.02,0,0,0,07-01-2010,160.02,07-01-2010,2007,High Risk,Low Income,0,0.0022,0.0901,Low Interest
100214,100208,5000,5000,3675,36,0.07,155.38,A,A2,< 1 year,OWN,45000,Not Verified,08-01-2007,Fully Paid,n,credit_card,537xx,WI,1.12,0,08-01-1991,1,0,0,5,0,1783,0,11,f,0,0,5593.63,4111.32,5000,593.63,0,0,0,08-01-2010,157.74,06-01-2007,2007,High Risk,Low Income,0,0.0035,0.0743,Low Interest
112245,112227,5000,5000,3975,36,0.07,155.38,A,A2,6 years,RENT,40000,Not Verified,07-01-2007,Fully Paid,n,car,547xx,WI,2.55,0,02-01-1985,2,0,0,4,0,2562,0.14,7,f,0,0,5593.64,4446.94,5000,593.64,0,0,0,08-01-2010,158.65,04-01-2016,2007,High Risk,Low Income,0,0.0039,0.0743,Low Interest
116040,116037,5000,5000,775,36,0.1,160.51,B,B4,3 years,MORTGAGE,130000,Not Verified,08-01-2007,Fully Paid,n,debt_consolidation,068xx,CT,8.55,0,04-01-1991,0,38,0,9,0,20969,0.402,26,f,0,0,5778.09,895.6,5000,778.09,0,0,0,08-01-2010,163.82,08-01-2010,2007,High Risk,Low Income,0,0.0012,0.0964,Low Interest
117056,117046,5000,5000,1475,36,0.08,156.11,A,A3,1 year,MORTGAGE,225000,Not Verified,08-01-2007,Fully Paid,n,home_improvement,531xx,WI,6.48,0,12-01-1992,1,47,0,12,0,2160,0.023,22,f,0,0,5592.07,1649.66,5000,592.07,0,0,0,01-01-2010,1221.57,01-01-2010,2007,High Risk,Low Income,0,0.0007,0.0775,Low Interest
117249,116607,5000,5000,1300,36,0.07,155.38,A,A2,< 1 year,MORTGAGE,70000,Not Verified,08-01-2007,Fully Paid,n,credit_card,850xx,AZ,4.56,0,09-01-1980,0,0,0,13,0,813,0.01,36,f,0,0,5495.83,1428.92,5000,495.83,0,0,0,06-01-2009,2233.27,06-01-2009,2007,High Risk,Low Income,0,0.0022,0.0743,Low Interest
126215,125654,5000,5000,2100,36,0.08,156.11,A,A3,< 1 year,RENT,45000,Not Verified,09-01-2007,Fully Paid,n,debt_consolidation,445xx,OH,5,0,10-01-2001,2,0,0,8,0,1359,0.056,16,f,0,0,5459.64,2293.05,5000,459.64,0,0,0,05-01-2009,143.94,05-01-2009,2007,High Risk,Low Income,0,0.0035,0.0775,Low Interest
136491,136485,5000,5000,1575,36,0.12,166.48,D,D2,< 1 year,RENT,10000,Not Verified,10-01-2007,Charged Off,n,small_business,210xx,MD,0,1,08-01-2001,2,15,0,5,0,875,0.547,8,f,0,0,2477.03,779.4,1756.71,574.25,0,146.07,1.48,07-01-2009,333.29,03-01-2015,2007,High Risk,Low Income,1,0.0166,0.1217,Low Interest
142608,74724,5000,5000,2350,36,0.11,162.73,C,C2,< 1 year,RENT,15000,Not Verified,10-01-2007,Fully Paid,n,other,041xx,ME,24.4,0,01-01-1999,3,0,0,6,0,0,0,6,f,0,0,5931.81,2787.95,5000,826.81,105,0,0,10-01-2010,490.01,09-01-2010,2007,High Risk,Low Income,0,0.0108,0.1059,Low Interest
154141,154129,5000,5000,1250,36,0.08,156.11,A,A3,7 years,MORTGAGE,52000,Not Verified,11-01-2007,Fully Paid,n,educational,323xx,FL,9.55,0,05-01-1972,0,0,0,10,0,4067,0.073,24,f,0,0,5417.79,1354.48,5000,417.79,0,0,0,03-01-2009,3076.88,12-01-2010,2007,High Risk,Low Income,0,0.003,0.0775,Low Interest
166747,166429,5000,5000,350,36,0.12,165.74,D,D1,6 years,OWN,40000,Not Verified,12-01-2007,Charged Off,n,debt_consolidation,322xx,FL,7.02,2,04-01-2000,0,15,0,5,0,2197,0.758,13,f,0,0,2831.89,197.48,1997.01,653.65,44.99,136.24,1.38,04-01-2009,707.96,12-01-2009,2007,High Risk,Low Income,1,0.0041,0.1186,Low Interest
170488,165737,5000,5000,400,36,0.09,158.31,B,B1,2 years,MORTGAGE,24000,Not Verified,12-01-2007,Fully Paid,n,other,330xx,FL,6.15,0,03-01-2004,0,0,0,6,0,3015,0.253,9,f,0,0,5681.9,454.56,5000,681.9,0,0,0,07-01-2010,933.83,07-01-2010,2007,High Risk,Low Income,0,0.0066,0.087,Low Interest
172802,171004,5000,5000,700,36,0.09,158.31,B,B1,10+ years,RENT,48000,Not Verified,12-01-2007,Fully Paid,n,major_purchase,070xx,NJ,0.38,1,07-01-1972,2,17,0,7,0,498,0.073,25,f,0,0,5698.81,797.83,5000,698.81,0,0,0,12-01-2010,159.37,04-01-2016,2007,High Risk,Low Income,0,0.0033,0.087,Low Interest
181701,181614,5000,5000,1100,36,0.13,167.99,D,D4,6 years,RENT,25480,Not Verified,12-01-2007,Fully Paid,n,debt_consolidation,146xx,NY,18.65,1,02-01-2004,0,11,0,4,0,5061,0.723,6,f,0,0,5914.5,1301.19,5000,914.5,0,0,0,12-01-2009,2054.79,02-01-2010,2007,High Risk,Low Income,0,0.0066,0.128,Low Interest
200805,200788,5000,5000,1200,36,0.14,170.72,E,E1,2 years,RENT,38000,Not Verified,01-01-2008,Charged Off,n,small_business,900xx,CA,20.72,1,07-01-1988,1,11,0,13,0,16613,0.183,21,f,0,0,1878.56,449.89,1186.39,519.21,0,172.96,1.77,11-01-2008,170.72,10-01-2009,2008,High Risk,Low Income,1,0.0045,0.1393,Low Interest
219178,219169,5000,5000,1394.5,36,0.12,165.41,C,C4,1 year,MORTGAGE,60000,Not Verified,01-01-2008,Fully Paid,n,debt_consolidation,804xx,CO,0,0,02-01-2001,1,60,0,5,0,2126,0.064,8,f,0,0,5956.08,1622.82,4999.99,956.09,0,0,0,03-01-2011,5.38,02-01-2011,2008,High Risk,Low Income,0,0.0028,0.1172,Low Interest
226154,225530,5000,5000,2600,36,0.14,170.72,E,E1,10+ years,MORTGAGE,72000,Not Verified,01-01-2008,Fully Paid,n,car,550xx,MN,22.57,0,12-01-1999,2,0,0,17,0,29877,0.756,44,f,0,0,6145.85,3195.85,5000,1145.85,0,0,0,02-01-2011,177.49,01-01-2011,2008,High Risk,Low Income,0,0.0024,0.1393,Low Interest
249942,249022,5000,5000,4104.3,36,0.11,163.77,C,C1,4 years,RENT,37500,Not Verified,02-01-2008,Fully Paid,n,debt_consolidation,918xx,CA,5.73,0,01-01-1999,0,35,0,9,0,4760,0.603,12,f,0,0,5895.49,4834.92,5000,895.49,0,0,0,02-01-2011,190.22,02-01-2011,2008,High Risk,Low Income,0,0.0044,0.1103,Low Interest
250699,250665,5000,5000,3941.5,36,0.13,167.54,D,D1,10+ years,RENT,25000,Not Verified,02-01-2008,Fully Paid,n,debt_consolidation,448xx,OH,4.56,0,12-01-1994,2,52,29,6,1,3389,0.471,10,f,0,0,6031.09,4751.43,5000,1031.09,0,0,0,02-01-2011,187.01,05-01-2016,2008,High Risk,Low Income,0,0.0067,0.1261,Low Interest
251996,237600,5000,5000,3834.7,36,0.08,155.95,A,A2,< 1 year,RENT,28000,Not Verified,02-01-2008,Fully Paid,n,small_business,236xx,VA,0.43,0,11-01-2001,0,0,0,5,0,103,0.015,5,f,0,0,5613.99,4304.67,4999.99,613.99,0,0,0,02-01-2011,176.71,02-01-2011,2008,High Risk,Low Income,0,0.0056,0.0768,Low Interest
255171,243433,5000,5000,4900,36,0.08,156.69,A,A3,< 1 year,RENT,31920,Not Verified,02-01-2008,Fully Paid,n,debt_consolidation,983xx,WA,10.71,0,10-01-2001,0,0,0,8,0,1698,0.079,14,f,0,0,5630.28,5517.67,5000,630.28,0,0,0,11-01-2010,12.72,02-01-2016,2008,High Risk,Low Income,0,0.0049,0.08,Low Interest
257019,257001,5000,5000,3225,36,0.1,160.78,B,B2,2 years,MORTGAGE,34500,Not Verified,02-01-2008,Fully Paid,n,credit_card,271xx,NC,1.46,0,12-01-1999,0,0,0,4,0,3735,0.215,6,f,0,0,5718.18,3688.23,5000,718.18,0,0,0,04-01-2010,1706.22,05-01-2010,2008,High Risk,Low Income,0,0.0047,0.0976,Low Interest
263906,263887,5000,5000,1791.3,36,0.11,163.01,B,B5,10+ years,RENT,50433,Not Verified,02-01-2008,Fully Paid,n,debt_consolidation,276xx,NC,6.95,0,07-01-1996,0,65,92,10,1,11973,0.708,20,f,0,0,5868.29,2015.63,5000,868.3,0,0,0,03-01-2011,167.74,03-01-2011,2008,High Risk,Low Income,0,0.0032,0.1071,Low Interest
264754,264737,5000,5000,1700,36,0.1,162.26,B,B4,7 years,RENT,69600,Not Verified,02-01-2008,Charged Off,n,debt_consolidation,021xx,MA,15.72,0,01-01-2000,1,0,0,13,0,5762,0.433,13,f,0,0,1635.28,555.65,1108.15,351.65,0,175.48,1.8,12-01-2008,162.26,10-01-2009,2008,High Risk,Low Income,1,0.0023,0.1039,Low Interest
265076,264755,5000,5000,2817,36,0.15,173.65,E,E4,4 years,RENT,56016,Not Verified,02-01-2008,Fully Paid,n,debt_consolidation,303xx,GA,21.32,0,04-01-1998,0,49,0,9,0,22210,0.983,20,f,0,0,6251.19,3518.42,5000,1251.19,0,0,0,03-01-2011,190.38,03-01-2011,2008,High Risk,Low Income,0,0.0031,0.1513,Low Interest
266798,237961,5000,5000,3147.7,36,0.08,156.69,A,A3,10+ years,MORTGAGE,80000,Not Verified,02-01-2008,Fully Paid,n,home_improvement,708xx,LA,3.75,0,06-01-1973,0,0,0,20,0,8366,0.071,36,f,0,0,5640.51,3521.46,5000,640.51,0,0,0,03-01-2011,166.94,03-01-2011,2008,High Risk,Low Income,0,0.002,0.08,Low Interest
267976,267970,5000,5000,1100,36,0.13,168.28,D,D2,8 years,MORTGAGE,72000,Not Verified,02-01-2008,Fully Paid,n,debt_consolidation,971xx,OR,19.67,0,04-01-1995,1,0,0,9,0,19771,0.924,30,f,0,0,5053.88,1111.88,5000,53.88,0,0,0,04-01-2008,5054.17,01-01-2010,2008,High Risk,Low Income,0,0.0023,0.1292,Low Interest
280356,278182,5000,5000,4158.1,36,0.1,162.26,B,B4,2 years,RENT,20000,Not Verified,03-01-2008,Fully Paid,n,other,480xx,MI,14.82,0,05-01-2000,1,37,0,7,0,4873,0.269,17,f,0,0,5841.08,4835.13,5000,841.08,0,0,0,03-01-2011,168.37,03-01-2016,2008,High Risk,Low Income,0,0.0081,0.1039,Low Interest
282347,282322,5000,5000,3875,36,0.09,160.05,B,B1,3 years,RENT,40000,Not Verified,03-01-2008,Fully Paid,n,credit_card,333xx,FL,5.97,1,06-01-2000,1,13,0,7,0,3212,0.357,18,f,0,0,5273.51,4087.03,5000,273.51,0,0,0,02-01-2009,1023.69,02-01-2009,2008,High Risk,Low Income,0,0.004,0.0945,Low Interest
349961,351851,5000,5000,1394.8,36,0.1,161.53,B,B3,6 years,OWN,48000,Not Verified,06-01-2008,Fully Paid,n,credit_card,741xx,OK,3.33,0,11-01-1992,0,50,120,3,1,899,0.15,11,f,0,0,5810.79,1450.02,4999.99,810.8,0,0,0,05-01-2011,480.9,01-01-2016,2008,High Risk,Low Income,0,0.0034,0.1008,Low Interest
351120,353576,5000,5000,640.6,36,0.11,163.77,C,C1,2 years,RENT,50000,Not Verified,07-01-2008,Fully Paid,n,educational,100xx,NY,16.56,0,02-01-1996,2,56,100,2,1,5584,0.809,6,f,0,0,5895.49,655.49,5000,895.49,0,0,0,07-01-2011,164.15,08-01-2012,2008,High Risk,Low Income,0,0.0033,0.1103,Low Interest
353636,357342,5000,2650,426.8,36,0.12,87.91,C,C3,2 years,RENT,36933,Verified,08-01-2008,Fully Paid,n,debt_consolidation,945xx,CA,19.77,0,02-01-1996,1,79,88,9,1,10679,0.553,20,f,0,0,3164.5,439.6,2650,514.5,0,0,0,08-01-2011,87.97,08-01-2011,2008,High Risk,Low Income,0,0.0024,0.1191,Low Interest
358822,363016,5000,5000,2276.5,36,0.12,165.55,C,C1,10+ years,MORTGAGE,47000,Verified,10-01-2008,Charged Off,n,credit_card,320xx,FL,22.49,0,06-01-1986,3,41,54,9,1,0,0,24,f,0,0,5957.59,2664.29,4620.33,960.77,0,376.49,133.03,09-01-2011,250,05-01-2016,2008,High Risk,Low Income,1,0.0035,0.1178,Low Interest
380683,408375,5000,5000,4930.1,36,0.16,176.57,E,E3,10+ years,RENT,144000,Not Verified,02-01-2009,Fully Paid,n,car,222xx,VA,4.35,1,09-01-1986,1,18,20,3,1,157,0.523,15,f,0,0,6356.38,6266.42,5000,1356.38,0,0,0,03-01-2012,185.94,11-01-2015,2009,High Risk,Low Income,0,0.0012,0.1632,Low Interest
386055,418106,5000,5000,5000,36,0.13,168.86,C,C3,2 years,RENT,142000,Verified,03-01-2009,Fully Paid,n,home_improvement,935xx,CA,23.26,0,10-01-1994,2,79,109,18,1,71053,0.834,31,f,0,0,6078.53,6078.53,4999.99,1078.53,0,0,0,04-01-2012,171.47,05-01-2016,2009,High Risk,Low Income,0,0.0012,0.1316,Low Interest
436231,521758,5000,5000,4792,36,0.12,166.5,B,B4,1 year,RENT,67500,Source Verified,09-01-2009,Fully Paid,n,other,064xx,CT,14.99,1,01-01-1999,1,22,27,10,1,1461,0.232,31,f,0,0,5751.28,5510.44,5000,751.28,0,0,0,04-01-2011,2757.55,05-01-2011,2009,High Risk,Low Income,0,0.0025,0.1218,Low Interest
438759,528998,5000,5000,4926.6,36,0.13,169.01,C,C2,2 years,RENT,20000,Verified,09-01-2009,Fully Paid,n,debt_consolidation,349xx,FL,10.14,0,03-01-1991,3,58,80,5,1,5881,0.828,23,f,0,0,6447.77,6345.47,5000,1447.77,0,0,0,03-01-2012,4553.02,01-01-2016,2009,High Risk,Low Income,0,0.0085,0.1322,Low Interest
459094,572021,5000,5000,4900,36,0.11,164.02,B,B1,3 years,RENT,38400,Not Verified,11-01-2009,Fully Paid,n,major_purchase,334xx,FL,2.84,0,05-01-1998,2,58,89,6,1,2650,0.482,12,f,0,0,5047.01,4946.08,5000,47.01,0,0,0,12-01-2009,5047.31,12-01-2009,2009,High Risk,Low Income,0,0.0043,0.1114,Low Interest
471062,594703,5000,5000,5000,36,0.12,166.5,B,B4,2 years,RENT,23000,Not Verified,12-01-2009,Fully Paid,n,debt_consolidation,303xx,GA,9.08,0,10-01-1989,1,54,93,5,1,5999,0.408,9,f,0,0,5994.24,5994.24,5000,994.24,0,0,0,01-01-2013,171.05,02-01-2013,2009,High Risk,Low Income,0,0.0072,0.1218,Low Interest
487348,621231,5000,5000,5000,36,0.11,163.68,B,B4,10+ years,MORTGAGE,52000,Not Verified,02-01-2010,Fully Paid,n,medical,852xx,AZ,6.55,0,07-01-2000,1,46,55,6,1,958,0.121,11,f,0,0,5892.63,5892.63,5000,892.63,0,0,0,03-01-2013,181.22,03-01-2016,2010,High Risk,Low Income,0,0.0031,0.1099,Low Interest
492032,629097,5000,5000,5000,36,0.15,173.24,D,D2,10+ years,MORTGAGE,60000,Not Verified,03-01-2010,Fully Paid,n,medical,304xx,GA,17.8,2,03-01-1992,0,6,90,8,1,4584,0.716,19,f,0,0,6236.59,6236.59,5000,1236.59,0,0,0,03-01-2013,187,04-01-2016,2010,High Risk,Low Income,0,0.0029,0.1496,Low Interest
493735,631778,5000,5000,5000,36,0.15,174.15,D,D3,10+ years,RENT,64000,Not Verified,04-01-2010,Fully Paid,n,major_purchase,641xx,MO,7.09,0,02-01-1995,0,29,45,4,1,482,0.344,10,f,0,0,6269.1,6269.1,5000,1269.1,0,0,0,05-01-2013,178.37,05-01-2013,2010,High Risk,Low Income,0,0.0027,0.1533,Low Interest
495772,635116,5000,5000,5000,36,0.13,167.84,C,C1,2 years,RENT,45000,Verified,03-01-2010,Fully Paid,n,debt_consolidation,207xx,MD,14.43,0,11-01-1999,0,78,87,6,1,1507,0.443,17,f,0,0,6037.94,6037.94,5000.01,1037.93,0,0,0,03-01-2013,317.57,03-01-2013,2010,High Risk,Low Income,0,0.0037,0.1273,Low Interest
499679,641456,5000,5000,5000,36,0.14,170.52,C,C4,4 years,RENT,58000,Not Verified,04-01-2010,Fully Paid,n,debt_consolidation,806xx,CO,9.81,0,06-01-1995,2,43,29,9,2,4566,0.374,13,f,0,0,5806.21,5806.21,5000,806.21,0,0,0,04-01-2012,391.77,06-01-2015,2010,High Risk,Low Income,0,0.0029,0.1385,Low Interest
508137,655567,5000,5000,5000,36,0.13,167.84,C,C1,10+ years,RENT,51000,Not Verified,04-01-2010,Charged Off,n,major_purchase,060xx,CT,1.53,1,06-01-1999,0,15,82,7,1,1066,0.395,12,f,0,0,3914.58,3914.58,2910.77,931.25,0,72.56,0.99,06-01-2012,161.66,01-01-2015,2010,High Risk,Low Income,1,0.0033,0.1273,Low Interest
509078,656980,5000,5000,4950,36,0.08,156.41,A,A5,5 years,MORTGAGE,54000,Verified,04-01-2010,Fully Paid,n,debt_consolidation,920xx,CA,12,0,09-01-1991,1,64,99,11,1,3148,0.398,35,f,0,0,5630.91,5574.6,5000,630.91,0,0,0,05-01-2013,165.25,05-01-2013,2010,High Risk,Low Income,0,0.0029,0.0788,Low Interest
516177,667130,5000,5000,5000,36,0.13,169.63,C,C3,9 years,RENT,95000,Verified,05-01-2010,Fully Paid,n,credit_card,917xx,CA,22.61,0,03-01-1995,1,47,106,12,1,15046,0.822,21,f,0,0,6106.7,6106.7,5000,1106.7,0,0,0,06-01-2013,189.07,05-01-2013,2010,High Risk,Low Income,0,0.0018,0.1348,Low Interest
538025,694920,5000,5000,4975,36,0.13,169.03,C,C1,10+ years,MORTGAGE,30000,Not Verified,07-01-2010,Fully Paid,n,debt_consolidation,060xx,CT,8.88,0,07-01-1995,1,36,99,11,1,6456,0.576,18,f,0,0,6057.93,6027.64,5000,1057.93,0,0,0,02-01-2013,994.22,02-01-2013,2010,High Risk,Low Income,0,0.0056,0.1323,Low Interest
543283,700945,5000,5000,5000,36,0.15,173.85,D,D2,< 1 year,RENT,40800,Not Verified,07-01-2010,Fully Paid,n,debt_consolidation,986xx,WA,17.44,0,03-01-2002,0,52,117,5,1,3240,0.771,11,f,0,0,6226.55,6226.55,5000,1226.55,0,0,0,02-01-2013,1027.46,03-01-2013,2010,High Risk,Low Income,0,0.0043,0.1521,Low Interest
549131,707886,5000,5000,4975,36,0.08,156.41,A,A5,4 years,MORTGAGE,45000,Source Verified,07-01-2010,Fully Paid,n,small_business,604xx,IL,5.07,0,04-01-1998,0,63,89,6,1,1426,0.15,13,f,0,0,5511.84,5484.28,5000,511.84,0,0,0,05-01-2012,2388.53,05-01-2016,2010,High Risk,Low Income,0,0.0035,0.0788,Low Interest
564020,725760,5000,5000,5000,60,0.13,114.36,C,C1,3 years,MORTGAGE,25000,Not Verified,08-01-2010,Charged Off,n,small_business,631xx,MO,7.73,1,02-01-1984,1,22,102,15,1,3808,0.225,33,f,0,0,6465.95,6465.95,4557.09,1817.24,0,91.62,16.49,03-01-2015,145.96,07-01-2015,2010,High Risk,Low Income,1,0.0046,0.1323,Low Interest
564221,725992,5000,5000,4975,60,0.11,109.94,B,B4,7 years,MORTGAGE,50000,Not Verified,08-01-2010,Fully Paid,n,small_business,917xx,CA,2.64,0,12-01-1994,0,25,117,5,1,2604,0.389,14,f,0,0,6596.23,6563.25,5000,1596.23,0,0,0,09-01-2015,137.11,08-01-2015,2010,High Risk,Low Income,0,0.0022,0.1149,Low Interest
580992,746817,5000,5000,5000,36,0.15,172.94,D,D1,10+ years,RENT,80000,Verified,09-01-2010,Fully Paid,n,credit_card,801xx,CO,6.61,1,03-01-1986,2,17,108,8,1,5446,0.519,18,f,0,0,6225.72,6225.72,5000,1225.72,0,0,0,10-01-2013,175.98,05-01-2015,2010,High Risk,Low Income,0,0.0022,0.1484,Low Interest
600080,770203,5000,5000,5000,36,0.15,173.82,D,D4,10+ years,RENT,89400,Verified,10-01-2010,Fully Paid,n,moving,923xx,CA,21.1,0,01-01-1994,1,33,111,4,1,461,0.922,14,f,0,0,6258.21,6258.21,5000,1258.21,0,0,0,11-01-2013,199.93,06-01-2014,2010,High Risk,Low Income,0,0.0019,0.152,Low Interest
606018,777419,5000,5000,4950,36,0.1,160.45,B,B3,3 years,RENT,37000,Not Verified,11-01-2010,Fully Paid,n,small_business,724xx,AR,15.44,0,08-01-1998,0,41,41,8,1,2956,0.469,12,f,0,0,5731.36,5674.05,5000,731.36,0,0,0,03-01-2013,1406.23,05-01-2016,2010,High Risk,Low Income,0,0.0043,0.0962,Low Interest
606510,778057,5000,5000,4975,36,0.13,167.54,C,C2,6 years,RENT,40000,Source Verified,11-01-2010,Fully Paid,n,debt_consolidation,600xx,IL,8.16,2,09-01-1997,3,10,104,9,1,4325,0.244,22,f,0,0,6031.27,6001.11,5000,1031.27,0,0,0,11-01-2013,182.21,04-01-2016,2010,High Risk,Low Income,0,0.0042,0.1261,Low Interest
612342,785213,5000,5000,5000,36,0.14,171.11,D,D1,2 years,OWN,74004,Not Verified,11-01-2010,Fully Paid,n,debt_consolidation,196xx,PA,24.61,0,01-01-2002,1,30,21,10,1,21206,0.899,24,f,0,0,5874.03,5874.03,5000,874.03,0,0,0,06-01-2012,2800.55,06-01-2012,2010,High Risk,Low Income,0,0.0023,0.1409,Low Interest
621987,797163,5000,5000,5000,36,0.07,153.34,A,A4,6 years,RENT,50000,Verified,01-01-2011,Fully Paid,n,vacation,130xx,NY,13.39,0,12-01-1993,2,44,93,5,1,1751,0.261,26,f,0,0,5520.35,5520.35,5000,520.35,0,0,0,01-01-2014,168.75,01-01-2014,2011,High Risk,Low Income,0,0.0031,0.0654,Low Interest
624576,800391,5000,5000,4950,36,0.1,160.45,B,B3,2 years,RENT,25000,Not Verified,12-01-2010,Fully Paid,n,major_purchase,336xx,FL,24.05,0,05-01-1998,0,29,91,6,1,2606,0.294,19,f,0,0,5796.03,5738.07,5000,781.03,15,0,0,12-01-2013,118.9,10-01-2015,2010,High Risk,Low Income,0,0.0064,0.0962,Low Interest
625124,801150,5000,5000,5000,36,0.14,170.21,C,C5,1 year,RENT,76000,Verified,12-01-2010,Fully Paid,n,credit_card,945xx,CA,9.24,1,04-01-2000,1,9,92,5,1,2106,0.752,16,f,0,0,5714.83,5714.83,5000,714.83,0,0,0,03-01-2012,3334.62,09-01-2015,2010,High Risk,Low Income,0,0.0022,0.1372,Low Interest
635043,813501,5000,5000,4975,36,0.13,167.54,C,C2,3 years,MORTGAGE,60000,Not Verified,12-01-2010,Charged Off,n,debt_consolidation,301xx,GA,20.24,0,02-01-1997,2,61,103,18,1,12837,0.737,26,f,0,0,2504.25,2491.8,1851.28,652.97,0,0,0,04-01-2012,167.54,05-01-2016,2010,High Risk,Low Income,1,0.0028,0.1261,Low Interest
640870,820393,5000,5000,5000,36,0.1,162.19,B,B5,10+ years,MORTGAGE,98000,Source Verified,12-01-2010,Charged Off,n,vacation,721xx,AR,22.22,0,05-01-1994,2,48,50,17,1,14102,0.766,36,f,0,0,4776.84,4776.84,3898.2,800.87,14.98,62.79,0.95,06-01-2013,162.19,03-01-2015,2010,High Risk,Low Income,1,0.0017,0.1036,Low Interest
643636,823701,5000,5000,5000,36,0.07,153.34,A,A4,9 years,OWN,56400,Not Verified,01-01-2011,Charged Off,n,debt_consolidation,331xx,FL,5.79,0,09-01-1994,0,46,116,15,1,4875,0.208,19,f,0,0,3926.22,3926.22,3351.62,465.75,0,108.85,1.42,02-01-2013,291.72,07-01-2013,2011,High Risk,Low Income,1,0.0027,0.0654,Low Interest
644453,824662,5000,5000,5000,36,0.1,161.32,B,B4,6 years,RENT,31578,Verified,01-01-2011,Fully Paid,n,debt_consolidation,207xx,MD,12.62,0,06-01-1982,0,47,92,17,1,3636,0.383,31,f,0,0,5805.17,5805.17,5000,790.17,15,0,0,01-01-2014,100.59,01-01-2014,2011,High Risk,Low Income,0,0.0051,0.0999,Low Interest
663899,848925,5000,5000,5000,36,0.1,161.34,B,B2,10+ years,RENT,54000,Not Verified,02-01-2011,Fully Paid,n,credit_card,029xx,RI,15.53,0,10-01-1998,2,53,85,8,1,8558,0.744,15,f,0,0,5804.43,5804.43,4999.99,804.44,0,0,0,12-01-2013,489.72,04-01-2016,2011,High Risk,Low Income,0,0.003,0.1,Low Interest
674670,862316,5000,5000,5000,36,0.11,163.08,B,B4,10+ years,RENT,55000,Verified,02-01-2011,Charged Off,n,debt_consolidation,890xx,NV,18.57,0,11-01-2000,1,79,108,9,1,3959,0.747,19,f,0,0,3697.67,3697.67,2717.21,849.48,0,130.98,1.31,07-01-2013,35.17,11-01-2013,2011,High Risk,Low Income,1,0.003,0.1074,Low Interest
677563,865676,5000,5000,5000,36,0.14,170.41,C,C4,10+ years,MORTGAGE,67200,Not Verified,02-01-2011,Fully Paid,n,home_improvement,986xx,WA,14.18,1,05-01-1993,2,22,92,9,1,6133,0.601,23,f,0,0,6066.61,6066.61,5000,1066.61,0,0,0,07-01-2013,1472.06,07-01-2015,2011,High Risk,Low Income,0,0.0025,0.138,Low Interest
687065,876997,5000,5000,5000,36,0.1,161.34,B,B2,4 years,RENT,84000,Not Verified,03-01-2011,Fully Paid,n,debt_consolidation,063xx,CT,9.43,0,08-01-1998,0,67,101,4,1,7023,0.856,7,f,0,0,5780.47,5780.47,5000,780.47,0,0,0,09-01-2013,1103.39,10-01-2013,2011,High Risk,Low Income,0,0.0019,0.1,Low Interest
689552,879856,5000,5000,4875,36,0.1,160.47,B,B1,10+ years,RENT,53995,Verified,03-01-2011,Fully Paid,n,renewable_energy,077xx,NJ,5.56,0,09-01-1964,0,26,118,5,1,0,0,11,f,0,0,5521.79,5383.74,5000,521.79,0,0,0,07-01-2012,3120.3,07-01-2012,2011,High Risk,Low Income,0,0.003,0.0963,Low Interest
701561,893320,5000,5000,5000,36,0.1,162.21,B,B3,4 years,RENT,46500,Source Verified,03-01-2011,Charged Off,n,vacation,750xx,TX,18.32,1,02-01-1993,0,19,104,6,1,6915,0.922,29,f,0,0,810.4,810.4,604.9,205.5,0,0,0,09-01-2011,162.21,05-01-2016,2011,High Risk,Low Income,1,0.0035,0.1037,Low Interest
728579,924271,5000,5000,5000,36,0.11,163.08,B,B4,4 years,OWN,65544,Verified,04-01-2011,Fully Paid,n,other,808xx,CO,20.89,0,06-01-1998,2,68,88,10,1,11466,0.831,25,f,0,0,5744.17,5744.17,5000,744.17,0,0,0,04-01-2013,2162.55,04-01-2013,2011,High Risk,Low Income,0,0.0025,0.1074,Low Interest
728866,924588,5000,5000,5000,60,0.2,132.78,G,G1,4 years,MORTGAGE,54500,Verified,04-01-2011,Charged Off,n,debt_consolidation,450xx,OH,22.77,0,11-01-1998,3,52,93,26,1,10634,0.723,39,f,0,0,1610.26,1610.26,584.56,871.51,0,154.19,1.76,04-01-2012,132.78,08-01-2012,2011,High Risk,Low Income,1,0.0024,0.2011,Low Interest
748384,947424,5000,5000,5000,36,0.11,164.86,B,B4,2 years,MORTGAGE,40000,Not Verified,05-01-2011,Fully Paid,n,car,125xx,NY,14.1,1,09-01-1995,1,21,104,6,1,8297,0.509,20,f,0,0,5817.38,5817.38,5000,817.38,0,0,0,05-01-2013,2032.31,07-01-2014,2011,High Risk,Low Income,0,0.0041,0.1149,Low Interest
765812,966755,5000,5000,4975,36,0.11,162.73,B,B2,2 years,MORTGAGE,95000,Not Verified,05-01-2011,Fully Paid,n,medical,356xx,AL,5.79,1,05-01-1998,2,15,97,15,1,2198,0.086,31,f,0,0,5626.66,5598.52,5000,626.66,0,0,0,12-01-2012,2866.57,05-01-2016,2011,High Risk,Low Income,0,0.0017,0.1059,Low Interest
775378,977625,5000,5000,5000,60,0.16,121.57,D,D2,10+ years,RENT,65004,Source Verified,06-01-2011,Charged Off,n,other,065xx,CT,3.43,2,11-01-1996,1,15,49,15,1,2274,0.258,33,f,0,0,6078.5,6078.5,3852.35,2195.75,0,30.4,5.47,08-01-2015,121.57,04-01-2016,2011,High Risk,Low Income,1,0.0019,0.1599,Low Interest
778300,976927,5000,5000,4975,36,0.16,174.85,D,D1,6 years,MORTGAGE,59000,Verified,06-01-2011,Fully Paid,n,home_improvement,087xx,NJ,8.91,1,04-01-1992,1,4,114,13,1,13355,0.464,22,f,0,0,5729.14,5700.5,5000,729.14,0,0,0,07-01-2012,3636.02,11-01-2012,2011,High Risk,Low Income,0,0.003,0.1562,Low Interest
778529,981135,5000,5000,5000,60,0.21,136.29,F,F4,6 years,RENT,49000,Source Verified,06-01-2011,Current,n,debt_consolidation,105xx,NY,16.02,0,11-01-1995,0,36,101,10,1,14527,0.988,18,f,136,136,8033.75,8033.75,4863.59,3170.16,0,0,0,05-01-2016,136.29,05-01-2016,2011,High Risk,Low Income,0,0.0028,0.2136,Low Interest
792691,997131,5000,5000,5000,36,0.16,174.85,D,D1,< 1 year,RENT,65000,Verified,06-01-2011,Charged Off,n,small_business,913xx,CA,18.28,0,08-01-2001,3,50,99,16,1,9565,0.886,23,f,0,0,1458.46,1458.46,796.61,423.63,0,238.22,42.88,02-01-2012,174.85,07-01-2012,2011,High Risk,Low Income,1,0.0027,0.1562,Low Interest
828634,1037679,5000,5000,5000,36,0.11,163.67,B,B3,10+ years,MORTGAGE,52000,Not Verified,07-01-2011,Fully Paid,n,debt_consolidation,232xx,VA,4.8,1,11-01-1986,2,19,87,8,1,5661,0.419,17,f,0,0,5892.12,5892.12,5000,892.12,0,0,0,08-01-2014,178.51,05-01-2016,2011,High Risk,Low Income,0,0.0031,0.1099,Low Interest
855639,1067968,5000,5000,5000,60,0.16,121.57,D,D2,7 years,RENT,49000,Source Verified,08-01-2011,Fully Paid,n,debt_consolidation,940xx,CA,18.49,0,10-01-2001,2,39,116,7,1,4711,0.693,15,f,0,0,5325.72,5325.72,5000,325.72,0,0,0,02-01-2012,4841.86,03-01-2016,2011,High Risk,Low Income,0,0.0025,0.1599,Low Interest
867069,1080603,5000,5000,5000,36,0.12,165.38,B,B3,4 years,MORTGAGE,70000,Verified,10-01-2011,Fully Paid,n,debt_consolidation,923xx,CA,12.86,1,05-01-2000,1,15,118,12,1,6191,0.35,19,f,0,0,5953.67,5953.67,5000,953.67,0,0,0,10-01-2014,173.27,05-01-2016,2011,High Risk,Low Income,0,0.0024,0.1171,Low Interest
879707,1094682,5000,5000,5000,36,0.15,172.48,C,C3,1 year,MORTGAGE,24000,Not Verified,09-01-2011,Charged Off,n,debt_consolidation,495xx,MI,12.05,1,04-01-2001,1,19,110,5,1,6876,0.747,8,f,0,0,1548.63,1548.63,1050.84,497.79,0,0,0,07-01-2012,172.48,05-01-2016,2011,High Risk,Low Income,1,0.0072,0.1465,Low Interest
966053,1186708,5000,5000,4750,36,0.17,178.94,D,D3,6 years,RENT,60000,Not Verified,09-01-2011,Fully Paid,n,debt_consolidation,913xx,CA,17.58,0,09-01-2000,0,30,109,17,1,13656,0.997,27,f,0,0,6478.57,6154.64,5000,1478.57,0,0,0,10-01-2014,226.67,07-01-2015,2011,High Risk,Low Income,0,0.003,0.1727,Low Interest
968019,1188963,5000,5000,5000,36,0.15,173.99,C,C4,1 year,MORTGAGE,60000,Not Verified,10-01-2011,Fully Paid,n,home_improvement,150xx,PA,11.72,1,09-01-1990,3,6,103,12,1,8477,0.828,25,f,0,0,6263.57,6263.57,5000,1263.57,0,0,0,10-01-2014,198.69,10-01-2014,2011,High Risk,Low Income,0,0.0029,0.1527,Low Interest
992186,1216280,5000,5000,5000,36,0.13,167.73,B,B5,2 years,OWN,43200,Not Verified,10-01-2011,Fully Paid,n,debt_consolidation,088xx,NJ,22.81,0,11-01-1983,0,25,116,15,1,5431,0.97,32,f,0,0,5755.23,5755.23,5000,755.23,0,0,0,05-01-2013,2910.68,09-01-2015,2011,High Risk,Low Income,0,0.0039,0.1269,Low Interest
996662,1221310,5000,5000,5000,36,0.08,156.46,A,A4,10+ years,MORTGAGE,34349,Not Verified,10-01-2011,Fully Paid,n,debt_consolidation,845xx,UT,2.52,0,01-01-1999,0,31,103,5,1,132,0.046,14,f,0,0,5632.21,5632.21,5000,632.21,0,0,0,11-01-2014,157.73,09-01-2015,2011,High Risk,Low Income,0,0.0046,0.079,Low Interest
999981,1225586,5000,5000,5000,36,0.13,167.73,B,B5,6 years,RENT,39000,Not Verified,10-01-2011,Fully Paid,n,major_purchase,916xx,CA,12.65,1,01-01-2000,1,18,105,5,1,2211,0.514,11,f,0,0,5784.04,5784.04,5000,784.04,0,0,0,06-01-2013,2770.13,07-01-2015,2011,High Risk,Low Income,0,0.0043,0.1269,Low Interest
98339,97572,5100,5100,575,36,0.08,160.72,A,A5,4 years,RENT,32000,Not Verified,07-01-2007,Fully Paid,n,vacation,469xx,IN,14.78,0,06-01-1995,0,0,0,11,0,4737,0.239,22,f,0,0,5779.03,651.56,5100,679.03,0,0,0,04-01-2010,638.15,06-01-2007,2007,High Risk,Low Income,0,0.005,0.0838,Low Interest
246179,246166,5100,5100,3265.2,36,0.08,160.57,A,A4,6 years,MORTGAGE,59000,Not Verified,02-01-2008,Fully Paid,n,credit_card,060xx,CT,7.08,0,08-01-1971,0,0,0,9,0,25336,0.359,19,f,0,0,5780.5,3692.83,5099.99,680.51,0,0,0,02-01-2011,172.56,02-01-2011,2008,High Risk,Low Income,0,0.0027,0.0832,Low Interest
596397,765611,5100,5100,5100,36,0.14,173.62,C,C5,6 years,RENT,40000,Not Verified,10-01-2010,Fully Paid,n,car,331xx,FL,18.24,2,04-01-1995,0,15,114,12,1,7228,0.422,30,f,0,0,6250.97,6250.97,5100,1150.97,0,0,0,11-01-2013,180.56,11-01-2013,2010,High Risk,Low Income,0,0.0043,0.1372,Low Interest
132946,132940,5275,5275,975,36,0.07,163.92,A,A2,9 years,MORTGAGE,85000,Not Verified,10-01-2007,Fully Paid,n,other,286xx,NC,2.64,0,07-01-1982,0,0,0,7,0,5760,0.16,10,f,0,0,5900.95,1090.7,5275,625.95,0,0,0,10-01-2010,172.42,10-01-2010,2007,High Risk,Low Income,0,0.0019,0.0743,Low Interest
135594,135591,5275,5275,1250,36,0.08,165.47,A,A4,1 year,MORTGAGE,55000,Not Verified,10-01-2007,Fully Paid,n,other,286xx,NC,12,0,09-01-1983,1,0,0,13,0,12430,0.192,32,f,0,0,5504.77,1304.46,5275,229.77,0,0,0,05-01-2008,4512.61,09-01-2007,2007,High Risk,Low Income,0,0.003,0.0807,Low Interest
141041,141022,5275,5275,875,36,0.1,169.32,B,B4,< 1 year,MORTGAGE,70000,Not Verified,10-01-2007,Fully Paid,n,other,273xx,NC,17.57,0,11-01-1992,1,0,0,12,0,51761,0.38,37,f,0,0,6095.49,1011.1,5275,820.49,0,0,0,11-01-2010,171.85,10-01-2010,2007,High Risk,Low Income,0,0.0024,0.0964,Low Interest
255888,255790,5275,5275,3225,36,0.1,171.18,B,B4,3 years,RENT,45000,Not Verified,02-01-2008,Fully Paid,n,debt_consolidation,278xx,NC,20.69,0,12-01-2000,0,0,0,11,0,5500,0.282,22,f,0,0,6117.12,3739.85,5275,842.12,0,0,0,08-01-2010,458.47,09-01-2010,2008,High Risk,Low Income,0,0.0038,0.1039,Low Interest
96844,95222,5300,5300,600,36,0.08,167.02,A,A5,7 years,MORTGAGE,74000,Not Verified,07-01-2007,Fully Paid,n,credit_card,461xx,IN,14.37,0,02-01-1992,0,0,0,15,0,6844,0.144,29,f,0,0,6012.56,680.67,5300,712.56,0,0,0,07-01-2010,170.05,07-01-2010,2007,High Risk,Low Income,0,0.0023,0.0838,Low Interest
1020660,1249452,5325,5325,5325,36,0.14,182.7,C,C2,5 years,RENT,32000,Verified,11-01-2011,Fully Paid,n,debt_consolidation,853xx,AZ,22.84,1,11-01-1998,0,21,113,14,1,3844,0.534,36,f,0,0,5842.37,5842.37,5325,517.37,0,0,0,08-01-2012,4382.62,05-01-2016,2011,High Risk,Low Income,0,0.0057,0.1427,Low Interest
98276,98268,5400,5400,200,36,0.08,168.6,A,A3,< 1 year,RENT,8000,Not Verified,07-01-2007,Fully Paid,n,educational,306xx,GA,3,0,03-01-1989,0,0,0,4,0,1321,0.165,4,f,0,0,6069.34,224.8,5400,669.34,0,0,0,07-01-2010,169.09,12-01-2013,2007,High Risk,Low Income,0,0.0211,0.0775,Low Interest
122070,120407,5400,5400,1650,36,0.12,179.8,D,D2,1 year,MORTGAGE,35000,Not Verified,08-01-2007,Fully Paid,n,debt_consolidation,023xx,MA,7.1,0,07-01-1999,2,42,0,10,0,2040,0.362,21,f,0,0,6446.05,1969.62,5400,1046.05,0,0,0,04-01-2010,1055.1,01-01-2012,2007,High Risk,Low Income,0,0.0051,0.1217,Low Interest
169354,169334,5400,5400,375,36,0.09,172.55,B,B3,1 year,OWN,42000,Not Verified,12-01-2007,Fully Paid,n,credit_card,368xx,AL,16.09,0,10-01-2001,0,0,0,11,0,38054,0.612,12,f,0,0,5894.49,410.34,5400,494.49,0,0,0,02-01-2009,3654.23,02-01-2009,2007,High Risk,Low Income,0,0.0041,0.0933,Low Interest
280871,280818,5400,5400,4419.4,36,0.13,180.94,D,D1,2 years,RENT,40500,Not Verified,03-01-2008,Fully Paid,n,debt_consolidation,379xx,TN,12.12,1,09-01-2000,0,20,0,5,0,4565,0.681,11,f,0,0,6513.61,5318.72,5400,1113.61,0,0,0,03-01-2011,195.75,03-01-2011,2008,High Risk,Low Income,0,0.0045,0.1261,Low Interest
846152,1057490,5400,5400,5400,36,0.11,176.77,B,B3,3 years,MORTGAGE,50000,Not Verified,08-01-2011,Charged Off,n,debt_consolidation,328xx,FL,4.25,2,11-01-1998,0,8,100,7,1,4371,0.575,31,f,0,0,2738.92,2738.92,2252.39,477.1,0,9.43,0,09-01-2012,176.77,05-01-2016,2011,High Risk,Low Income,1,0.0035,0.1099,Low Interest
1040635,1270616,5400,5400,5400,36,0.15,187.91,C,C4,5 years,RENT,112000,Verified,11-01-2011,Fully Paid,n,debt_consolidation,327xx,FL,13.17,0,12-01-1994,3,25,108,11,1,4842,0.897,32,f,0,0,6764.65,6764.65,5400,1364.65,0,0,0,12-01-2014,199.83,05-01-2016,2011,High Risk,Low Income,0,0.0017,0.1527,Low Interest
1051570,1282673,5400,5400,5400,36,0.08,168.97,A,A4,5 years,MORTGAGE,38000,Source Verified,12-01-2011,Fully Paid,n,medical,898xx,NV,17.31,0,01-01-1993,0,52,114,10,1,1718,0.098,22,f,0,0,5984.86,5984.86,5400,584.86,0,0,0,11-01-2013,2271.9,11-01-2013,2011,High Risk,Low Income,0,0.0044,0.079,Low Interest
240974,240928,5450,5450,4700,36,0.13,182.77,D,D2,10+ years,OWN,74000,Not Verified,02-01-2008,Fully Paid,n,debt_consolidation,100xx,NY,11.25,0,11-01-1985,0,42,0,16,0,30949,0.543,29,f,0,0,6579.37,5673.95,5450,1129.37,0,0,0,02-01-2011,179.33,01-01-2015,2008,High Risk,Low Income,0,0.0025,0.1267,Low Interest
139057,139053,5500,5500,1550,36,0.08,172.53,A,A4,6 years,RENT,54000,Not Verified,10-01-2007,Fully Paid,n,debt_consolidation,296xx,SC,6.29,0,10-01-1993,0,0,0,7,0,18388,0.689,22,f,0,0,6207.58,1749.41,5500,707.58,0,0,0,09-01-2010,12.81,09-01-2010,2007,High Risk,Low Income,0,0.0032,0.0807,Low Interest
219000,218997,5500,5500,975,36,0.09,175.42,B,B1,3 years,RENT,37000,Not Verified,01-01-2008,Fully Paid,n,car,981xx,WA,16.74,0,06-01-1995,1,0,0,12,0,6566,0.486,36,f,0,0,6320.25,1120.41,5500,820.25,0,0,0,01-01-2011,376.23,01-01-2011,2008,High Risk,Low Income,0,0.0047,0.092,Low Interest
274823,274808,5500,5500,3580.2,36,0.11,179.31,B,B5,10+ years,MORTGAGE,41000,Not Verified,03-01-2008,Fully Paid,n,debt_consolidation,285xx,NC,12.12,0,08-01-1988,0,0,0,9,0,13427,0.829,15,f,0,0,6455.1,4160.25,5500,955.1,0,0,0,03-01-2011,188.73,05-01-2016,2008,High Risk,Low Income,0,0.0044,0.1071,Low Interest
395514,435118,5500,5500,3187.2,36,0.16,192.51,E,E1,1 year,MORTGAGE,68000,Source Verified,05-01-2009,Fully Paid,n,home_improvement,554xx,MN,11.42,1,12-01-1998,0,6,99,6,1,10311,0.889,6,f,0,0,6930.37,3895.07,5500,1430.37,0,0,0,05-01-2012,199.49,05-01-2012,2009,High Risk,Low Income,0,0.0028,0.1568,Low Interest
644119,824268,5500,5500,5500,36,0.11,179.39,B,B4,10+ years,MORTGAGE,60000,Not Verified,01-01-2011,Fully Paid,n,credit_card,028xx,RI,15.62,0,12-01-1999,1,70,62,18,1,12835,0.437,29,f,0,0,6171.08,6171.08,5500,671.08,0,0,0,07-01-2012,3308.5,04-01-2016,2011,High Risk,Low Income,0,0.003,0.1074,Low Interest
752974,948944,5500,5500,5500,36,0.17,197.44,D,D5,10+ years,RENT,62000,Verified,05-01-2011,Fully Paid,n,debt_consolidation,700xx,LA,12.45,1,07-01-1977,2,21,105,5,1,5592,0.932,18,f,0,0,7107.55,7107.55,5500,1607.55,0,0,0,06-01-2014,212.87,05-01-2016,2011,High Risk,Low Income,0,0.0032,0.1749,Low Interest
876693,1091301,5500,5500,5500,36,0.12,182.66,B,B5,10+ years,MORTGAGE,83000,Not Verified,09-01-2011,Fully Paid,n,debt_consolidation,146xx,NY,13.4,1,01-01-1996,1,8,94,6,1,1197,0.52,16,f,0,0,6512.14,6512.14,5500,1012.14,0,0,0,02-01-2014,1581.47,02-01-2014,2011,High Risk,Low Income,0,0.0022,0.1199,Low Interest
1066424,1291243,5500,5500,5500,36,0.08,172.1,A,A4,10+ years,OWN,59000,Source Verified,12-01-2011,Fully Paid,n,car,187xx,PA,6.65,0,10-01-1991,0,35,52,10,1,9130,0.433,23,f,0,0,6172.08,6172.08,5500,672.08,0,0,0,07-01-2014,1186.09,07-01-2014,2011,High Risk,Low Income,0,0.0029,0.079,Low Interest
655197,837980,5525,5525,5525,36,0.13,185.31,C,C1,10+ years,RENT,56004,Not Verified,01-01-2011,Fully Paid,n,other,190xx,PA,7.46,0,02-01-1996,2,50,55,4,1,0,0,25,f,0,0,6671.6,6671.6,5525,1146.6,0,0,0,02-01-2014,205.99,01-01-2014,2011,High Risk,Low Income,0,0.0033,0.1268,Low Interest
386639,419063,5550,5550,5500,36,0.15,193.4,D,D5,3 years,MORTGAGE,45300,Not Verified,03-01-2009,Fully Paid,n,major_purchase,435xx,OH,8.26,0,02-01-1998,3,25,43,14,1,260,0.033,32,f,0,0,6242.37,6186.13,5550,692.37,0,0,0,03-01-2010,4309.54,04-01-2016,2009,High Risk,Low Income,0,0.0043,0.1537,Low Interest
61419,182917,5600,5600,5525,36,0.15,194.02,D,D2,1 year,RENT,45000,Not Verified,02-01-2010,Charged Off,n,debt_consolidation,208xx,MD,4,0,06-01-2001,0,38,63,5,1,3839,0.768,9,f,0,0,6474.6,6387.92,5220.69,1211.07,0,42.84,1.06,10-01-2012,194.02,03-01-2013,2010,High Risk,Low Income,1,0.0043,0.1496,Low Interest
264630,264449,5600,5600,1775,36,0.1,180.07,B,B2,< 1 year,RENT,40000,Not Verified,02-01-2008,Fully Paid,n,other,890xx,NV,7.47,0,02-01-2000,2,0,0,3,0,7842,0.438,4,f,0,0,6535.58,2071.55,5600,920.58,15,0,0,07-01-2011,172.84,06-01-2011,2008,High Risk,Low Income,0,0.0045,0.0976,Low Interest
527291,682078,5600,5600,5407.4,36,0.15,193.69,D,D1,7 years,RENT,75000,Verified,06-01-2010,Fully Paid,n,major_purchase,917xx,CA,4.32,1,10-01-1991,3,21,69,10,1,2329,0.119,30,f,0,0,6938.91,6696.17,5600,1338.91,0,0,0,03-01-2013,351.87,05-01-2016,2010,High Risk,Low Income,0,0.0026,0.1484,Low Interest
530529,686018,5600,5600,5600,36,0.12,185.63,B,B5,10+ years,MORTGAGE,53004,Not Verified,06-01-2010,Fully Paid,n,debt_consolidation,562xx,MN,8.85,0,12-01-1997,0,61,60,10,1,9479,0.929,15,f,0,0,6665.03,6665.03,5600,1065.03,0,0,0,03-01-2013,925.48,05-01-2016,2010,High Risk,Low Income,0,0.0035,0.1186,Low Interest
553450,713102,5600,5600,5600,60,0.14,130.25,C,C3,5 years,RENT,84000,Not Verified,08-01-2010,Fully Paid,n,car,900xx,CA,0.84,0,01-01-2002,0,60,104,4,1,862,0.084,9,f,0,0,7443.44,7443.44,5600,1843.44,0,0,0,11-01-2014,67.07,11-01-2014,2010,High Risk,Low Income,0,0.0016,0.1398,Low Interest
590666,758701,5600,5600,5600,36,0.11,183.66,B,B3,4 years,RENT,79000,Verified,10-01-2010,Fully Paid,n,home_improvement,073xx,NJ,13.59,0,01-01-2000,1,81,79,20,1,8792,0.305,38,f,0,0,5892.82,5892.82,5600,292.82,0,0,0,04-01-2011,4982.37,04-01-2016,2010,High Risk,Low Income,0,0.0023,0.1112,Low Interest
748171,947193,5600,5600,5600,60,0.18,143.4,E,E2,10+ years,RENT,67200,Source Verified,05-01-2011,Charged Off,n,small_business,917xx,CA,13.54,7,12-01-1996,1,16,94,9,1,820,0.075,25,f,0,0,1002.45,1002.45,339.42,663.03,0,0,0,01-01-2012,286.8,05-01-2016,2011,High Risk,Low Income,1,0.0021,0.1839,Low Interest
758841,959051,5600,5600,5600,60,0.13,128.83,C,C2,10+ years,OWN,87600,Not Verified,05-01-2011,Fully Paid,n,car,773xx,TX,13.77,0,05-01-2001,0,34,109,14,1,5748,0.588,42,f,0,0,7393.91,7393.91,5600,1793.91,0,0,0,08-01-2014,2639.33,05-01-2016,2011,High Risk,Low Income,0,0.0015,0.1349,Low Interest
879742,1094633,5600,5600,5350,36,0.17,199.02,D,D2,10+ years,RENT,40800,Not Verified,09-01-2011,Fully Paid,n,debt_consolidation,952xx,CA,14.76,0,07-01-1999,0,32,113,11,1,10131,0.984,18,f,0,0,7089.78,6773.27,5600,1489.78,0,0,0,02-01-2014,1530.77,06-01-2014,2011,High Risk,Low Income,0,0.0049,0.1677,Low Interest
1064623,1298440,5600,5600,5600,36,0.11,182.42,B,B2,6 years,RENT,60000,Not Verified,12-01-2011,Fully Paid,n,debt_consolidation,950xx,CA,16.36,1,04-01-1999,0,4,90,11,1,2238,0.124,25,f,0,0,6566.7,6566.7,5600,966.7,0,0,0,01-01-2015,192.37,05-01-2016,2011,High Risk,Low Income,0,0.003,0.1065,Low Interest
99009,98991,5750,5750,3675,36,0.07,178.69,A,A2,10+ years,MORTGAGE,125000,Not Verified,07-01-2007,Fully Paid,n,debt_consolidation,020xx,MA,0.27,0,01-01-1987,0,0,0,10,0,2817,0.102,16,f,0,0,6421.74,4104.33,5750,671.74,0,0,0,05-01-2010,4.74,04-01-2010,2007,High Risk,Low Income,0,0.0014,0.0743,Low Interest
159665,159644,5750,5750,1605.7,36,0.07,178.68,A,A2,< 1 year,RENT,95000,Not Verified,12-01-2007,Fully Paid,n,debt_consolidation,024xx,MA,1.2,0,05-01-1963,0,0,0,4,0,50,0.003,6,f,0,0,6432.32,1792.96,5750,682.32,0,0,0,12-01-2010,183.83,12-01-2010,2007,High Risk,Low Income,0,0.0019,0.0743,Low Interest
496442,636118,5750,5750,5600,36,0.11,189.24,B,B5,4 years,RENT,34000,Not Verified,03-01-2010,Fully Paid,n,debt_consolidation,922xx,CA,19.02,0,06-01-1989,0,38,85,11,1,5982,0.748,23,f,0,0,6813.28,6635.54,5750,1063.28,0,0,0,04-01-2013,202.59,04-01-2013,2010,High Risk,Low Income,0,0.0056,0.1136,Low Interest
183936,183930,5800,5800,1800,36,0.07,180.23,A,A2,1 year,RENT,41300,Not Verified,12-01-2007,Fully Paid,n,home_improvement,232xx,VA,2.32,0,10-01-2000,0,0,0,14,0,2650,0.066,18,f,0,0,6413.83,1990.5,5800,613.83,0,0,0,04-01-2010,253.09,04-01-2010,2007,High Risk,Low Income,0,0.0044,0.0743,Low Interest
262113,254632,5800,5800,5500,36,0.08,182.61,A,A4,< 1 year,RENT,35020,Not Verified,02-01-2008,Fully Paid,n,major_purchase,021xx,MA,0.72,0,07-01-2000,3,0,0,9,0,1348,0.052,10,f,0,0,6573.91,6233.88,5800,773.91,0,0,0,03-01-2011,205.53,02-01-2011,2008,High Risk,Low Income,0,0.0052,0.0832,Low Interest
317953,317948,5800,4075,754.7,36,0.12,135.29,C,C4,7 years,MORTGAGE,89018,Not Verified,04-01-2008,Fully Paid,n,credit_card,891xx,NV,14.59,0,02-01-1993,2,60,96,10,1,5529,0.825,19,f,0,0,4870.44,781.03,4074.96,795.48,0,0,0,05-01-2011,135.29,03-01-2012,2008,High Risk,Low Income,0,0.0015,0.1197,Low Interest
709792,902461,5800,5800,5800,36,0.15,199.76,D,D1,7 years,RENT,45000,Verified,03-01-2011,Fully Paid,n,debt_consolidation,320xx,FL,6.51,0,10-01-1971,1,40,92,5,1,5391,0.829,23,f,0,0,7039.92,7039.92,5800,1239.92,0,0,0,05-01-2013,2249.65,04-01-2016,2011,High Risk,Low Income,0,0.0044,0.1454,Low Interest
625156,801192,5850,5850,5850,36,0.15,203.37,D,D4,10+ years,RENT,23500,Source Verified,12-01-2010,Fully Paid,n,car,928xx,CA,2.86,0,03-01-2002,3,71,33,3,2,858,0.858,5,f,0,0,7340.36,7340.36,5850,1490.36,0,0,0,01-01-2014,41.56,05-01-2016,2010,High Risk,Low Income,0,0.0087,0.152,Low Interest
153054,152600,5875,5875,1075,36,0.11,192.09,C,C3,7 years,MORTGAGE,66000,Not Verified,11-01-2007,Fully Paid,n,credit_card,231xx,VA,19.82,1,02-01-1996,1,9,0,5,0,30597,0.895,25,f,0,0,6690.13,1224.15,5875,815.13,0,0,0,07-01-2009,3044.55,08-01-2009,2007,High Risk,Low Income,0,0.0029,0.1091,Low Interest
720202,914628,5925,5925,5925,36,0.11,194.29,B,B5,< 1 year,RENT,40000,Source Verified,04-01-2011,Charged Off,n,credit_card,672xx,KS,18.48,0,01-01-1989,0,50,91,6,1,11835,0.939,19,f,0,0,387.22,387.22,279.18,108.04,0,0,0,07-01-2011,194.29,05-01-2016,2011,High Risk,Low Income,1,0.0049,0.1111,Low Interest
240105,240094,5950,5950,5250,36,0.12,196.84,C,C4,3 years,RENT,35427,Not Verified,02-01-2008,Fully Paid,n,debt_consolidation,100xx,NY,15.38,0,05-01-2003,3,0,0,13,0,10900,0.424,18,f,0,0,6388.92,5637.28,5950,438.92,0,0,0,11-01-2008,1316.09,04-01-2010,2008,High Risk,Low Income,0,0.0056,0.1172,Low Interest
783017,986087,5975,5975,5975,36,0.11,197.01,B,B4,4 years,MORTGAGE,34800,Source Verified,06-01-2011,Fully Paid,n,debt_consolidation,435xx,OH,7.69,0,10-01-1998,0,48,104,5,1,0,0,17,f,0,0,6756.52,6756.52,5975,781.52,0,0,0,12-01-2012,3614.62,05-01-2016,2011,High Risk,Low Income,0,0.0057,0.1149,Low Interest
69251,267771,6000,6000,500,36,0.08,188.02,A,A3,< 1 year,MORTGAGE,75000,Not Verified,05-01-2008,Fully Paid,n,other,441xx,OH,16.08,0,12-01-1994,1,0,0,16,0,29797,0.232,39,f,0,0,6783.75,565.31,5999.99,768.76,15,0,0,05-01-2011,189.36,05-01-2011,2008,High Risk,Low Income,0,0.0025,0.08,Low Interest
131387,113921,6000,6000,600,36,0.11,195.27,C,C2,2 years,RENT,19000,Not Verified,10-01-2007,Fully Paid,n,educational,100xx,NY,8.15,0,04-01-1999,0,0,0,6,0,8528,0.861,7,f,0,0,7029.69,702.97,6000,1029.69,0,0,0,10-01-2010,198.8,09-01-2010,2007,High Risk,Low Income,0,0.0103,0.1059,Low Interest
132172,132154,6000,6000,900,36,0.1,194.4,C,C1,< 1 year,MORTGAGE,87300,Not Verified,10-01-2007,Fully Paid,n,credit_card,633xx,MO,10.6,0,11-01-2000,0,0,0,11,0,16813,0.639,13,f,0,0,6939.84,1040.98,6000,939.84,0,0,0,02-01-2010,1692.37,02-01-2010,2007,High Risk,Low Income,0,0.0022,0.1028,Low Interest
156417,156396,6000,6000,1050,36,0.07,186.45,A,A2,10+ years,MORTGAGE,68686,Not Verified,11-01-2007,Fully Paid,n,debt_consolidation,197xx,DE,6.11,0,07-01-1987,3,0,0,12,0,2444,0.056,31,f,0,0,6208.94,1086.57,6000,208.94,0,0,0,06-01-2008,5278.09,09-01-2013,2007,High Risk,Low Income,0,0.0027,0.0743,Low Interest
185352,105254,6000,6000,502.7,36,0.1,192.6,B,B4,1 year,RENT,18000,Not Verified,12-01-2007,Fully Paid,n,debt_consolidation,208xx,MD,2.87,0,08-01-2004,1,0,0,4,0,1554,0.293,4,f,0,0,6933.19,544.75,5999.99,933.21,0,0,0,12-01-2010,193.55,12-01-2010,2007,High Risk,Low Income,0,0.0107,0.0964,Low Interest
195618,194605,6000,6000,625,36,0.12,199.78,D,D2,10+ years,MORTGAGE,120000,Not Verified,01-01-2008,Fully Paid,n,other,101xx,NY,6.81,0,05-01-2002,0,24,0,8,0,19504,0.773,11,f,0,0,7103.96,740,6000,1103.96,0,0,0,05-01-2010,4.12,05-01-2010,2008,High Risk,Low Income,0,0.0017,0.1217,Low Interest
197360,197348,6000,6000,820.2,36,0.11,197.06,C,C4,6 years,RENT,49500,Not Verified,01-01-2008,Fully Paid,n,debt_consolidation,770xx,TX,0,1,01-01-2001,1,22,0,6,0,0,0,8,f,0,0,7094.1,946.1,6000,1094.1,0,0,0,01-01-2011,198.7,04-01-2016,2008,High Risk,Low Income,0,0.004,0.1122,Low Interest
210287,210254,6000,6000,1200,36,0.1,192.23,B,B2,2 years,MORTGAGE,110000,Not Verified,01-01-2008,Fully Paid,n,credit_card,301xx,GA,16.87,0,09-01-1984,1,0,0,17,0,67232,0.411,30,f,0,0,6920.1,1384.02,6000,920.1,0,0,0,01-01-2011,193.32,04-01-2015,2008,High Risk,Low Income,0,0.0017,0.0951,Low Interest
219070,219037,6000,6000,4350,36,0.1,194.91,B,B5,2 years,RENT,50000,Not Verified,02-01-2008,Fully Paid,n,car,814xx,CO,5.06,0,11-01-1995,1,56,0,16,0,9516,0.634,21,f,0,0,6981.62,5061.67,6000,981.62,0,0,0,09-01-2010,14.2,09-01-2010,2008,High Risk,Low Income,0,0.0039,0.1046,Low Interest
219967,219919,6000,6000,981.4,36,0.08,189.08,A,A5,< 1 year,MORTGAGE,40500,Not Verified,01-01-2008,Fully Paid,n,debt_consolidation,278xx,NC,12.5,0,01-01-2001,0,0,0,6,0,7386,0.424,11,f,0,0,6806.12,1109.93,6000,806.12,0,0,0,02-01-2011,189.5,05-01-2016,2008,High Risk,Low Income,0,0.0047,0.0838,Low Interest
241117,241084,6000,6000,4325,36,0.1,194.91,B,B5,5 years,RENT,38000,Not Verified,02-01-2008,Fully Paid,n,debt_consolidation,021xx,MA,13.42,0,11-01-1996,3,76,0,6,0,6101,0.368,10,f,0,0,6505.13,4689.11,6000,505.13,0,0,0,01-01-2009,4558.42,03-01-2010,2008,High Risk,Low Income,0,0.0051,0.1046,Low Interest
243078,243060,6000,6000,5200,36,0.1,194.71,B,B4,5 years,RENT,43000,Not Verified,02-01-2008,Fully Paid,n,house,232xx,VA,17.47,0,05-01-1998,0,76,0,14,0,12758,0.404,33,f,0,0,6816.57,5907.7,6000,816.57,0,0,0,11-01-2009,2927.28,05-01-2016,2008,High Risk,Low Income,0,0.0045,0.1039,Low Interest
243130,242899,6000,6000,5384.3,36,0.08,188.02,A,A3,10+ years,OWN,48000,Not Verified,02-01-2008,Fully Paid,n,other,450xx,OH,14.08,0,09-01-1994,1,81,0,11,0,2573,0.163,20,f,0,0,6768.67,6073,6000,768.67,0,0,0,02-01-2011,197.42,02-01-2011,2008,High Risk,Low Income,0,0.0039,0.08,Low Interest
243280,243033,6000,6000,5400,36,0.09,189.77,A,A5,< 1 year,RENT,39000,Not Verified,02-01-2008,Fully Paid,n,credit_card,751xx,TX,11.2,0,10-01-2000,3,0,0,13,0,11217,0.529,23,f,0,0,6373.84,5736.48,6000,373.84,0,0,0,03-01-2009,308.26,03-01-2012,2008,High Risk,Low Income,0,0.0049,0.0863,Low Interest
243406,243089,6000,6000,4544,36,0.1,192.93,B,B2,9 years,MORTGAGE,200000,Not Verified,02-01-2008,Fully Paid,n,car,078xx,NJ,4.84,0,04-01-1992,2,54,0,11,0,21894,0,22,f,0,0,6945.39,5257.42,6000,945.39,0,0,0,02-01-2011,209.41,09-01-2012,2008,High Risk,Low Income,0,0.001,0.0976,Low Interest
245190,244192,6000,6000,5400,36,0.12,200.12,C,C5,8 years,MORTGAGE,36000,Not Verified,02-01-2008,Fully Paid,n,debt_consolidation,651xx,MO,14.77,0,11-01-1994,0,72,0,13,0,22635,0.455,28,f,0,0,7204.23,6483.81,6000,1204.23,0,0,0,02-01-2011,213.39,05-01-2016,2008,High Risk,Low Income,0,0.0056,0.1229,Low Interest
248304,247294,6000,6000,4459.3,36,0.09,189.77,A,A5,5 years,RENT,42328,Not Verified,02-01-2008,Fully Paid,n,debt_consolidation,601xx,IL,10.8,0,08-01-1998,3,0,0,11,0,1839,0.156,16,f,0,0,6831.6,5076.35,6000,831.61,0,0,0,02-01-2011,191.58,02-01-2011,2008,High Risk,Low Income,0,0.0045,0.0863,Low Interest
248817,248616,6000,6000,5425,36,0.12,199.2,C,C4,10+ years,RENT,58800,Not Verified,02-01-2008,Charged Off,n,debt_consolidation,322xx,FL,6,1,01-01-1996,0,7,0,4,0,3831,0.342,6,f,0,0,4321.66,3907.48,3235.58,947.27,14.99,123.82,1.59,11-01-2009,413.4,04-01-2010,2008,High Risk,Low Income,1,0.0034,0.1197,Low Interest
248841,246380,6000,6000,5603.4,36,0.08,187.14,A,A2,10+ years,OWN,75000,Not Verified,02-01-2008,Fully Paid,n,other,117xx,NY,2.54,0,06-01-1990,0,0,0,41,0,6094,0.028,64,f,0,0,6736.78,6288.54,5999.99,736.79,0,0,0,02-01-2011,224.31,02-01-2011,2008,High Risk,Low Income,0,0.0025,0.0768,Low Interest
248927,241834,6000,6000,6000,36,0.1,193.83,B,B3,1 year,RENT,40000,Not Verified,02-01-2008,Fully Paid,n,credit_card,970xx,OR,16.17,0,09-01-2000,1,0,0,5,0,15597,0.6,9,f,0,0,6191.1,6191.1,6000,191.1,0,0,0,09-01-2008,1028.61,08-01-2008,2008,High Risk,Low Income,0,0.0048,0.1008,Low Interest
249840,249832,6000,6000,5556.4,36,0.11,195.61,B,B5,< 1 year,MORTGAGE,32388,Not Verified,02-01-2008,Fully Paid,n,debt_consolidation,762xx,TX,11.12,0,11-01-1996,1,0,0,2,0,0,0,6,f,0,0,7041.98,6520.36,6000,1041.98,0,0,0,02-01-2011,206.81,02-01-2011,2008,High Risk,Low Income,0,0.006,0.1071,Low Interest
251214,217501,6000,6000,3600,36,0.08,188.02,A,A3,< 1 year,RENT,60000,Not Verified,02-01-2008,Fully Paid,n,debt_consolidation,908xx,CA,9.82,0,07-01-1990,1,0,0,5,0,5274,0.459,12,f,0,0,6040.16,3624.13,6000,40.16,0,0,0,03-01-2008,6040.38,01-01-2008,2008,High Risk,Low Income,0,0.0031,0.08,Low Interest
253425,253396,6000,6000,1900,36,0.11,195.61,B,B5,4 years,RENT,33600,Not Verified,02-01-2008,Fully Paid,n,debt_consolidation,274xx,NC,20.11,0,10-01-2001,1,0,0,8,0,8736,0.457,14,f,0,0,6630.16,2099.58,6000,630.16,0,0,0,04-01-2009,4090.06,05-01-2009,2008,High Risk,Low Income,0,0.0058,0.1071,Low Interest
260597,260569,6000,6000,2871.9,36,0.1,192.93,B,B2,< 1 year,RENT,25200,Not Verified,02-01-2008,Fully Paid,n,debt_consolidation,226xx,VA,5.43,0,05-01-2000,1,0,0,7,0,5280,0.406,8,f,0,0,6945.39,3254.97,6000,945.39,0,0,0,03-01-2011,198.84,06-01-2012,2008,High Risk,Low Income,0,0.0077,0.0976,Low Interest
262041,262032,6000,6000,2800,36,0.09,192.06,B,B1,7 years,MORTGAGE,60000,Not Verified,02-01-2008,Fully Paid,n,small_business,168xx,PA,13.16,0,11-01-1995,0,0,0,13,0,32421,0.55,42,f,0,0,6383.57,2979.06,6000,383.57,0,0,0,12-01-2008,4847.67,07-01-2013,2008,High Risk,Low Income,0,0.0032,0.0945,Low Interest
266989,266613,6000,6000,1175,36,0.1,194.71,B,B4,< 1 year,MORTGAGE,16800,Not Verified,02-01-2008,Fully Paid,n,debt_consolidation,926xx,CA,7.5,0,11-01-2002,1,0,0,4,0,4524,0.942,8,f,0,0,6902.13,1351.68,6000,902.13,0,0,0,05-01-2010,2.48,05-01-2016,2008,High Risk,Low Income,0,0.0116,0.1039,Low Interest
273535,273521,6000,6000,4873.6,36,0.13,201.04,D,D1,9 years,MORTGAGE,50000,Not Verified,03-01-2008,Fully Paid,n,debt_consolidation,641xx,MO,3.89,0,10-01-1991,0,55,0,9,0,20845,0.477,33,f,0,0,7237.37,5865.98,5999.99,1237.38,0,0,0,03-01-2011,215.45,10-01-2015,2008,High Risk,Low Income,0,0.004,0.1261,Low Interest
282275,281958,6000,6000,4612.9,36,0.14,203.76,D,D4,10+ years,RENT,72000,Not Verified,03-01-2008,Fully Paid,n,other,932xx,CA,23.37,0,02-01-1990,2,43,0,15,0,19826,0.39,30,f,0,0,7335.22,5631.57,6000,1335.22,0,0,0,03-01-2011,233.19,03-01-2011,2008,High Risk,Low Income,0,0.0028,0.1355,Low Interest
351620,354316,6000,6000,0,36,0.1,193.64,B,B2,1 year,RENT,60000,Not Verified,07-01-2008,Fully Paid,n,debt_consolidation,900xx,CA,11.22,0,05-01-1990,0,46,85,5,1,27591,0.549,11,f,0,0,6366.3,0,6000,366.3,0,0,0,03-01-2009,5010.89,02-01-2010,2008,High Risk,Low Income,0,0.0032,0.1001,Low Interest
372595,391610,6000,6000,5577.1,36,0.13,202.63,C,C3,6 years,RENT,89004,Verified,01-01-2009,Fully Paid,n,major_purchase,606xx,IL,7.4,0,12-01-1999,3,65,67,4,2,281,0.074,6,f,0,0,7294.26,6748.79,6000,1294.27,0,0,0,01-01-2012,210.71,05-01-2016,2009,High Risk,Low Income,0,0.0023,0.1316,Low Interest
384605,415832,6000,6000,6000,36,0.13,203.54,C,C4,5 years,OWN,40000,Not Verified,03-01-2009,Fully Paid,n,small_business,850xx,AZ,4.62,0,01-01-2003,0,47,49,6,1,7110,0.583,13,f,0,0,6751.49,6751.49,6000,751.49,0,0,0,05-01-2010,4311.66,05-01-2010,2009,High Risk,Low Income,0,0.0051,0.1347,Low Interest
416498,485088,6000,6000,5423.6,36,0.13,200.8,C,C1,3 years,MORTGAGE,43000,Not Verified,06-01-2009,Charged Off,n,debt_consolidation,240xx,VA,18.89,0,05-01-1995,2,42,103,15,1,6334,0.681,29,f,0,0,6215.81,5449.43,5019.55,1196.26,0,0,0,02-01-2012,200.8,05-01-2016,2009,High Risk,Low Income,1,0.0047,0.1253,Low Interest
448701,550765,6000,6000,5975,36,0.16,210.95,D,D5,2 years,RENT,65000,Not Verified,10-01-2009,Fully Paid,n,major_purchase,334xx,FL,13.42,0,09-01-1995,2,44,65,14,2,4543,0.295,21,f,0,0,7361.25,7330.58,5999.99,1361.26,0,0,0,09-01-2011,2730.29,10-01-2011,2009,High Risk,Low Income,0,0.0032,0.16,Low Interest
459868,573554,6000,6000,6000,36,0.12,198.81,B,B3,10+ years,RENT,80000,Not Verified,11-01-2009,Fully Paid,n,debt_consolidation,080xx,NJ,8.89,0,12-01-1995,0,80,95,20,1,12757,0.311,41,f,0,0,6365.51,6365.51,6000,365.51,0,0,0,02-01-2011,186.73,10-01-2013,2009,High Risk,Low Income,0,0.0025,0.1183,Low Interest
483804,615737,6000,6000,5975,36,0.13,201.4,C,C1,2 years,MORTGAGE,57000,Not Verified,02-01-2010,Fully Paid,n,other,945xx,CA,7.73,1,04-01-1997,0,23,54,8,2,0,0,22,f,0,0,7192.3,7162.33,6000,1192.3,0,0,0,07-01-2012,1573.39,08-01-2012,2010,High Risk,Low Income,0,0.0035,0.1273,Low Interest
494304,632767,6000,6000,6000,36,0.15,206.79,D,D1,10+ years,RENT,54000,Not Verified,03-01-2010,Fully Paid,n,moving,104xx,NY,6.53,0,12-01-1997,1,34,40,13,1,7505,0.803,22,f,0,0,7365.43,7365.43,6000,1365.43,0,0,0,01-01-2013,253.89,06-01-2014,2010,High Risk,Low Income,0,0.0038,0.1459,Low Interest
501266,644192,6000,6000,6000,36,0.13,203.55,C,C3,3 years,RENT,150000,Verified,04-01-2010,Fully Paid,n,home_improvement,980xx,WA,4.5,0,02-01-1999,1,76,80,4,1,376,0.342,13,f,0,0,7327.88,7327.88,6000,1327.88,0,0,0,04-01-2013,229.49,05-01-2016,2010,High Risk,Low Income,0,0.0014,0.1348,Low Interest
511500,660705,6000,6000,6000,36,0.13,203.55,C,C3,10+ years,MORTGAGE,69500,Not Verified,05-01-2010,Fully Paid,n,debt_consolidation,325xx,FL,23.69,0,08-01-1999,1,27,103,11,1,10871,0.636,17,f,0,0,7327.81,7327.81,6000,1327.81,0,0,0,05-01-2013,221.19,05-01-2016,2010,High Risk,Low Income,0,0.0029,0.1348,Low Interest
526149,680702,6000,6000,5964.4,36,0.14,205.01,C,C3,4 years,RENT,75000,Source Verified,06-01-2010,Fully Paid,n,debt_consolidation,805xx,CO,7.73,0,06-01-1991,0,39,94,6,1,3507,0.461,23,f,0,0,7381.07,7329.87,6000,1381.07,0,0,0,06-01-2013,224.94,05-01-2016,2010,High Risk,Low Income,0,0.0027,0.1398,Low Interest
534370,690634,6000,6000,5975,36,0.12,198.89,B,B5,7 years,MORTGAGE,110000,Source Verified,06-01-2010,Fully Paid,n,home_improvement,441xx,OH,13.6,0,07-01-2002,2,40,108,9,1,4262,0.32,20,f,0,0,6844.77,6816.25,6000,844.77,0,0,0,01-01-2012,3472.74,01-01-2012,2010,High Risk,Low Income,0,0.0018,0.1186,Low Interest
534506,690793,6000,6000,6000,60,0.16,147.35,E,E1,4 years,RENT,33600,Source Verified,06-01-2010,Fully Paid,n,car,010xx,MA,1.13,1,12-01-2000,1,6,55,3,1,693,0.77,11,f,0,0,8534.65,8534.65,6000,2534.65,0,0,0,06-01-2014,469.03,06-01-2014,2010,High Risk,Low Income,0,0.0044,0.1645,Low Interest
542613,700199,6000,6000,6000,60,0.16,145.75,D,D4,1 year,RENT,24000,Source Verified,07-01-2010,Fully Paid,n,home_improvement,168xx,PA,7.85,0,04-01-1978,2,40,72,8,1,3646,0.776,22,f,0,0,8744.91,8744.91,6000,2744.91,0,0,0,07-01-2015,157.64,07-01-2015,2010,High Risk,Low Income,0,0.0061,0.1595,Low Interest
544994,702960,6000,6000,6000,36,0.11,197.83,B,B4,2 years,MORTGAGE,103000,Verified,07-01-2010,Fully Paid,n,credit_card,301xx,GA,9.47,1,08-01-1970,0,15,105,13,1,12582,0.451,37,f,0,0,7137.62,7137.62,6000,1122.62,15,0,0,08-01-2013,214.74,05-01-2016,2010,High Risk,Low Income,0,0.0019,0.1149,Low Interest
546398,704602,6000,6000,6000,60,0.16,144.58,D,D3,8 years,RENT,82000,Verified,07-01-2010,Fully Paid,n,moving,921xx,CA,11.22,0,11-01-1986,0,35,99,15,1,11108,0.312,22,f,0,0,7763.83,7763.83,6000,1763.83,0,0,0,11-01-2012,4009.61,08-01-2015,2010,High Risk,Low Income,0,0.0018,0.1558,Low Interest
547554,705997,6000,6000,6000,36,0.13,202.83,C,C1,< 1 year,MORTGAGE,50000,Not Verified,07-01-2010,Charged Off,n,debt_consolidation,446xx,OH,17.16,0,12-01-1994,0,35,93,9,1,9840,0.66,27,f,0,0,6366.95,6366.95,4820.1,1254,0,292.85,50.83,02-01-2013,202.83,05-01-2013,2010,High Risk,Low Income,1,0.0041,0.1323,Low Interest
550664,709762,6000,6000,6000,36,0.08,187.69,A,A5,3 years,MORTGAGE,66000,Source Verified,07-01-2010,Charged Off,n,vacation,166xx,PA,9.6,0,01-01-1995,1,75,74,6,1,790,0.053,23,f,0,0,2811.9,2811.9,2326.71,485.19,0,0,0,11-01-2011,187.69,05-01-2016,2010,High Risk,Low Income,1,0.0028,0.0788,Low Interest
553891,713608,6000,6000,6000,36,0.15,207.18,C,C5,10+ years,RENT,36000,Not Verified,07-01-2010,Fully Paid,n,car,920xx,CA,7.2,0,09-01-1997,0,37,36,3,2,930,0.509,10,f,0,0,7458.46,7458.46,6000,1458.46,0,0,0,08-01-2013,215.14,02-01-2016,2010,High Risk,Low Income,0,0.0058,0.1472,Low Interest
582287,748349,6000,6000,6000,36,0.14,205.01,C,C3,6 years,RENT,60000,Not Verified,09-01-2010,Fully Paid,n,debt_consolidation,190xx,PA,2.2,0,05-01-2000,2,57,52,3,1,3719,0.391,16,f,0,0,7332.67,7332.67,6000,1332.67,0,0,0,04-01-2013,1402.84,05-01-2016,2010,High Risk,Low Income,0,0.0034,0.1398,Low Interest
587513,754819,6000,6000,5725,36,0.08,187.69,A,A5,5 years,RENT,35000,Source Verified,09-01-2010,Charged Off,n,debt_consolidation,409xx,KY,4.46,0,05-01-1997,0,73,63,6,1,6180,0.493,26,f,0,0,1874.4,1788.5,1525.46,348.94,0,0,0,08-01-2011,187.69,05-01-2016,2010,High Risk,Low Income,1,0.0054,0.0788,Low Interest
594290,763148,6000,6000,6000,36,0.11,197.83,B,B4,4 years,RENT,70000,Verified,10-01-2010,Fully Paid,n,debt_consolidation,101xx,NY,2.26,0,08-01-1991,1,28,93,12,1,3500,0.376,26,f,0,0,7070.62,7070.62,6000,1070.62,0,0,0,03-01-2013,1541.55,05-01-2016,2010,High Risk,Low Income,0,0.0028,0.1149,Low Interest
596391,765605,6000,6000,5950,60,0.14,138.4,C,C2,8 years,RENT,30000,Verified,10-01-2010,Fully Paid,n,credit_card,763xx,TX,9.4,0,12-01-1997,3,50,109,20,1,6111,0.339,46,f,0,0,8303.94,8234.74,6000,2303.94,0,0,0,10-01-2015,138.34,04-01-2016,2010,High Risk,Low Income,0,0.0046,0.1361,Low Interest
602038,772467,6000,6000,6000,36,0.1,193.58,B,B4,4 years,RENT,105000,Source Verified,10-01-2010,Fully Paid,n,credit_card,930xx,CA,14.78,0,11-01-1995,1,45,80,11,1,24060,0.806,24,f,0,0,6912.38,6912.38,6000,912.38,0,0,0,03-01-2013,1701.45,04-01-2016,2010,High Risk,Low Income,0,0.0018,0.0999,Low Interest
658408,842053,6000,6000,6000,36,0.14,205.57,C,C5,10+ years,RENT,50000,Not Verified,01-01-2011,Fully Paid,n,debt_consolidation,104xx,NY,17.83,2,12-01-1998,2,19,87,17,1,9618,0.493,22,f,0,0,7400.32,7400.32,6000,1400.32,0,0,0,02-01-2014,218.83,05-01-2016,2011,High Risk,Low Income,0,0.0041,0.1417,Low Interest
662888,847697,6000,6000,6000,60,0.1,128.58,B,B3,5 years,MORTGAGE,90000,Source Verified,02-01-2011,Fully Paid,n,car,992xx,WA,12.83,0,01-01-1993,3,39,103,13,1,2750,0.113,39,f,0,0,7673.91,7673.91,6000,1658.91,15,0,0,04-01-2015,1374.96,04-01-2015,2011,High Risk,Low Income,0,0.0014,0.1037,Low Interest
739533,937113,6000,6000,6000,36,0.13,201.25,C,C1,10+ years,MORTGAGE,40000,Not Verified,04-01-2011,Fully Paid,n,small_business,782xx,TX,7.65,0,07-01-1983,2,27,96,4,1,5086,0.628,20,f,0,0,7244.57,7244.57,6000,1244.57,0,0,0,05-01-2014,218.02,05-01-2016,2011,High Risk,Low Income,0,0.005,0.1268,Low Interest
744515,943002,6000,6000,6000,36,0.12,199.26,B,B5,4 years,MORTGAGE,72000,Source Verified,05-01-2011,Fully Paid,n,home_improvement,553xx,MN,16.45,0,08-01-2000,2,79,96,24,1,9417,0.48,31,f,0,0,6947.8,6947.8,6000,947.8,0,0,0,02-01-2013,2963.55,05-01-2016,2011,High Risk,Low Income,0,0.0028,0.1199,Low Interest
753342,953005,6000,6000,6000,60,0.13,138.03,C,C2,10+ years,MORTGAGE,73248,Source Verified,05-01-2011,Fully Paid,n,home_improvement,917xx,CA,5.24,0,06-01-1987,1,48,94,13,1,6904,0.301,32,f,0,0,7952.16,7952.16,6000,1952.16,0,0,0,08-01-2014,2719.4,12-01-2015,2011,High Risk,Low Income,0,0.0019,0.1349,Low Interest
753754,953431,6000,6000,6000,60,0.17,148.77,D,D4,2 years,RENT,28800,Verified,05-01-2011,Current,n,debt_consolidation,125xx,NY,9.04,0,06-01-2003,2,43,98,7,1,7261,0.712,14,f,171,171,8730.9,8730.9,5828.76,2902.14,0,0,0,04-01-2016,148.77,05-01-2016,2011,High Risk,Low Income,0,0.0052,0.1689,Low Interest
756867,956834,6000,6000,5975,36,0.11,197.83,B,B4,4 years,MORTGAGE,40800,Not Verified,05-01-2011,Fully Paid,n,wedding,675xx,KS,4.06,0,06-01-1995,1,51,86,5,1,5512,0.525,14,f,0,0,7121.77,7092.1,6000,1121.77,0,0,0,06-01-2014,214.37,05-01-2016,2011,High Risk,Low Income,0,0.0048,0.1149,Low Interest
770450,972120,6000,6000,6000,36,0.13,202.14,C,C1,9 years,MORTGAGE,81000,Source Verified,06-01-2011,Fully Paid,n,other,851xx,AZ,5.36,0,01-01-1989,1,59,102,6,1,6917,0.935,22,f,0,0,7139.59,7139.59,6000,1139.59,0,0,0,07-01-2013,2296.12,05-01-2016,2011,High Risk,Low Income,0,0.0025,0.1299,Low Interest
771120,972859,6000,6000,6000,36,0.16,209.82,D,D1,10+ years,MORTGAGE,71000,Not Verified,06-01-2011,Fully Paid,n,major_purchase,305xx,GA,2.99,1,07-01-2000,1,13,114,7,1,4979,0.647,13,f,0,0,6701.11,6701.11,6000,701.11,0,0,0,04-01-2012,4816.04,04-01-2012,2011,High Risk,Low Income,0,0.003,0.1562,Low Interest
771203,972956,6000,6000,6000,36,0.11,195.27,B,B2,6 years,MORTGAGE,33360,Not Verified,06-01-2011,Fully Paid,n,home_improvement,648xx,MO,0,0,01-01-1946,0,78,70,5,2,0,0,7,f,0,0,7029.69,7029.69,6000,1029.69,0,0,0,06-01-2014,207.04,09-01-2014,2011,High Risk,Low Income,0,0.0059,0.1059,Low Interest
774252,976412,6000,6000,6000,36,0.13,203.59,C,C2,10+ years,MORTGAGE,72000,Not Verified,06-01-2011,Fully Paid,n,home_improvement,773xx,TX,20.58,0,01-01-1997,1,41,98,10,1,6122,0.875,29,f,0,0,6926.34,6926.34,6000,926.34,0,0,0,11-01-2012,3677.45,11-01-2012,2011,High Risk,Low Income,0,0.0028,0.1349,Low Interest
789742,993703,6000,6000,6000,36,0.13,202.14,C,C1,9 years,MORTGAGE,50400,Source Verified,06-01-2011,Charged Off,n,debt_consolidation,402xx,KY,13.86,0,11-01-2000,1,52,58,8,1,3879,0.517,18,f,0,0,5343.94,5343.94,3903.69,1138.23,0,302.02,6.19,08-01-2013,202.14,01-01-2014,2011,High Risk,Low Income,1,0.004,0.1299,Low Interest
810905,1017864,6000,6000,6000,36,0.15,208.67,C,C5,2 years,RENT,28800,Not Verified,07-01-2011,Fully Paid,n,debt_consolidation,334xx,FL,11.46,0,06-01-1998,1,32,64,3,1,373,0.466,11,f,0,0,7459.09,7459.09,6000,1459.09,0,0,0,01-01-2014,1434.33,04-01-2016,2011,High Risk,Low Income,0,0.0072,0.1523,Low Interest
815248,1022855,6000,6000,5975,36,0.11,195.27,B,B2,8 years,RENT,30840,Verified,07-01-2011,Fully Paid,n,debt_consolidation,450xx,OH,16.19,0,03-01-1999,0,26,93,9,1,6004,0.698,12,f,0,0,7029.69,7000.4,6000,1029.69,0,0,0,08-01-2014,208.2,07-01-2014,2011,High Risk,Low Income,0,0.0063,0.1059,Low Interest
832811,1042302,6000,6000,6000,36,0.13,202.14,C,C1,< 1 year,RENT,32000,Source Verified,08-01-2011,Fully Paid,n,major_purchase,267xx,WV,18.94,0,08-01-1999,1,57,80,6,1,2288,0.915,16,f,0,0,7255.41,7255.41,6000,1255.41,0,0,0,04-01-2014,998.15,04-01-2014,2011,High Risk,Low Income,0,0.0063,0.1299,Low Interest
841209,1051740,6000,6000,6000,36,0.16,212.4,D,D3,3 years,RENT,72000,Verified,08-01-2011,Fully Paid,n,moving,060xx,CT,18.2,0,08-01-1990,1,63,86,7,1,17734,0.991,16,f,0,0,6741.28,6741.28,6000,741.28,0,0,0,06-01-2012,4835.38,06-01-2012,2011,High Risk,Low Income,0,0.003,0.1649,Low Interest
878776,1093599,6000,6000,5750,36,0.11,195.44,B,B2,6 years,MORTGAGE,59000,Not Verified,10-01-2011,Charged Off,n,credit_card,600xx,IL,12.33,0,08-01-1994,0,56,105,14,1,8772,0.685,27,f,0,0,4685.12,4489.76,3778.7,906.42,0,0,0,10-01-2013,195.44,05-01-2016,2011,High Risk,Low Income,1,0.0033,0.1065,Low Interest
879560,1094483,6000,6000,5750,36,0.11,195.44,B,B2,6 years,MORTGAGE,43000,Not Verified,09-01-2011,Fully Paid,n,debt_consolidation,327xx,FL,10.69,0,01-01-1999,0,71,108,4,1,2299,0.511,12,f,0,0,7035.82,6742.66,6000,1035.82,0,0,0,09-01-2014,207.39,09-01-2014,2011,High Risk,Low Income,0,0.0045,0.1065,Low Interest
880970,1096031,6000,6000,6000,36,0.15,206.97,C,C3,< 1 year,MORTGAGE,92000,Verified,09-01-2011,Fully Paid,n,debt_consolidation,282xx,NC,11.18,1,02-01-2001,3,4,104,17,1,10223,0.686,28,f,0,0,7450.7,7450.7,6000,1450.7,0,0,0,10-01-2014,214.12,09-01-2015,2011,High Risk,Low Income,0,0.0022,0.1465,Low Interest
1013197,1240552,6000,6000,6000,36,0.15,208.79,C,C4,10+ years,MORTGAGE,35900,Source Verified,11-01-2011,Fully Paid,n,small_business,240xx,VA,15.38,0,08-01-1999,3,47,28,6,1,760,0.691,19,f,0,0,7516.27,7516.27,6000,1516.27,0,0,0,11-01-2014,238.84,06-01-2015,2011,High Risk,Low Income,0,0.0058,0.1527,Low Interest
1018045,1246231,6000,6000,6000,60,0.19,155.75,E,E2,2 years,RENT,38400,Verified,11-01-2011,Current,n,other,936xx,CA,20.47,0,07-01-2000,1,46,109,7,1,3347,0.837,10,f,1038,1038,8225.59,8225.59,4962.4,3263.19,0,0,0,04-01-2016,155.75,05-01-2016,2011,High Risk,Low Income,0,0.0041,0.1903,Low Interest
1024480,1253604,6000,6000,6000,36,0.11,195.44,B,B2,5 years,MORTGAGE,126000,Not Verified,11-01-2011,Charged Off,n,home_improvement,140xx,NY,14.33,1,11-01-1985,0,6,111,16,1,20607,0.5,21,f,0,0,4652,4652,3433.82,861.02,0,357.16,3.57,10-01-2013,195.44,03-01-2014,2011,High Risk,Low Income,1,0.0016,0.1065,Low Interest
1051355,1282656,6000,6000,6000,36,0.16,210.83,C,C5,10+ years,MORTGAGE,39168,Not Verified,12-01-2011,Charged Off,n,debt_consolidation,945xx,CA,24.85,0,03-01-1997,1,36,77,13,1,6347,0.816,30,f,0,0,2587.54,2587.54,1532.7,783.52,14.98,256.34,2.52,11-01-2012,210.83,04-01-2013,2011,High Risk,Low Income,1,0.0054,0.1596,Low Interest
559370,720073,6075,6075,6075,60,0.13,138.95,C,C1,7 years,MORTGAGE,36000,Not Verified,08-01-2010,Fully Paid,n,car,134xx,NY,16.13,0,03-01-1992,2,60,68,5,2,0,0,12,f,0,0,8336.26,8336.26,6075,2261.26,0,0,0,08-01-2015,143.54,01-01-2015,2010,High Risk,Low Income,0,0.0039,0.1323,Low Interest
576346,741218,6075,6075,6075,36,0.12,201.38,B,B5,5 years,OWN,37000,Not Verified,09-01-2010,Fully Paid,n,credit_card,800xx,CO,20.72,0,03-01-1994,2,73,98,14,1,10707,0.468,20,f,0,0,7250.21,7250.21,6075,1175.21,0,0,0,09-01-2013,228.01,09-01-2013,2010,High Risk,Low Income,0,0.0054,0.1186,Low Interest
141676,141648,6225,6225,1375,36,0.12,205.4,C,C5,< 1 year,RENT,45000,Not Verified,10-01-2007,Fully Paid,n,credit_card,017xx,MA,17.76,0,09-01-2003,0,0,0,10,0,579,0.232,15,f,0,0,6890.12,1521.91,6225,665.12,0,0,0,12-01-2008,4427.01,09-01-2015,2007,High Risk,Low Income,0,0.0046,0.1154,Low Interest
247062,242344,6225,6225,2375,36,0.1,200.17,B,B2,< 1 year,RENT,20400,Not Verified,02-01-2008,Fully Paid,n,debt_consolidation,934xx,CA,18.35,0,03-01-2000,1,0,0,7,0,9121,0.554,13,f,0,0,7083.53,2702.55,6225,858.53,0,0,0,02-01-2010,2485.24,02-01-2010,2008,High Risk,Low Income,0,0.0098,0.0976,Low Interest
1019261,1247939,6250,6250,6250,36,0.17,223.68,D,D3,4 years,MORTGAGE,28000,Verified,11-01-2011,Charged Off,n,other,450xx,OH,13.76,0,10-01-1999,0,41,101,2,1,0,0.0846,15,f,0,0,6688.64,6688.64,4764.18,1713.09,0,211.37,2.11,04-01-2014,223.68,09-01-2014,2011,High Risk,Low Income,1,0.008,0.1727,Low Interest
277162,276284,6300,6300,5200,36,0.11,206.35,C,C1,10+ years,MORTGAGE,58000,Not Verified,03-01-2008,Fully Paid,n,debt_consolidation,809xx,CO,9.21,0,11-01-1988,0,27,0,9,0,871,0.081,39,f,0,0,6809.04,5620.16,6300,509.04,0,0,0,01-01-2009,4856.13,05-01-2016,2008,High Risk,Low Income,0,0.0036,0.1103,Low Interest
679780,868413,6300,6300,6300,36,0.1,203.29,B,B2,1 year,RENT,54000,Source Verified,02-01-2011,Fully Paid,n,car,898xx,NV,16.33,1,10-01-1982,0,15,114,16,1,32239,0.65,38,f,0,0,7072.21,7072.21,6300,772.21,0,0,0,10-01-2012,3419.91,03-01-2014,2011,High Risk,Low Income,0,0.0038,0.1,Low Interest
977591,1200386,6300,6300,6300,36,0.11,205.22,B,B2,5 years,RENT,83000,Verified,10-01-2011,Fully Paid,n,debt_consolidation,063xx,CT,9.57,0,02-01-2005,2,75,109,5,1,5280,0.574,6,f,0,0,7229.08,7229.08,6300,929.08,0,0,0,09-01-2013,2717.17,10-01-2013,2011,High Risk,Low Income,0,0.0025,0.1065,Low Interest
256450,256438,6350,6350,4825,36,0.13,213.72,D,D2,1 year,RENT,80415,Not Verified,02-01-2008,Fully Paid,n,debt_consolidation,945xx,CA,20.15,0,10-01-1984,1,0,0,10,0,22247,0.931,16,f,0,0,7693.6,5845.93,6350,1343.6,0,0,0,03-01-2011,222.17,05-01-2016,2008,High Risk,Low Income,0,0.0027,0.1292,Low Interest
156021,155549,6400,6400,1050,36,0.12,211.17,C,C5,5 years,RENT,95000,Not Verified,11-01-2007,Fully Paid,n,educational,100xx,NY,1.83,0,07-01-1998,1,0,0,7,0,11200,0.232,11,f,0,0,7775.64,1275.69,6400,1375.64,0,0,0,04-01-2012,73.03,03-01-2012,2007,High Risk,Low Income,0,0.0022,0.1154,Low Interest
242092,242081,6400,6400,5956.3,36,0.08,201.5,A,A4,10+ years,MORTGAGE,50000,Not Verified,02-01-2008,Fully Paid,n,credit_card,232xx,VA,13.99,0,04-01-1994,0,0,0,9,0,64885,0.396,21,f,0,0,7270.34,6765.59,6400,855.35,15,0,0,03-01-2011,23.06,05-01-2016,2008,High Risk,Low Income,0,0.004,0.0832,Low Interest
245733,245715,6400,6400,6031.4,36,0.08,199.61,A,A2,< 1 year,MORTGAGE,101400,Not Verified,02-01-2008,Fully Paid,n,credit_card,326xx,FL,0.83,0,02-01-1985,1,0,0,10,0,1715,0.082,21,f,0,0,7187.25,6772.67,6400,787.25,0,0,0,03-01-2011,44.77,05-01-2016,2008,High Risk,Low Income,0,0.002,0.0768,Low Interest
455871,565639,6400,6400,6400,36,0.13,215.26,C,C1,9 years,RENT,70775,Not Verified,11-01-2009,Charged Off,n,major_purchase,951xx,CA,11.09,0,08-01-1991,3,68,77,10,1,12267,0.4,11,f,0,0,6630.44,6630.44,2518.7,993.31,15,3103.43,1086.1,05-01-2011,500,05-01-2016,2009,High Risk,Low Income,1,0.003,0.1287,Low Interest
473403,598275,6400,6400,6375.2,36,0.16,223.92,D,D4,2 years,RENT,47000,Not Verified,01-01-2010,Charged Off,n,debt_consolidation,231xx,VA,8.94,0,12-01-2002,0,32,29,5,1,0,0,17,f,0,0,7637.26,7602.46,5943.49,1650.68,0,43.09,1.04,11-01-2012,223.92,04-01-2013,2010,High Risk,Low Income,1,0.0048,0.1565,Low Interest
749298,948523,6400,6400,6400,60,0.12,142.34,B,B5,4 years,RENT,45000,Source Verified,06-01-2011,Fully Paid,n,debt_consolidation,935xx,CA,9.65,0,02-01-1992,0,76,106,7,1,2705,0.53,19,f,0,0,7324.63,7324.63,6400,924.63,0,0,0,10-01-2012,5197.89,10-01-2014,2011,High Risk,Low Income,0,0.0032,0.1199,Low Interest
781558,984415,6400,6400,6400,60,0.23,180.2,F,F5,3 years,RENT,66000,Source Verified,06-01-2011,Current,n,small_business,974xx,OR,2.8,0,09-01-2000,0,26,92,5,1,3829,0.798,9,f,185,185,10612.28,10612.28,6214.81,4397.47,0,0,0,05-01-2016,180.2,05-01-2016,2011,High Risk,Low Income,0,0.0027,0.2294,Low Interest
972620,1194579,6400,6400,6400,36,0.11,208.47,B,B2,7 years,MORTGAGE,76000,Source Verified,10-01-2011,Fully Paid,n,debt_consolidation,211xx,MD,22.52,0,11-01-1997,1,66,94,11,1,5865,0.637,22,f,0,0,6457.32,6457.32,6400,57.32,0,0,0,11-01-2011,6457.55,06-01-2014,2011,High Risk,Low Income,0,0.0027,0.1065,Low Interest
118523,118519,6500,6500,225,36,0.15,225.37,F,F1,9 years,MORTGAGE,213000,Not Verified,08-01-2007,Charged Off,n,small_business,300xx,GA,6.45,0,07-01-1990,0,0,0,11,0,56411,0.753,28,f,0,0,4054.35,139.42,2886.21,1168.14,0,0,0,02-01-2009,225.37,05-01-2016,2007,High Risk,Low Income,1,0.0011,0.1501,Low Interest
128635,127807,6500,6500,500,36,0.1,210.6,C,C1,< 1 year,OWN,45000,Not Verified,09-01-2007,Fully Paid,n,debt_consolidation,125xx,NY,5.87,0,12-01-2002,0,0,0,6,0,5607,0.422,7,f,0,0,7648.05,588.31,6500,1088.05,60,0,0,10-01-2010,188.8,04-01-2012,2007,High Risk,Low Income,0,0.0047,0.1028,Low Interest
166683,163526,6500,6500,1287.6,36,0.08,202.94,A,A3,10+ years,OWN,48000,Not Verified,12-01-2007,Fully Paid,n,debt_consolidation,279xx,NC,13.53,0,10-01-1979,3,0,0,24,0,10742,0.089,43,f,0,0,7305.79,1426.11,6499.99,805.8,0,0,0,12-01-2010,204.6,05-01-2014,2007,High Risk,Low Income,0,0.0042,0.0775,Low Interest
673901,861353,6500,6500,6500,36,0.11,212.01,B,B4,6 years,RENT,75000,Source Verified,02-01-2011,Fully Paid,n,debt_consolidation,070xx,NJ,6.8,0,12-01-1998,1,66,94,19,1,6484,0.636,53,f,0,0,7415.47,7415.47,6500,915.47,0,0,0,11-01-2012,3186.78,03-01-2016,2011,High Risk,Low Income,0,0.0028,0.1074,Low Interest
345190,345180,6600,3575,0,36,0.11,116.56,B,B5,1 year,MORTGAGE,47000,Not Verified,04-01-2008,Charged Off,n,home_improvement,315xx,GA,13.3,0,09-01-1991,1,75,88,8,1,10083,0.539,17,f,0,0,1398.36,0,1066.94,331.42,0,0,0,05-01-2009,116.56,05-01-2016,2008,High Risk,Low Income,1,0.0025,0.1071,Low Interest
756487,956433,6600,6600,6600,60,0.22,184.1,G,G2,2 years,RENT,38480,Source Verified,05-01-2011,Fully Paid,n,vacation,350xx,AL,6.58,0,05-01-1996,0,33,100,3,1,6593,0.634,8,f,0,0,9697.16,9697.16,6600,3097.16,0,0,0,06-01-2015,62.19,05-01-2016,2011,High Risk,Low Income,0,0.0048,0.2248,Low Interest
125897,124159,6625,6625,2325,36,0.11,217.6,C,C4,2 years,MORTGAGE,88000,Not Verified,09-01-2007,Fully Paid,n,credit_card,201xx,VA,18,0,06-01-1997,2,0,0,9,0,16738,0.261,24,f,0,0,7174.09,2517.7,6625,549.09,0,0,0,08-01-2008,2329.53,11-01-2015,2007,High Risk,Low Income,0,0.0025,0.1122,Low Interest
131649,131639,6625,6625,1025,36,0.11,217.59,C,C4,3 years,RENT,50000,Not Verified,10-01-2007,Fully Paid,n,small_business,980xx,WA,18.38,0,07-01-1998,1,41,0,11,0,113,0.024,21,f,0,0,7833.04,1211.92,6625,1208.04,0,0,0,10-01-2010,219.63,09-01-2010,2007,High Risk,Low Income,0,0.0044,0.1122,Low Interest
133685,133664,6625,6625,950,36,0.11,217.59,C,C4,3 years,RENT,57100,Not Verified,10-01-2007,Fully Paid,n,debt_consolidation,201xx,VA,13.77,0,10-01-2001,0,0,0,10,0,11490,0.957,11,f,0,0,7762.03,1113.05,6625,1137.03,0,0,0,02-01-2010,1888.34,03-01-2010,2007,High Risk,Low Income,0,0.0038,0.1122,Low Interest
271356,271076,6625,6625,2679.2,36,0.13,222.97,D,D2,8 years,RENT,28000,Not Verified,03-01-2008,Fully Paid,n,debt_consolidation,175xx,PA,19.93,0,06-01-1992,0,0,0,14,0,15049,0.713,26,f,0,0,8026.81,3220.29,6625,1401.81,0,0,0,03-01-2011,228.33,09-01-2015,2008,High Risk,Low Income,0,0.008,0.1292,Low Interest
345567,345563,6700,4575,402.1,36,0.13,153.98,D,D2,< 1 year,RENT,19368,Not Verified,04-01-2008,Fully Paid,n,debt_consolidation,945xx,CA,15.06,0,01-01-1988,2,37,113,9,1,8150,0.701,16,f,0,0,5542.98,414.41,4574.98,968,0,0,0,05-01-2011,155.26,07-01-2015,2008,High Risk,Low Income,0,0.008,0.1292,Low Interest
764124,964804,6725,6725,6725,60,0.18,170.74,E,E1,9 years,RENT,75000,Source Verified,06-01-2011,Charged Off,n,other,060xx,CT,8.58,1,06-01-1999,1,21,88,7,1,7347,0.693,20,f,0,0,7683.3,7683.3,4431.02,3227,0,25.28,4.55,03-01-2015,170.74,04-01-2016,2011,High Risk,Low Income,1,0.0023,0.1799,Low Interest
154776,154761,6800,6800,875,36,0.11,223.34,C,C4,10+ years,RENT,51000,Not Verified,11-01-2007,Charged Off,n,debt_consolidation,088xx,NJ,18.68,0,09-01-2002,2,0,0,8,0,9495,0.879,8,f,0,0,2009.43,258.3,1492.33,517.1,0,0,0,08-01-2008,223.34,03-01-2015,2007,High Risk,Low Income,1,0.0044,0.1122,Low Interest
668955,855354,6800,6800,4442.1,60,0.17,168.16,E,E2,3 years,MORTGAGE,54000,Not Verified,03-01-2011,Charged Off,n,medical,554xx,MN,17.11,1,03-01-1998,2,9,91,19,1,15715,0.903,35,f,0,0,1004.4,1000.74,452.34,552.06,0,0,0,10-01-2011,168.16,05-01-2016,2011,High Risk,Low Income,1,0.0031,0.1677,Low Interest
808268,1014937,6800,6800,6775,36,0.08,214.63,A,A5,8 years,RENT,68004,Source Verified,07-01-2011,Fully Paid,n,major_purchase,730xx,OK,9.78,0,05-01-1990,0,29,35,8,1,2662,0.543,16,f,0,0,7695.65,7667.35,6800,895.65,0,0,0,01-01-2014,1486.4,05-01-2016,2011,High Risk,Low Income,0,0.0032,0.0849,Low Interest
999292,1224661,6800,6800,6800,36,0.08,211.56,A,A3,< 1 year,RENT,60000,Source Verified,10-01-2011,Fully Paid,n,small_business,761xx,TX,21.74,0,06-01-1981,0,29,111,8,1,1647,0.161,21,f,0,0,7615.9,7615.9,6800,815.9,0,0,0,11-01-2014,218.56,11-01-2014,2011,High Risk,Low Income,0,0.0035,0.0751,Low Interest
128881,128775,7000,7000,75,36,0.12,234.15,D,D3,< 1 year,RENT,23000,Not Verified,09-01-2007,Fully Paid,n,other,871xx,NM,5.01,0,08-01-2004,3,0,0,3,0,1061,0.819,4,f,0,0,8570.68,91.83,7000,1540.68,30,0,0,11-01-2010,126.36,10-01-2010,2007,High Risk,Low Income,0,0.0102,0.1249,Low Interest
142281,142269,7000,7000,550,36,0.1,226.8,C,C1,2 years,RENT,55400,Not Verified,10-01-2007,Fully Paid,n,debt_consolidation,981xx,WA,10.05,0,08-01-2002,0,0,0,15,0,8047,0.338,15,f,0,0,7850.41,616.82,7000,850.41,0,0,0,05-01-2009,3995.3,04-01-2016,2007,High Risk,Low Income,0,0.0041,0.1028,Low Interest
150940,150893,7000,7000,1000,36,0.11,227.82,C,C2,3 years,MORTGAGE,63500,Not Verified,11-01-2007,Fully Paid,n,debt_consolidation,853xx,AZ,8.5,0,02-01-1989,1,0,113,9,1,14930,0.79,21,f,0,0,8174.02,1167.72,7000,1174.02,0,0,0,05-01-2010,1571.29,04-01-2016,2007,High Risk,Low Income,0,0.0036,0.1059,Low Interest
171298,171282,7000,7000,1000,36,0.07,217.52,A,A2,< 1 year,RENT,43000,Not Verified,12-01-2007,Fully Paid,n,small_business,402xx,KY,1.65,0,01-01-2000,0,0,0,7,0,2698,0.095,17,f,0,0,7830.67,1118.67,7000,830.67,0,0,0,12-01-2010,225.5,12-01-2010,2007,High Risk,Low Income,0,0.0051,0.0743,Low Interest
178239,176992,7000,7000,514,36,0.12,232.04,D,D1,4 years,RENT,50400,Not Verified,12-01-2007,Fully Paid,n,debt_consolidation,074xx,NJ,17.02,0,12-01-1995,3,0,0,8,0,6718,0.946,11,f,0,0,8353.11,606.59,6999.99,1353.11,0,0,0,12-01-2010,236.06,09-01-2015,2007,High Risk,Low Income,0,0.0046,0.1186,Low Interest
201479,201440,7000,7000,1842.2,36,0.07,217.52,A,A2,< 1 year,MORTGAGE,60000,Not Verified,01-01-2008,Fully Paid,n,other,910xx,CA,1.72,0,03-01-1988,1,0,0,42,0,3202,0.011,76,f,0,0,7830.66,2051.02,7000,830.66,0,0,0,01-01-2011,228.16,01-01-2011,2008,High Risk,Low Income,0,0.0036,0.0743,Low Interest
210884,210855,7000,7000,1400,36,0.11,228.45,C,C1,3 years,RENT,36500,Not Verified,01-01-2008,Fully Paid,n,credit_card,120xx,NY,7.76,0,07-01-2002,0,0,0,5,0,6999,0.657,5,f,0,0,8223.88,1644.78,7000,1223.88,0,0,0,01-01-2011,231.24,04-01-2016,2008,High Risk,Low Income,0,0.0063,0.1078,Low Interest
213020,212984,7000,7000,525,36,0.08,218.55,A,A3,8 years,RENT,49896,Not Verified,01-01-2008,Fully Paid,n,debt_consolidation,891xx,NV,10.37,0,12-01-1995,0,0,0,13,0,6634,0.094,29,f,0,0,7817.99,586.35,7000,817.99,0,0,0,05-01-2010,1917.74,02-01-2014,2008,High Risk,Low Income,0,0.0044,0.0775,Low Interest
229565,229463,7000,7000,1822,36,0.11,228.45,C,C1,7 years,RENT,69500,Not Verified,01-01-2008,Fully Paid,n,credit_card,028xx,RI,16.51,0,04-01-1994,0,0,0,8,0,22157,0.98,12,f,0,0,8223.88,2088.68,7000,1223.88,0,0,0,02-01-2011,233.16,06-01-2015,2008,High Risk,Low Income,0,0.0033,0.1078,Low Interest
237776,234342,7000,7000,2950,36,0.07,217.52,A,A2,10+ years,MORTGAGE,33000,Not Verified,01-01-2008,Fully Paid,n,wedding,452xx,OH,10.04,0,02-01-1998,1,0,0,20,0,983,0.021,30,f,0,0,7830.66,3300.07,7000,830.66,0,0,0,02-01-2011,227.81,02-01-2011,2008,High Risk,Low Income,0,0.0066,0.0743,Low Interest
238935,238817,7000,7000,2350,36,0.09,223.26,B,B1,10+ years,MORTGAGE,88000,Not Verified,02-01-2008,Fully Paid,n,major_purchase,800xx,CO,13.28,3,02-01-1992,3,6,0,10,0,12672,0.21,35,f,0,0,7593.35,2549.2,7000,593.35,0,0,0,03-01-2009,4917.41,03-01-2009,2008,High Risk,Low Income,0,0.0025,0.092,Low Interest
243737,241476,7000,7000,3522.7,36,0.1,225.09,B,B2,2 years,RENT,27600,Not Verified,02-01-2008,Fully Paid,n,debt_consolidation,554xx,MN,17.78,0,01-01-2003,2,0,0,12,0,16326,0.486,21,f,0,0,8102.92,4049.24,7000,1102.92,0,0,0,02-01-2011,236.33,02-01-2016,2008,High Risk,Low Income,0,0.0082,0.0976,Low Interest
265097,265083,7000,7000,3868.6,36,0.09,221.4,A,A5,4 years,RENT,42000,Not Verified,02-01-2008,Fully Paid,n,debt_consolidation,900xx,CA,2.74,0,10-01-2001,0,50,0,6,0,6496,0.401,12,f,0,0,7970.46,4344.41,7000,970.46,0,0,0,03-01-2011,225.15,03-01-2011,2008,High Risk,Low Income,0,0.0053,0.0863,Low Interest
265836,250154,7000,7000,1325,36,0.09,224.07,B,B1,1 year,MORTGAGE,93000,Not Verified,02-01-2008,Charged Off,n,other,303xx,GA,10.86,0,12-01-1996,1,0,0,12,0,5257,0.329,16,f,0,0,6751.87,1277.62,5630.83,1076.04,44.99,0,0,12-01-2010,179.86,05-01-2016,2008,High Risk,Low Income,1,0.0024,0.0945,Low Interest
270568,267513,7000,7000,2900,36,0.13,234.55,D,D1,5 years,RENT,35000,Not Verified,03-01-2008,Fully Paid,n,debt_consolidation,900xx,CA,9.63,0,08-01-2004,1,0,0,4,0,11698,0.785,5,f,0,0,7215.59,2989.32,7000,215.59,0,0,0,06-01-2008,6747.89,06-01-2013,2008,High Risk,Low Income,0,0.0067,0.1261,Low Interest
270860,265723,7000,7000,3206.6,36,0.09,224.07,B,B1,< 1 year,RENT,20244,Not Verified,03-01-2008,Fully Paid,n,major_purchase,384xx,TN,5.99,0,12-01-1995,0,0,0,12,0,4641,0.331,17,f,0,0,8066.51,3610.78,7000,1066.51,0,0,0,03-01-2011,225.73,11-01-2013,2008,High Risk,Low Income,0,0.0111,0.0945,Low Interest
281565,281517,7000,7000,3250,36,0.11,230.3,C,C2,2 years,OWN,45000,Not Verified,03-01-2008,Fully Paid,n,medical,527xx,IA,9.92,0,04-01-2001,1,70,61,16,1,1767,0.346,26,f,0,0,8181.31,3798.47,7000,1181.31,0,0,0,05-01-2010,2889.87,05-01-2010,2008,High Risk,Low Income,0,0.0051,0.1134,Low Interest
353062,356532,7000,5600,908.7,36,0.13,187.45,C,C5,3 years,RENT,79000,Not Verified,08-01-2008,Fully Paid,n,debt_consolidation,945xx,CA,10.92,0,12-01-1992,0,28,108,15,1,7465,0.746,23,f,0,0,6748.1,937.46,5600,1148.1,0,0,0,08-01-2011,187.67,03-01-2016,2008,High Risk,Low Income,0,0.0024,0.1254,Low Interest
356159,361249,7000,4500,994.2,36,0.11,147.24,B,B5,10+ years,MORTGAGE,63000,Not Verified,09-01-2008,Fully Paid,n,debt_consolidation,785xx,TX,6.17,0,07-01-1984,1,44,97,8,1,17558,0.623,19,f,0,0,5292.65,1022.98,4500,792.65,0,0,0,07-01-2011,581.25,07-01-2014,2008,High Risk,Low Income,0,0.0023,0.1096,Low Interest
481733,612713,7000,7000,7000,36,0.08,218.97,A,A5,2 years,MORTGAGE,51000,Not Verified,02-01-2010,Fully Paid,n,moving,150xx,PA,10.68,0,06-01-1998,0,27,114,8,1,973,0.141,19,f,0,0,7883.26,7883.26,7000,883.26,0,0,0,02-01-2013,229.67,02-01-2013,2010,High Risk,Low Income,0,0.0043,0.0788,Low Interest
489461,624513,7000,7000,7000,36,0.1,225.48,B,B1,8 years,MORTGAGE,100000,Not Verified,03-01-2010,Fully Paid,n,credit_card,077xx,NJ,7.08,1,11-01-1997,0,13,95,16,1,4131,0.128,45,f,0,0,8117.45,8117.45,7000,1117.45,0,0,0,03-01-2013,235.63,03-01-2013,2010,High Risk,Low Income,0,0.0023,0.0988,Low Interest
505341,651102,7000,7000,6785.9,36,0.08,217.77,A,A4,4 years,RENT,80000,Source Verified,04-01-2010,Fully Paid,n,major_purchase,908xx,CA,14.88,0,08-01-1995,0,28,88,10,1,8433,0.413,17,f,0,0,7838.66,7582.93,7000,838.66,0,0,0,04-01-2013,455.06,05-01-2016,2010,High Risk,Low Income,0,0.0027,0.0751,Low Interest
512397,662030,7000,7000,6925,36,0.08,218.97,A,A5,10+ years,RENT,52000,Not Verified,05-01-2010,Fully Paid,n,debt_consolidation,926xx,CA,15.37,0,08-01-1988,0,46,118,6,1,4669,0.468,19,f,0,0,7407.96,7328.59,7000,407.96,0,0,0,03-01-2011,5441.24,04-01-2016,2010,High Risk,Low Income,0,0.0042,0.0788,Low Interest
531766,687432,7000,7000,7000,36,0.11,230.8,B,B4,1 year,MORTGAGE,65000,Not Verified,06-01-2010,Fully Paid,n,educational,430xx,OH,3.56,0,07-01-1997,0,36,91,7,1,6504,0.29,16,f,0,0,8302.73,8302.73,7000,1302.73,0,0,0,04-01-2013,704.44,04-01-2016,2010,High Risk,Low Income,0,0.0036,0.1149,Low Interest
531959,687675,7000,7000,6939,36,0.12,232.04,B,B5,5 years,OWN,24000,Not Verified,06-01-2010,Charged Off,n,debt_consolidation,431xx,OH,16.55,0,10-01-1995,2,62,86,4,1,4793,0.631,17,f,0,0,7351.26,7268.6,5929.82,1333.29,0,88.15,1.55,01-01-2013,849.63,07-01-2013,2010,High Risk,Low Income,1,0.0097,0.1186,Low Interest
556893,717046,7000,7000,7000,60,0.15,167.31,D,D2,5 years,MORTGAGE,27000,Verified,08-01-2010,Fully Paid,n,car,010xx,MA,0.89,2,07-01-1996,1,19,100,4,1,986,0.379,13,f,0,0,9704.56,9704.56,7000,2704.56,0,0,0,02-01-2014,2860.54,09-01-2014,2010,High Risk,Low Income,0,0.0062,0.1521,Low Interest
566862,729256,7000,7000,6975,36,0.14,237.92,C,C2,3 years,RENT,34800,Not Verified,08-01-2010,Fully Paid,n,debt_consolidation,926xx,CA,16.48,0,11-01-1990,0,25,87,11,1,6028,0.597,25,f,0,0,7517.26,7490.41,7000,517.26,0,0,0,04-01-2011,6095.61,05-01-2016,2010,High Risk,Low Income,0,0.0068,0.1361,Low Interest
568275,731059,7000,7000,7000,36,0.15,243.38,D,D2,10+ years,MORTGAGE,54257,Verified,08-01-2010,Charged Off,n,debt_consolidation,604xx,IL,16.15,0,11-01-1997,0,44,107,12,1,8871,0.816,38,f,0,0,5110.8,5110.8,3682.13,1411.84,0,16.83,0,06-01-2012,243.38,05-01-2016,2010,High Risk,Low Income,1,0.0045,0.1521,Low Interest
576177,741009,7000,7000,7000,36,0.16,245.93,D,D4,10+ years,RENT,61392,Verified,09-01-2010,Fully Paid,n,debt_consolidation,984xx,WA,14.43,0,03-01-2002,0,40,105,5,1,1894,0.789,11,f,0,0,8853.48,8853.48,7000,1853.48,0,0,0,09-01-2013,254.71,09-01-2013,2010,High Risk,Low Income,0,0.004,0.1595,Low Interest
596308,765509,7000,7000,7000,36,0.16,245.93,D,D4,5 years,MORTGAGE,70000,Source Verified,10-01-2010,Fully Paid,n,home_improvement,295xx,SC,17.71,0,12-01-1998,2,55,115,4,1,5346,0.722,16,f,0,0,8574.64,8574.64,7000,1574.64,0,0,0,10-01-2012,3180.13,03-01-2016,2010,High Risk,Low Income,0,0.0035,0.1595,Low Interest
649279,830667,7000,7000,6975,60,0.11,152.59,B,B5,5 years,MORTGAGE,72504,Verified,01-01-2011,Fully Paid,n,debt_consolidation,212xx,MD,13.9,0,01-01-2001,0,44,37,15,1,5450,0.352,26,f,0,0,9154.7,9122.01,7000,2154.7,0,0,0,01-01-2016,151.89,05-01-2016,2011,High Risk,Low Income,0,0.0021,0.1111,Low Interest
756727,956687,7000,7000,7000,36,0.07,217.72,A,A4,4 years,RENT,75000,Not Verified,05-01-2011,Fully Paid,n,debt_consolidation,928xx,CA,16.83,0,10-01-1987,0,27,105,14,1,4547,0.144,24,f,0,0,7837.57,7837.57,7000,837.57,0,0,0,06-01-2014,239.94,05-01-2014,2011,High Risk,Low Income,0,0.0029,0.0749,Low Interest
834983,1044887,7000,7000,7000,36,0.06,212.93,A,A2,7 years,RENT,27600,Not Verified,08-01-2011,Fully Paid,n,credit_card,973xx,OR,18.65,0,08-01-1995,0,74,58,9,1,6500,0.32,20,f,0,0,7658.74,7658.74,7000,658.74,0,0,0,07-01-2014,208.14,05-01-2016,2011,High Risk,Low Income,0,0.0077,0.0599,Low Interest
839684,1049860,7000,7000,6975,60,0.16,170.19,D,D2,2 years,MORTGAGE,94500,Verified,08-01-2011,Fully Paid,n,other,283xx,NC,21.22,2,05-01-1999,0,20,85,8,1,2313,0.269,19,f,0,0,8301.07,8271.43,7000,1301.07,0,0,0,01-01-2013,3591.93,02-01-2013,2011,High Risk,Low Income,0,0.0018,0.1599,Low Interest
842775,1053468,7000,7000,7000,36,0.12,232.47,B,B5,10+ years,MORTGAGE,130000,Verified,08-01-2011,Fully Paid,n,medical,730xx,OK,15.42,0,12-01-1996,2,26,92,15,1,1577,0.118,45,f,0,0,8368.78,8368.78,7000,1368.78,0,0,0,08-01-2014,233.79,05-01-2016,2011,High Risk,Low Income,0,0.0018,0.1199,Low Interest
884858,1100430,7000,7000,6925,36,0.06,213.05,A,A1,6 years,MORTGAGE,44000,Source Verified,09-01-2011,Fully Paid,n,debt_consolidation,554xx,MN,17.45,0,11-01-1996,0,77,110,16,1,7072,0.387,26,f,0,0,7669.75,7587.57,7000,669.75,0,0,0,10-01-2014,215,05-01-2016,2011,High Risk,Low Income,0,0.0048,0.0603,Low Interest
887402,1103555,7000,7000,7000,36,0.15,241.46,C,C3,6 years,MORTGAGE,58000,Verified,09-01-2011,Charged Off,n,debt_consolidation,358xx,AL,23.52,0,09-01-1993,2,51,87,20,1,9005,0.539,57,f,0,0,482.18,482.18,313.43,168.75,0,0,0,12-01-2011,241.46,05-01-2016,2011,High Risk,Low Income,1,0.0042,0.1465,Low Interest
1028649,1258004,7000,7000,7000,36,0.16,245.97,C,C5,2 years,RENT,39000,Not Verified,11-01-2011,Fully Paid,n,debt_consolidation,549xx,WI,11.94,0,01-01-2002,3,37,63,8,1,2173,0.724,16,f,0,0,8544.69,8544.69,7000,1544.69,0,0,0,02-01-2014,1143.62,05-01-2016,2011,High Risk,Low Income,0,0.0063,0.1596,Low Interest
1036928,1266814,7000,7000,6973.2,36,0.09,222.28,A,A5,10+ years,MORTGAGE,35000,Source Verified,11-01-2011,Fully Paid,n,debt_consolidation,018xx,MA,12.45,1,09-01-1994,1,21,79,12,1,9859,0.359,20,f,0,0,8001.77,7968.45,7000,1001.77,0,0,0,12-01-2014,229.41,03-01-2015,2011,High Risk,Low Income,0,0.0064,0.089,Low Interest
1051194,1282282,7000,7000,7000,36,0.17,248.77,D,D2,10+ years,RENT,52000,Source Verified,12-01-2011,Fully Paid,n,debt_consolidation,557xx,MN,17.42,0,11-01-1986,2,29,102,9,1,6070,0.855,23,f,0,0,8942.03,8942.03,7000,1942.03,0,0,0,07-01-2015,61.27,05-01-2016,2011,High Risk,Low Income,0,0.0048,0.1677,Low Interest
1068545,1303147,7000,7000,7000,36,0.12,231.54,B,B3,4 years,OWN,39120,Not Verified,12-01-2011,Fully Paid,n,debt_consolidation,329xx,FL,21.01,0,12-01-1996,0,26,33,8,1,9414,0.524,26,f,0,0,7933.96,7933.96,7000,933.96,0,0,0,06-01-2013,4235.03,05-01-2016,2011,High Risk,Low Income,0,0.0059,0.1171,Low Interest
132062,130915,7200,7200,1250,36,0.15,248.43,E,E5,3 years,RENT,57000,Not Verified,10-01-2007,Fully Paid,n,debt_consolidation,015xx,MA,20.76,1,06-01-1997,0,8,0,14,0,13552,0.691,18,f,0,0,8943.42,1552.69,7200,1743.42,0,0,0,10-01-2010,252.65,04-01-2016,2007,High Risk,Low Income,0,0.0044,0.1467,Low Interest
206360,206195,7200,7200,1175,36,0.12,240.39,D,D1,6 years,RENT,17280,Not Verified,01-01-2008,Fully Paid,n,other,148xx,NY,4.58,0,06-01-1997,2,77,0,2,0,0,0,3,f,0,0,8653.73,1412.24,7200,1453.73,0,0,0,01-01-2011,244.62,05-01-2016,2008,High Risk,Low Income,0,0.0139,0.1236,Low Interest
209349,197016,7200,7200,750,36,0.08,225.86,A,A4,10+ years,MORTGAGE,61200,Not Verified,01-01-2008,Charged Off,n,debt_consolidation,021xx,MA,17,0,05-01-1993,4,0,0,4,0,9366,0.407,8,f,0,0,7308.94,757.54,6306.02,916.72,14.99,71.21,16.12,10-01-2010,225.86,04-01-2016,2008,High Risk,Low Income,1,0.0037,0.0807,Low Interest
216013,215970,7200,7200,1065.2,36,0.1,230.68,B,B2,10+ years,RENT,32496,Not Verified,01-01-2008,Fully Paid,n,other,300xx,GA,15.84,0,02-01-2003,1,41,0,5,0,3247,0.333,7,f,0,0,8304.1,1169.88,7199.99,1104.1,0,0,0,01-01-2011,232.08,08-01-2015,2008,High Risk,Low Income,0,0.0071,0.0951,Low Interest
223992,223916,7200,7200,1450,36,0.08,226.89,A,A5,3 years,MORTGAGE,175000,Not Verified,01-01-2008,Fully Paid,n,credit_card,334xx,FL,15.11,0,07-01-1994,6,0,0,21,0,101443,0.137,43,f,0,0,8144.51,1640.22,7200,944.51,0,0,0,09-01-2010,1344.08,09-01-2010,2008,High Risk,Low Income,0,0.0013,0.0838,Low Interest
254762,254752,7200,7200,2750,36,0.11,236.88,C,C2,< 1 year,RENT,37000,Not Verified,02-01-2008,Fully Paid,n,credit_card,801xx,CO,24.31,0,03-01-1995,2,0,0,13,0,6422,0.145,30,f,0,0,7713.73,2946.24,7200,513.73,0,0,0,01-01-2009,2347.25,05-01-2016,2008,High Risk,Low Income,0,0.0064,0.1134,Low Interest
258521,258200,7200,7200,4394,36,0.1,233.65,B,B4,1 year,RENT,48000,Not Verified,02-01-2008,Fully Paid,n,credit_card,801xx,CO,12.63,0,12-01-2004,0,0,0,9,0,5824,0.447,9,f,0,0,8423.18,5071.77,7200,1223.18,0,0,0,03-01-2011,224.58,02-01-2011,2008,High Risk,Low Income,0,0.0049,0.1039,Low Interest
266179,266099,7200,7200,2125,36,0.08,225.63,A,A3,5 years,RENT,83000,Not Verified,02-01-2008,Fully Paid,n,other,379xx,TN,5.54,0,06-01-1996,3,55,0,3,0,438,0.008,19,f,0,0,7989.95,2358.15,7200,789.95,0,0,0,02-01-2010,3030.82,02-01-2010,2008,High Risk,Low Income,0,0.0027,0.08,Low Interest
277688,277676,7200,7200,5500,36,0.09,230.47,B,B1,< 1 year,RENT,45000,Not Verified,03-01-2008,Charged Off,n,debt_consolidation,207xx,MD,0.8,0,09-01-2000,0,0,0,4,0,3332,0.306,7,f,0,0,5664.34,4326.24,4564.72,963.13,14.96,121.53,1.63,03-01-2010,230.47,08-01-2010,2008,High Risk,Low Income,1,0.0051,0.0945,Low Interest
474664,502692,7200,7200,7075,36,0.11,237.4,B,B4,7 years,MORTGAGE,102000,Not Verified,06-01-2010,Fully Paid,n,debt_consolidation,207xx,MD,4.51,0,11-01-1993,0,67,60,6,4,5920,0.8,23,f,0,0,8425.75,8268.39,7200,1225.75,0,0,0,09-01-2012,2501.77,04-01-2016,2010,High Risk,Low Income,0,0.0023,0.1149,Low Interest
520952,673593,7200,7200,7072.9,36,0.15,248.61,C,C5,10+ years,RENT,60676,Verified,06-01-2010,Fully Paid,n,small_business,201xx,VA,9.97,0,09-01-1999,1,54,45,4,1,614,0.512,13,f,0,0,8950.54,8772.52,7200,1750.54,0,0,0,06-01-2013,265.3,06-01-2013,2010,High Risk,Low Income,0,0.0041,0.1472,Low Interest
553815,703469,7200,7200,7068,36,0.12,238.67,B,B5,1 year,MORTGAGE,45000,Not Verified,07-01-2010,Fully Paid,n,medical,609xx,IL,10.16,2,05-01-1996,1,4,97,9,1,739,0.134,25,f,0,0,8592.95,8431.44,7200,1392.95,0,0,0,08-01-2013,273.14,05-01-2016,2010,High Risk,Low Income,0,0.0053,0.1186,Low Interest
602816,773469,7200,7200,5950,60,0.1,151.64,B,B3,7 years,MORTGAGE,65000,Not Verified,10-01-2010,Fully Paid,n,renewable_energy,141xx,NY,1.64,0,02-01-1995,1,80,85,8,1,3320,0.272,29,f,0,0,7640.38,6313.93,7200,440.38,0,0,0,07-01-2011,6582.99,08-01-2013,2010,High Risk,Low Income,0,0.0023,0.0962,Low Interest
666077,851589,7200,7200,7175,36,0.07,223.28,A,A4,5 years,MORTGAGE,44000,Not Verified,02-01-2011,Fully Paid,n,debt_consolidation,554xx,MN,11.1,0,10-01-1996,3,70,103,15,1,4863,0.369,25,f,0,0,8038.12,8010.21,7200,838.12,0,0,0,02-01-2014,245.94,05-01-2016,2011,High Risk,Low Income,0,0.0051,0.0729,Low Interest
841046,1051557,7200,7200,7200,36,0.1,232.29,B,B1,10+ years,MORTGAGE,50000,Not Verified,08-01-2011,Charged Off,n,other,224xx,VA,6.5,0,09-01-1983,1,68,97,7,1,1829,0.481,24,f,0,0,5806.88,5806.88,4753.19,1036.06,0,17.63,0,09-01-2013,232.29,05-01-2016,2011,High Risk,Low Income,1,0.0046,0.0999,Low Interest
1060372,1292123,7200,7200,7200,36,0.08,225.29,A,A4,5 years,RENT,34000,Source Verified,12-01-2011,Fully Paid,n,debt_consolidation,060xx,CT,17.51,0,06-01-2002,0,77,38,10,1,5176,0.488,13,f,0,0,8111.91,8111.91,7200,911.91,0,0,0,01-01-2015,6.6,07-01-2015,2011,High Risk,Low Income,0,0.0066,0.079,Low Interest
130512,130019,7250,7250,425,36,0.11,235.96,C,C2,5 years,MORTGAGE,57000,Not Verified,10-01-2007,Fully Paid,n,credit_card,210xx,MD,7.22,0,08-01-1992,1,0,0,11,0,40598,0.773,42,f,0,0,8192.67,480.26,7250,942.67,0,0,0,05-01-2009,3946.77,03-01-2010,2007,High Risk,Low Income,0,0.0041,0.1059,Low Interest
243207,243192,7400,7400,6375,36,0.1,237.95,B,B2,8 years,RENT,69000,Not Verified,02-01-2008,Fully Paid,n,debt_consolidation,951xx,CA,12.57,0,09-01-1998,0,0,0,5,0,15176,0.316,17,f,0,0,8344.13,7188.35,7400,944.13,0,0,0,12-01-2009,10.78,12-01-2009,2008,High Risk,Low Income,0,0.0034,0.0976,Low Interest
473710,598898,7400,7400,7375,36,0.16,258.9,D,D4,5 years,RENT,72000,Not Verified,01-01-2010,Fully Paid,n,debt_consolidation,926xx,CA,9.32,1,03-01-1996,0,13,22,7,1,5001,0.848,30,f,0,0,9320.96,9289.47,7400,1920.96,0,0,0,01-01-2013,275.13,05-01-2016,2010,High Risk,Low Income,0,0.0036,0.1565,Low Interest
494361,632849,7400,7400,7201.7,36,0.13,249.72,C,C2,8 years,MORTGAGE,60000,Not Verified,05-01-2010,Fully Paid,n,credit_card,980xx,WA,5.38,0,06-01-1998,1,49,76,5,1,10043,0.761,19,f,0,0,8599.71,8329.79,7400,1199.71,0,0,0,12-01-2011,4112,05-01-2016,2010,High Risk,Low Income,0,0.0042,0.1311,Low Interest
1015685,1243361,7400,7400,7400,60,0.18,186.23,D,D4,10+ years,MORTGAGE,63478,Verified,11-01-2011,Fully Paid,n,credit_card,236xx,VA,11.25,0,12-01-2000,3,43,90,7,1,5861,0.781,47,f,0,0,11093.38,11093.38,7400,3693.38,0,0,0,03-01-2016,1595.65,04-01-2016,2011,High Risk,Low Income,0,0.0029,0.1758,Low Interest
87023,86999,7500,7500,800,36,0.14,255.43,E,E2,< 1 year,OWN,22000,Not Verified,06-01-2007,Fully Paid,n,debt_consolidation,027xx,MA,14.29,1,10-01-2003,0,11,0,7,0,4175,0.515,8,f,0,0,9195.26,980.83,7500,1695.26,0,0,0,06-01-2010,256.59,06-01-2010,2007,High Risk,Low Income,0,0.0116,0.1375,Low Interest
117794,94256,7500,7500,400,36,0.08,235.25,A,A4,1 year,MORTGAGE,150000,Not Verified,08-01-2007,Fully Paid,n,home_improvement,023xx,MA,2.72,0,05-01-1993,4,0,0,15,0,23678,0.244,60,f,0,0,7826.51,417.44,7500,326.51,0,0,0,03-01-2008,6415.65,06-01-2007,2007,High Risk,Low Income,0,0.0016,0.0807,Low Interest
126788,126782,7500,7500,5800,36,0.09,239.65,B,B3,6 years,MORTGAGE,93000,Not Verified,09-01-2007,Fully Paid,n,home_improvement,331xx,FL,9.66,0,04-01-1995,3,0,0,9,0,128000,0,18,f,0,0,8104.15,6267.21,7500,604.15,0,0,0,09-01-2008,5468.54,08-01-2008,2007,High Risk,Low Income,0,0.0026,0.0933,Low Interest
175193,173899,7500,7500,925,36,0.09,238.54,B,B2,1 year,RENT,19440,Not Verified,12-01-2007,Fully Paid,n,other,337xx,FL,10.37,0,07-01-2004,0,0,0,2,0,3933,0.437,3,f,0,0,8587.16,1059.1,7500,1087.16,0,0,0,12-01-2010,242.56,12-01-2010,2007,High Risk,Low Income,0,0.0123,0.0901,Low Interest
191006,191003,7500,7500,1167.1,36,0.11,244.09,C,C2,< 1 year,RENT,39975,Not Verified,12-01-2007,Fully Paid,n,credit_card,031xx,NH,12.1,2,12-01-1996,3,19,0,9,0,7914,0.308,11,f,0,0,8802.18,1341.61,7500,1302.18,0,0,0,01-01-2011,236.1,12-01-2010,2007,High Risk,Low Income,0,0.0061,0.1059,Low Interest
200600,200597,7500,7500,1599.8,36,0.1,241.41,B,B3,7 years,RENT,96000,Not Verified,01-01-2008,Fully Paid,n,credit_card,904xx,CA,2.69,0,02-01-1995,0,0,107,4,1,1944,0.474,11,f,0,0,8690.59,1825.35,7500,1190.59,0,0,0,01-01-2011,247.31,05-01-2016,2008,High Risk,Low Income,0,0.0025,0.0983,Low Interest
211860,211817,7500,7500,2325.8,36,0.08,236.34,A,A5,< 1 year,OWN,75000,Not Verified,01-01-2008,Fully Paid,n,credit_card,100xx,NY,6.06,0,05-01-1999,0,0,0,7,0,4286,0.404,9,f,0,0,8508.23,2638.33,7500,1008.23,0,0,0,01-01-2011,249.67,11-01-2012,2008,High Risk,Low Income,0,0.0032,0.0838,Low Interest
213551,213530,7500,7500,470.4,36,0.11,247,C,C3,3 years,RENT,72000,Not Verified,01-01-2008,Fully Paid,n,credit_card,208xx,MD,14.65,0,11-01-1998,0,32,0,5,0,5608,0.471,10,f,0,0,8891.96,545.38,7500,1391.96,0,0,0,01-01-2011,248.61,01-01-2011,2008,High Risk,Low Income,0,0.0034,0.1141,Low Interest
223308,223192,7500,7500,1000,36,0.11,244.76,C,C1,1 year,MORTGAGE,85000,Not Verified,01-01-2008,Fully Paid,n,small_business,074xx,NJ,1.78,1,01-01-1982,1,23,90,7,1,8035,0.505,24,f,0,0,8826.72,1176.9,7500,1326.72,0,0,0,02-01-2011,262.84,02-01-2011,2008,High Risk,Low Income,0,0.0029,0.1078,Low Interest
237880,235838,7500,7500,3413.8,36,0.1,241.41,B,B3,8 years,RENT,64000,Not Verified,01-01-2008,Fully Paid,n,wedding,918xx,CA,0.58,1,03-01-1993,0,11,0,3,0,603,0.301,19,f,0,0,8688.62,3945.28,7500,1188.62,0,0,0,01-01-2011,487.96,12-01-2015,2008,High Risk,Low Income,0,0.0038,0.0983,Low Interest
243957,243947,7500,7500,6225,36,0.1,243.38,B,B4,< 1 year,MORTGAGE,45000,Not Verified,02-01-2008,Fully Paid,n,debt_consolidation,112xx,NY,5.57,0,09-01-1996,0,24,0,5,0,33,0.003,10,f,0,0,8250.19,6847.66,7500,735.19,15,0,0,09-01-2010,5359.25,05-01-2016,2008,High Risk,Low Income,0,0.0054,0.1039,Low Interest
270712,270704,7500,7500,2325,36,0.1,241.16,B,B2,< 1 year,RENT,90000,Not Verified,03-01-2008,Fully Paid,n,credit_card,300xx,GA,12.32,0,10-01-2002,3,0,0,13,0,5570,0.254,33,f,0,0,7895.85,2447.74,7500,395.85,0,0,0,10-01-2008,6450.74,04-01-2011,2008,High Risk,Low Income,0,0.0027,0.0976,Low Interest
342692,342683,7500,5500,593.8,36,0.11,180.95,C,C2,< 1 year,MORTGAGE,97000,Not Verified,04-01-2008,Fully Paid,n,credit_card,115xx,NY,17.15,0,01-01-1994,1,35,106,10,1,29243,0.962,16,f,0,0,6514.22,608.67,5499.99,1014.23,0,0,0,04-01-2011,180.95,04-01-2016,2008,High Risk,Low Income,0,0.0019,0.1134,Low Interest
497599,637926,7500,7500,7500,36,0.1,241.58,B,B1,10+ years,MORTGAGE,51500,Not Verified,03-01-2010,Fully Paid,n,home_improvement,339xx,FL,3.36,0,03-01-1999,1,82,97,9,1,3162,0.285,19,f,0,0,8596.4,8596.4,7500,1096.4,0,0,0,10-01-2012,950.68,10-01-2012,2010,High Risk,Low Income,0,0.0047,0.0988,Low Interest
504308,649320,7500,7500,7475,36,0.11,246.84,B,B5,4 years,MORTGAGE,31600,Not Verified,04-01-2010,Fully Paid,n,other,441xx,OH,5.16,0,10-01-2002,2,43,28,4,1,562,0.094,6,f,0,0,8886.88,8857.26,7500,1386.88,0,0,0,05-01-2013,264.36,04-01-2013,2010,High Risk,Low Income,0,0.0078,0.1136,Low Interest
552329,711722,7500,7500,7475,36,0.14,254.92,C,C2,6 years,RENT,51000,Verified,07-01-2010,Fully Paid,n,debt_consolidation,333xx,FL,7.88,0,11-01-1987,0,44,79,10,1,9547,0.561,21,f,0,0,9177.21,9146.62,7500,1677.21,0,0,0,08-01-2013,278.4,04-01-2016,2010,High Risk,Low Income,0,0.005,0.1361,Low Interest
579868,745480,7500,7500,7500,36,0.15,258.97,C,C5,8 years,RENT,45600,Not Verified,09-01-2010,Fully Paid,n,debt_consolidation,993xx,WA,24.68,1,12-01-1999,1,20,106,8,1,5653,0.463,21,f,0,0,9323.55,9323.55,7500,1823.55,0,0,0,10-01-2013,278.88,05-01-2016,2010,High Risk,Low Income,0,0.0057,0.1472,Low Interest
661268,845705,7500,7500,7500,60,0.16,183.99,E,E1,6 years,RENT,41600,Not Verified,01-01-2011,Fully Paid,n,debt_consolidation,284xx,NC,20.88,0,08-01-1998,0,79,113,5,1,5478,0.961,15,f,0,0,10144.66,10144.66,7500,2644.66,0,0,0,10-01-2013,4453.36,12-01-2015,2011,High Risk,Low Income,0,0.0044,0.164,Low Interest
763907,964574,7500,7500,7500,60,0.21,201.31,F,F2,8 years,RENT,33600,Not Verified,05-01-2011,Charged Off,n,other,217xx,MD,8.39,5,03-01-1994,1,12,109,2,1,721,0.555,32,f,0,0,3035.77,3035.77,834.46,1803.94,14.98,382.38,3.67,09-01-2012,205.87,12-01-2012,2011,High Risk,Low Income,1,0.006,0.2062,Low Interest
804539,1010427,7500,7500,7500,36,0.11,247.29,B,B4,10+ years,MORTGAGE,102000,Source Verified,07-01-2011,Fully Paid,n,medical,937xx,CA,10.38,0,11-01-1966,0,58,93,15,1,8681,0.568,26,f,0,0,8902.2,8902.2,7500,1402.2,0,0,0,08-01-2014,261.57,05-01-2016,2011,High Risk,Low Income,0,0.0024,0.1149,Low Interest
829665,1038778,7500,7500,7500,36,0.11,244.09,B,B2,9 years,MORTGAGE,54500,Not Verified,07-01-2011,Fully Paid,n,credit_card,083xx,NJ,14.6,1,04-01-1995,0,9,89,13,1,10883,0.422,30,f,0,0,8787.1,8787.1,7500,1287.1,0,0,0,08-01-2014,251.67,05-01-2016,2011,High Risk,Low Income,0,0.0045,0.1059,Low Interest
835351,1045272,7500,7500,7250,36,0.07,233.27,A,A4,4 years,RENT,48000,Source Verified,08-01-2011,Fully Paid,n,debt_consolidation,917xx,CA,4.4,0,12-01-1998,0,48,107,7,1,6924,0.351,11,f,0,0,8397.41,8117.49,7500,897.41,0,0,0,08-01-2014,256.61,03-01-2016,2011,High Risk,Low Income,0,0.0049,0.0749,Low Interest
848538,1060154,7500,7500,7500,36,0.16,262.28,D,D1,10+ years,RENT,45000,Not Verified,08-01-2011,Fully Paid,n,credit_card,152xx,PA,9.81,2,06-01-2002,0,3,115,6,1,8021,0.618,8,f,0,0,9441.75,9441.75,7500,1941.75,0,0,0,08-01-2014,276.36,08-01-2014,2011,High Risk,Low Income,0,0.0058,0.1562,Low Interest
254533,252512,7600,7600,4275,36,0.13,254.65,D,D1,10+ years,RENT,76554,Not Verified,02-01-2008,Fully Paid,n,debt_consolidation,920xx,CA,4.62,0,01-01-1994,1,0,0,6,0,7897,0.479,9,f,0,0,9026.38,5077.34,7600,1426.38,0,0,0,05-01-2010,40.86,05-01-2010,2008,High Risk,Low Income,0,0.0033,0.1261,Low Interest
1051045,1282508,7600,7600,7600,60,0.17,187.95,D,D2,5 years,OWN,50000,Source Verified,12-01-2011,Current,n,small_business,572xx,SD,6.29,0,04-01-1996,0,68,83,13,1,8646,0.406,27,f,1263,1263,9922.74,9922.74,6337.07,3585.67,0,0,0,05-01-2016,187.95,05-01-2016,2011,High Risk,Low Income,0,0.0038,0.1677,Low Interest
131782,131769,7725,7725,1025,36,0.14,263.09,E,E2,< 1 year,RENT,62200,Not Verified,10-01-2007,Charged Off,n,debt_consolidation,100xx,NY,9.8,0,04-01-1999,3,0,0,8,0,12231,0.81,13,f,0,0,6138,812.88,4386.34,1601.56,0,150.1,1.6,12-01-2009,50.09,05-01-2010,2007,High Risk,Low Income,1,0.0042,0.1375,Low Interest
268761,268750,7750,7750,4608.7,36,0.14,264.39,D,D5,< 1 year,RENT,30000,Not Verified,03-01-2008,Fully Paid,n,debt_consolidation,021xx,MA,24.68,0,01-01-2004,0,0,0,8,0,26996,0.668,9,f,0,0,9517.94,5632.76,7749.99,1767.95,0,0,0,03-01-2011,277.88,04-01-2015,2008,High Risk,Low Income,0,0.0088,0.1387,Low Interest
478377,607335,7750,7750,7750,36,0.13,260.66,C,C1,4 years,RENT,29808,Not Verified,01-01-2010,Charged Off,n,credit_card,956xx,CA,22.42,0,12-01-1990,0,24,110,6,1,7751,0.527,14,f,0,0,2605.4,2605.4,1862.51,742.89,0,0,0,12-01-2010,260.66,05-01-2016,2010,High Risk,Low Income,1,0.0087,0.1287,Low Interest
610052,782427,7800,6550,6550,60,0.1,140.34,B,B5,10+ years,MORTGAGE,40800,Source Verified,11-01-2010,Fully Paid,n,debt_consolidation,805xx,CO,4.82,2,05-01-1997,2,11,109,10,1,6821,0.477,25,f,0,0,8180.73,8180.73,6550,1630.73,0,0,0,03-01-2014,2728.68,04-01-2016,2010,High Risk,Low Income,0,0.0034,0.1036,Low Interest
626775,803163,7800,7800,7700,36,0.1,251.65,B,B4,10+ years,MORTGAGE,60000,Verified,12-01-2010,Fully Paid,n,debt_consolidation,925xx,CA,11.06,1,03-01-1996,1,20,117,6,1,9147,0.543,16,f,0,0,7990.29,7887.85,7800,190.29,0,0,0,03-01-2011,7489.32,03-01-2011,2010,High Risk,Low Income,0,0.0042,0.0999,Low Interest
680422,869154,7800,7800,7800,60,0.15,186.71,D,D3,3 years,MORTGAGE,34216,Source Verified,02-01-2011,Charged Off,n,debt_consolidation,038xx,NH,10.94,0,05-01-1998,0,71,106,3,1,1172,0.378,8,f,0,0,7565.19,7565.19,4217.39,2846.36,0,501.44,5.01,05-01-2014,342.19,10-01-2014,2011,High Risk,Low Income,1,0.0055,0.1528,Low Interest
806075,1012232,7800,7800,7800,36,0.16,272.77,D,D1,7 years,RENT,43955,Source Verified,07-01-2011,Fully Paid,n,debt_consolidation,601xx,IL,22.82,0,05-01-1999,2,66,117,21,1,6046,0.57,34,f,0,0,9819.44,9819.44,7800,2019.44,0,0,0,07-01-2014,285.81,05-01-2016,2011,High Risk,Low Income,0,0.0062,0.1562,Low Interest
821787,1030172,7800,7800,7800,36,0.12,259.04,B,B5,4 years,RENT,102000,Not Verified,07-01-2011,Fully Paid,n,debt_consolidation,949xx,CA,4.88,2,01-01-2000,1,19,32,7,1,8829,0.519,28,f,0,0,8435.61,8435.61,7800,635.61,0,0,0,05-01-2012,6364.39,05-01-2016,2011,High Risk,Low Income,0,0.0025,0.1199,Low Interest
198285,197938,7850,7850,333.6,36,0.1,253.16,B,B5,3 years,RENT,26000,Not Verified,01-01-2008,Fully Paid,n,debt_consolidation,975xx,OR,6.14,0,05-01-2002,1,63,0,5,0,991,0.342,17,f,0,0,9167.49,388.28,7850,1257.49,60,0,0,11-01-2010,18.67,11-01-2010,2008,High Risk,Low Income,0,0.0097,0.0996,Low Interest
117863,117849,8000,8000,2275,36,0.1,257.99,B,B5,3 years,RENT,48000,Not Verified,08-01-2007,Fully Paid,n,debt_consolidation,210xx,MD,15.13,0,05-01-2000,3,0,0,10,0,11289,0.478,15,f,0,0,9199.51,2616.11,8000,1199.51,0,0,0,05-01-2010,154.52,02-01-2014,2007,High Risk,Low Income,0,0.0054,0.0996,Low Interest
127830,127824,8000,8000,150,36,0.12,266.37,D,D2,9 years,MORTGAGE,70000,Not Verified,09-01-2007,Charged Off,n,credit_card,337xx,FL,10.2,1,10-01-1997,0,22,0,15,0,26283,0.395,20,f,0,0,7294.65,136.4,5717.45,1474.29,0,102.91,1.04,12-01-2009,266.37,05-01-2010,2007,High Risk,Low Income,1,0.0038,0.1217,Low Interest
137965,137952,8000,8000,3475,36,0.08,252.1,A,A5,< 1 year,RENT,105000,Not Verified,10-01-2007,Fully Paid,n,credit_card,100xx,NY,9.71,0,02-01-1998,0,0,0,7,0,16786,0.447,12,f,0,0,9013.5,3915.24,8000,1013.5,0,0,0,02-01-2010,2222.28,01-01-2011,2007,High Risk,Low Income,0,0.0024,0.0838,Low Interest
143128,128262,8000,8000,1370,36,0.12,263.97,C,C5,1 year,RENT,50000,Not Verified,11-01-2007,Fully Paid,n,debt_consolidation,038xx,NH,8.04,1,05-01-1999,1,11,0,9,0,1019,0.045,13,f,0,0,9505,1597.44,8000,1505,0,0,0,11-01-2010,273.47,04-01-2016,2007,High Risk,Low Income,0,0.0053,0.1154,Low Interest
146641,146626,8000,8000,5050,36,0.12,265.18,D,D1,2 years,RENT,52000,Not Verified,11-01-2007,Fully Paid,n,debt_consolidation,840xx,UT,11.31,0,07-01-2003,1,0,0,6,0,5867,0.743,7,f,0,0,8231.78,5196.31,8000,231.78,0,0,0,02-01-2008,7703.28,10-01-2007,2007,High Risk,Low Income,0,0.0051,0.1186,Low Interest
188937,129893,8000,8000,2475,36,0.08,250.95,A,A4,3 years,RENT,54000,Not Verified,12-01-2007,Fully Paid,n,credit_card,606xx,IL,10.44,0,07-01-1998,1,0,0,20,0,0,0,42,f,0,0,8110.6,2509.36,8000,110.6,0,0,0,04-01-2008,609.58,02-01-2011,2007,High Risk,Low Income,0,0.0046,0.0807,Low Interest
199486,199451,8000,8000,2675,36,0.1,259.87,B,B5,10+ years,RENT,120000,Not Verified,02-01-2008,Charged Off,n,other,900xx,CA,11.28,0,05-01-1994,1,0,0,10,0,63580,0.806,19,f,0,0,3936.06,1314.27,2827.31,876.19,0,232.56,2.36,05-01-2009,325.38,10-01-2009,2008,High Risk,Low Income,1,0.0022,0.1046,Low Interest
211723,211606,8000,8000,1575,36,0.11,262.26,C,C2,4 years,OWN,72000,Not Verified,01-01-2008,Charged Off,n,car,211xx,MD,5.12,0,09-01-2002,0,0,0,2,0,14653,0.951,8,f,0,0,2135.14,417.83,1353.01,479.57,0,302.56,3.06,08-01-2008,262.26,12-01-2009,2008,High Risk,Low Income,1,0.0036,0.1109,Low Interest
212737,212440,8000,8000,1877.5,36,0.12,265.87,C,C5,1 year,RENT,44685,Not Verified,01-01-2008,Fully Paid,n,debt_consolidation,139xx,NY,16.06,0,09-01-2002,0,0,0,10,0,8009,0.685,17,f,0,0,9591.8,2250.67,8000,1576.8,15,0,0,03-01-2011,20.55,03-01-2011,2008,High Risk,Low Income,0,0.0059,0.1204,Low Interest
216508,200052,8000,8000,2175,36,0.08,250.95,A,A4,10+ years,MORTGAGE,60000,Not Verified,01-01-2008,Fully Paid,n,major_purchase,955xx,CA,9.58,0,02-01-1972,1,0,0,35,0,17246,0.137,48,f,0,0,9034.18,2456.17,8000,1034.18,0,0,0,01-01-2011,260.83,01-01-2011,2008,High Risk,Low Income,0,0.0042,0.0807,Low Interest
224894,168432,8000,8000,775,36,0.1,258.67,B,B4,3 years,RENT,50000,Not Verified,01-01-2008,Fully Paid,n,other,216xx,MD,8.78,0,03-01-1997,0,59,0,2,0,0,0,8,f,0,0,9252.22,896.31,8000,1252.22,0,0,0,08-01-2010,8.07,05-01-2016,2008,High Risk,Low Income,0,0.0052,0.1014,Low Interest
230185,230155,8000,8000,608.9,36,0.11,261.08,C,C1,4 years,MORTGAGE,78000,Not Verified,01-01-2008,Fully Paid,n,credit_card,152xx,PA,16.75,2,04-01-1996,0,5,0,19,0,50908,0.371,34,f,0,0,9398.76,633.24,8000,1398.76,0,0,0,02-01-2011,261.9,01-01-2011,2008,High Risk,Low Income,0,0.0033,0.1078,Low Interest
237246,237091,8000,8000,4925,36,0.09,255.15,B,B1,1 year,RENT,35000,Not Verified,02-01-2008,Fully Paid,n,medical,802xx,CO,1.03,0,09-01-2004,1,0,0,3,0,1834,0.128,4,f,0,0,8543.35,5259.5,8000,543.35,0,0,0,03-01-2009,3234.38,02-01-2009,2008,High Risk,Low Income,0,0.0073,0.092,Low Interest
238587,238542,8000,8000,2375,36,0.1,257.5,B,B3,3 years,MORTGAGE,36000,Not Verified,02-01-2008,Fully Paid,n,debt_consolidation,641xx,MO,21.33,0,10-01-1990,0,53,0,32,0,8516,0.111,63,f,0,0,9262.21,2749.72,8000,1262.21,0,0,0,09-01-2010,2248.7,09-01-2010,2008,High Risk,Low Income,0,0.0072,0.0983,Low Interest
247424,247412,8000,8000,3046.6,36,0.11,260.82,B,B5,2 years,RENT,215000,Not Verified,02-01-2008,Fully Paid,n,medical,100xx,NY,17.66,0,12-01-1989,0,0,0,17,0,120563,0.924,26,f,0,0,9389.26,3560.36,8000,1389.27,0,0,0,02-01-2011,272.33,01-01-2016,2008,High Risk,Low Income,0,0.0012,0.1071,Low Interest
263741,263182,8000,8000,2456.2,36,0.11,263.2,C,C2,3 years,MORTGAGE,24000,Not Verified,03-01-2008,Fully Paid,n,debt_consolidation,078xx,NJ,9.8,0,05-01-1999,2,0,0,7,0,7720,0.637,8,f,0,0,9475.2,2812.95,8000,1475.2,0,0,0,03-01-2011,269.56,03-01-2011,2008,High Risk,Low Income,0,0.011,0.1134,Low Interest
266282,188654,8000,8000,1350,36,0.1,257.24,B,B2,5 years,MORTGAGE,40000,Not Verified,02-01-2008,Fully Paid,n,car,752xx,TX,18.72,0,02-01-1990,0,0,0,8,0,38605,0.677,35,f,0,0,9149.11,1543.91,8000,1149.11,0,0,0,05-01-2010,2720.94,05-01-2010,2008,High Risk,Low Income,0,0.0064,0.0976,Low Interest
266544,265664,8000,8000,3650,36,0.14,274.13,E,E1,8 years,RENT,37440,Not Verified,03-01-2008,Fully Paid,n,debt_consolidation,367xx,AL,20.71,0,10-01-1996,1,58,0,9,0,5723,0.52,17,f,0,0,9244.54,4217.82,8000,1244.54,0,0,0,08-01-2009,1964.34,08-01-2009,2008,High Risk,Low Income,0,0.0073,0.1418,Low Interest
267477,267427,8000,8000,4105.1,36,0.1,258.44,B,B3,2 years,MORTGAGE,62000,Not Verified,03-01-2008,Fully Paid,n,home_improvement,245xx,VA,0.81,0,02-01-1998,1,0,39,7,1,3596,0.251,12,f,0,0,9303.76,4687.42,8000,1303.76,0,0,0,03-01-2011,272.21,05-01-2016,2008,High Risk,Low Income,0,0.0042,0.1008,Low Interest
277468,277430,8000,8000,6300,36,0.08,251.88,A,A4,10+ years,MORTGAGE,136000,Not Verified,03-01-2008,Fully Paid,n,credit_card,539xx,WI,8.63,0,05-01-1991,1,0,0,12,0,13238,0.23,34,f,0,0,8913.88,7019.68,8000,913.88,0,0,0,02-01-2010,3388.3,08-01-2011,2008,High Risk,Low Income,0,0.0019,0.0832,Low Interest
277895,277834,8000,8000,4420.7,36,0.13,269.25,D,D2,10+ years,RENT,70000,Not Verified,03-01-2008,Fully Paid,n,debt_consolidation,606xx,IL,4.08,3,03-01-1992,3,11,0,19,0,1152,0.131,39,f,0,0,9692.73,5332.01,8000,1692.73,0,0,0,03-01-2011,275.46,01-01-2014,2008,High Risk,Low Income,0,0.0038,0.1292,Low Interest
370852,388014,8000,8000,5193.9,36,0.13,268.95,C,C2,3 years,RENT,50000,Source Verified,01-01-2009,Fully Paid,n,debt_consolidation,302xx,GA,18.6,0,11-01-1994,3,70,106,9,1,8690,0.653,17,f,0,0,9500.55,6068.54,8000,1500.55,0,0,0,02-01-2011,3048.54,03-01-2016,2009,High Risk,Low Income,0,0.0054,0.1284,Low Interest
398064,439315,8000,8000,3950,36,0.13,271.39,C,C4,3 years,MORTGAGE,38213,Not Verified,05-01-2009,Charged Off,n,credit_card,561xx,MN,12.59,0,12-01-1999,3,76,80,11,1,5545,0.609,22,f,0,0,3524.04,1738.36,2523.21,1000.83,0,0,0,06-01-2010,271.39,05-01-2016,2009,High Risk,Low Income,1,0.0071,0.1347,Low Interest
431924,512965,8000,8000,7725,36,0.14,273.1,C,C4,10+ years,MORTGAGE,80000,Not Verified,08-01-2009,Fully Paid,n,debt_consolidation,870xx,NM,13.38,0,08-01-1998,2,27,111,8,1,9356,0.5,19,f,0,0,9035.95,8725.34,8000,1035.95,0,0,0,10-01-2010,12.84,10-01-2010,2009,High Risk,Low Income,0,0.0034,0.1392,Low Interest
437821,525394,8000,8000,7879.9,36,0.14,273.1,C,C4,10+ years,MORTGAGE,75000,Source Verified,09-01-2009,Fully Paid,n,other,667xx,KS,19.87,1,04-01-1987,0,2,101,11,1,16410,0.372,22,f,0,0,9831.39,9671.09,8000,1831.39,0,0,0,09-01-2012,288.96,09-01-2012,2009,High Risk,Low Income,0,0.0036,0.1392,Low Interest
457493,180033,8000,8000,7935.5,36,0.15,275.81,D,D1,2 years,RENT,61000,Not Verified,11-01-2009,Charged Off,n,wedding,076xx,NJ,12.59,0,08-01-2003,1,28,65,9,1,15183,0.703,14,f,0,0,3032.41,3019.48,1881.82,871.58,0,279.01,2.9,09-01-2010,275.81,02-01-2011,2009,High Risk,Low Income,1,0.0045,0.1461,Low Interest
469851,592876,8000,8000,7950,36,0.13,267.74,B,B5,< 1 year,MORTGAGE,90000,Not Verified,12-01-2009,Fully Paid,n,credit_card,801xx,CO,10.59,0,02-01-1999,2,59,93,15,1,9304,0.283,36,f,0,0,8471.87,8418.92,8000,471.87,0,0,0,07-01-2010,7136.92,08-01-2015,2009,High Risk,Low Income,0,0.003,0.1253,Low Interest
478537,607561,8000,8000,8000,36,0.15,277.16,D,D2,6 years,MORTGAGE,96000,Not Verified,01-01-2010,Fully Paid,n,credit_card,074xx,NJ,5.65,2,01-01-1998,1,9,100,8,1,12080,0.741,23,f,0,0,9978.12,9978.12,8000,1978.12,0,0,0,02-01-2013,293.11,05-01-2016,2010,High Risk,Low Income,0,0.0029,0.1496,Low Interest
493887,632082,8000,8000,8000,36,0.16,281.56,D,D5,10+ years,MORTGAGE,72000,Verified,03-01-2010,Fully Paid,n,medical,292xx,SC,14.18,2,06-01-1994,2,8,69,11,1,5222,0.36,22,f,0,0,8699.97,8699.97,8000,699.97,0,0,0,10-01-2010,7018.24,05-01-2016,2010,High Risk,Low Income,0,0.0039,0.1607,Low Interest
508972,656829,8000,8000,8000,36,0.14,274.28,C,C5,9 years,RENT,64000,Not Verified,04-01-2010,Fully Paid,n,major_purchase,937xx,CA,6.96,0,09-01-1995,0,70,86,9,1,12860,0.656,18,f,0,0,9874.24,9874.24,8000,1874.24,0,0,0,05-01-2013,294.16,05-01-2013,2010,High Risk,Low Income,0,0.0043,0.1422,Low Interest
527623,682456,8000,8000,7982.2,36,0.14,271.91,C,C2,6 years,RENT,25000,Not Verified,06-01-2010,Fully Paid,n,credit_card,900xx,CA,12.29,0,08-01-1994,0,30,111,10,1,4580,0.503,12,f,0,0,9789.35,9763.95,8000,1789.35,0,0,0,06-01-2013,314.22,06-01-2013,2010,High Risk,Low Income,0,0.0109,0.1361,Low Interest
537448,694256,8000,8000,8000,60,0.16,192.77,D,D3,6 years,MORTGAGE,84000,Source Verified,06-01-2010,Fully Paid,n,major_purchase,852xx,AZ,10.77,0,10-01-1997,1,43,108,9,1,6407,0.582,22,f,0,0,11565.64,11565.64,8000,3565.64,0,0,0,07-01-2015,200.64,04-01-2016,2010,High Risk,Low Income,0,0.0023,0.1558,Low Interest
538031,694927,8000,8000,8000,36,0.11,263.78,B,B4,1 year,RENT,60000,Source Verified,06-01-2010,Charged Off,n,debt_consolidation,112xx,NY,23.74,0,03-01-1987,1,67,7,20,1,16041,0.76,38,f,0,0,7380.8,7380.8,5974.17,1406.63,0,0,0,11-01-2012,263.78,05-01-2016,2010,High Risk,Low Income,1,0.0044,0.1149,Low Interest
544216,702051,8000,8000,7950,60,0.17,198.05,E,E2,10+ years,RENT,34000,Verified,07-01-2010,Charged Off,n,medical,809xx,CO,12.19,0,10-01-2002,2,71,80,8,1,6342,0.689,11,f,0,0,7327.08,7281.28,4103.03,3224.05,0,0,0,09-01-2013,46.62,05-01-2016,2010,High Risk,Low Income,1,0.0058,0.1682,Low Interest
544537,702437,8000,8000,8000,36,0.11,262.37,B,B3,< 1 year,MORTGAGE,70000,Verified,07-01-2010,Fully Paid,n,major_purchase,871xx,NM,11.55,0,05-01-1982,0,78,85,11,1,8609,0.694,22,f,0,0,9290.89,9290.89,8000,1290.89,0,0,0,08-01-2012,3021.6,02-01-2016,2010,High Risk,Low Income,0,0.0037,0.1112,Low Interest
547215,705600,8000,8000,8000,36,0.16,279.61,D,D3,3 years,RENT,48000,Source Verified,07-01-2010,Charged Off,n,debt_consolidation,631xx,MO,22.25,1,04-01-2000,3,19,87,14,1,8784,0.732,30,f,0,0,2266.06,2266.06,1160.26,783.46,14.92,307.42,3.16,03-01-2011,562.65,09-01-2011,2010,High Risk,Low Income,1,0.0058,0.1558,Low Interest
552470,711880,8000,8000,7825,36,0.15,276.7,D,D1,< 1 year,MORTGAGE,70000,Not Verified,08-01-2010,Fully Paid,n,wedding,641xx,MO,5.97,1,08-01-1988,2,3,97,5,1,4127,0.291,11,f,0,0,9036.04,8838.38,8000,1036.04,0,0,0,09-01-2011,13.03,03-01-2014,2010,High Risk,Low Income,0,0.004,0.1484,Low Interest
563608,725247,8000,8000,7975,60,0.14,186.07,C,C3,10+ years,MORTGAGE,72000,Source Verified,08-01-2010,Fully Paid,n,small_business,735xx,OK,17.61,1,06-01-1996,0,20,106,11,1,44856,0.741,19,f,0,0,11176.97,11142.04,8000,3161.97,15,0,0,07-01-2015,379.66,05-01-2016,2010,High Risk,Low Income,0,0.0026,0.1398,Low Interest
566094,728242,8000,8000,7975,36,0.12,265.18,B,B5,2 years,MORTGAGE,35000,Not Verified,08-01-2010,Fully Paid,n,credit_card,717xx,AR,8.13,0,11-01-1994,1,71,97,6,1,8690,0.812,25,f,0,0,9407.85,9378.45,8000,1407.85,0,0,0,11-01-2012,2803.57,04-01-2016,2010,High Risk,Low Income,0,0.0076,0.1186,Low Interest
575734,740492,8000,8000,8000,36,0.15,276.23,C,C5,2 years,RENT,70000,Verified,09-01-2010,Fully Paid,n,credit_card,075xx,NJ,10.49,1,06-01-2000,0,14,112,13,1,7238,0.676,29,f,0,0,9653.84,9653.84,8000,1653.84,0,0,0,08-01-2012,3591.13,05-01-2016,2010,High Risk,Low Income,0,0.0039,0.1472,Low Interest
579641,745226,8000,8000,8000,60,0.14,184.54,C,C2,10+ years,MORTGAGE,53000,Source Verified,09-01-2010,Fully Paid,n,debt_consolidation,029xx,RI,9.46,0,01-01-1989,1,72,21,12,1,15280,0.736,20,f,0,0,11071.76,11071.76,8000,3071.76,0,0,0,10-01-2015,215.58,09-01-2015,2010,High Risk,Low Income,0,0.0035,0.1361,Low Interest
588008,755501,8000,8000,8000,36,0.16,279.61,D,D3,10+ years,OWN,45679,Not Verified,09-01-2010,Charged Off,n,debt_consolidation,064xx,CT,12.01,0,11-01-1994,0,45,101,6,1,6774,0.915,22,f,0,0,3629.99,3629.99,2468.03,1161.96,0,0,0,11-01-2011,279.61,04-01-2016,2010,High Risk,Low Income,1,0.0061,0.1558,Low Interest
589608,757411,8000,8000,8000,60,0.16,196.47,E,E1,3 years,RENT,40000,Verified,10-01-2010,Charged Off,n,credit_card,117xx,NY,15.72,0,07-01-1998,1,63,109,11,1,6455,0.645,25,f,0,0,5025.64,5025.64,2442.87,2264.01,0,318.76,3.2,10-01-2012,196.47,03-01-2013,2010,High Risk,Low Income,1,0.0049,0.1645,Low Interest
610693,783164,8000,8000,8000,36,0.13,270.91,C,C4,< 1 year,MORTGAGE,34000,Verified,11-01-2010,Fully Paid,n,credit_card,276xx,NC,16.62,1,02-01-1985,0,17,90,13,2,12120,0.431,39,f,0,0,9753.42,9753.42,8000,1753.42,0,0,0,12-01-2013,299.13,12-01-2013,2010,High Risk,Low Income,0,0.008,0.1335,Low Interest
626123,802334,8000,8000,8000,60,0.15,191.17,D,D4,3 years,MORTGAGE,100000,Verified,12-01-2010,Charged Off,n,home_improvement,950xx,CA,4.24,0,12-01-1983,2,39,19,7,1,9876,0.327,16,f,0,0,10708.15,10708.15,7058.39,3419.48,0,230.28,41.45,07-01-2015,191.17,12-01-2015,2010,High Risk,Low Income,1,0.0019,0.152,Low Interest
631618,809123,8000,8000,8000,36,0.09,255.33,B,B2,10+ years,RENT,30000,Not Verified,12-01-2010,Fully Paid,n,debt_consolidation,959xx,CA,8.08,0,01-01-1997,1,37,97,14,1,6872,0.517,28,f,0,0,8965.66,8965.66,8000,965.66,0,0,0,09-01-2012,3880.67,06-01-2015,2010,High Risk,Low Income,0,0.0085,0.0925,Low Interest
651923,833858,8000,8000,8000,36,0.1,258.14,B,B2,10+ years,MORTGAGE,70000,Source Verified,01-01-2011,Fully Paid,n,debt_consolidation,329xx,FL,13.59,0,09-01-1981,0,51,102,8,1,8454,0.748,13,f,0,0,9046.62,9046.62,8000,1046.62,0,0,0,10-01-2012,3896.35,11-01-2012,2011,High Risk,Low Income,0,0.0037,0.1,Low Interest
662674,847431,8000,8000,8000,36,0.13,268.33,C,C1,10+ years,MORTGAGE,35000,Source Verified,01-01-2011,Fully Paid,n,debt_consolidation,993xx,WA,5.93,1,12-01-1996,0,22,116,8,1,3336,0.397,24,f,0,0,9481.02,9481.02,8000,1481.02,0,0,0,03-01-2013,3063.33,08-01-2014,2011,High Risk,Low Income,0,0.0077,0.1268,Low Interest
663394,848285,8000,8000,7950,36,0.1,259.53,B,B3,4 years,RENT,180000,Source Verified,02-01-2011,Fully Paid,n,debt_consolidation,330xx,FL,7.07,0,04-01-1994,1,29,94,13,1,12361,0.719,36,f,0,0,9127.23,9070.18,8000,1127.23,0,0,0,01-01-2013,2555.38,02-01-2016,2011,High Risk,Low Income,0,0.0014,0.1037,Low Interest
668278,854440,8000,8000,8000,36,0.13,269.79,C,C2,4 years,MORTGAGE,42500,Source Verified,02-01-2011,Fully Paid,n,debt_consolidation,441xx,OH,10.67,3,11-01-1969,0,6,98,14,1,11251,0.5,25,f,0,0,9712.13,9712.13,8000,1712.13,0,0,0,03-01-2014,286.39,05-01-2016,2011,High Risk,Low Income,0,0.0063,0.1306,Low Interest
675527,863336,8000,8000,8000,36,0.13,268.33,C,C1,10+ years,MORTGAGE,114000,Not Verified,02-01-2011,Fully Paid,n,debt_consolidation,708xx,LA,22.88,0,07-01-1991,1,38,101,9,1,16283,0.55,34,f,0,0,8881.71,8881.71,8000,881.71,0,0,0,04-01-2012,19.58,05-01-2016,2011,High Risk,Low Income,0,0.0024,0.1268,Low Interest
693645,884518,8000,8000,8000,60,0.19,209.12,F,F4,10+ years,MORTGAGE,110000,Verified,03-01-2011,Fully Paid,n,small_business,740xx,OK,13.45,0,01-01-1989,1,32,105,10,1,5631,0.626,40,f,0,0,10965.13,10965.13,8000,2965.13,0,0,0,06-01-2013,5538.74,01-01-2015,2011,High Risk,Low Income,0,0.0019,0.1936,Low Interest
695748,886865,8000,8000,7950,36,0.1,259.53,B,B3,5 years,MORTGAGE,50000,Not Verified,03-01-2011,Fully Paid,n,other,988xx,WA,14.26,1,06-01-1994,2,14,116,18,1,5868,0.197,33,f,0,0,9311.7,9253.5,8000,1311.7,0,0,0,12-01-2013,871.65,05-01-2015,2011,High Risk,Low Income,0,0.0052,0.1037,Low Interest
710394,903144,8000,8000,7950,36,0.11,260.93,B,B4,6 years,MORTGAGE,126000,Verified,03-01-2011,Fully Paid,n,debt_consolidation,780xx,TX,9.87,0,10-01-1993,1,45,86,5,1,3550,0.467,23,f,0,0,9393.3,9334.6,8000,1393.3,0,0,0,04-01-2014,276.82,05-01-2016,2011,High Risk,Low Income,0,0.0021,0.1074,Low Interest
717703,911815,8000,8000,8000,36,0.11,260.93,B,B4,10+ years,MORTGAGE,103000,Source Verified,04-01-2011,Fully Paid,n,home_improvement,773xx,TX,10.1,0,05-01-1991,0,68,94,7,1,6483,0.648,29,f,0,0,8582.17,8582.17,8000,582.17,0,0,0,01-01-2012,6499.07,04-01-2012,2011,High Risk,Low Income,0,0.0025,0.1074,Low Interest
722661,917517,8000,8000,7975,60,0.16,196.25,E,E1,6 years,MORTGAGE,150000,Verified,04-01-2011,Fully Paid,n,home_improvement,080xx,NJ,10.59,0,10-01-1998,1,72,93,12,1,13736,0.485,22,f,0,0,11592.16,11555.93,8000,3592.16,0,0,0,04-01-2015,2380.19,05-01-2015,2011,High Risk,Low Income,0,0.0013,0.164,Low Interest
734415,930931,8000,8000,8000,60,0.15,191.5,D,D3,10+ years,MORTGAGE,46500,Not Verified,04-01-2011,Fully Paid,n,home_improvement,721xx,AR,9.08,0,09-01-1996,2,41,110,7,1,1178,0.28,17,f,0,0,9566.19,9566.19,8000,1566.19,0,0,0,10-01-2012,6511.61,05-01-2016,2011,High Risk,Low Income,0,0.0041,0.1528,Low Interest
778955,981610,8000,8000,7975,60,0.18,204.85,E,E2,< 1 year,MORTGAGE,50000,Source Verified,06-01-2011,Charged Off,n,other,320xx,FL,7.61,1,08-01-1993,0,4,113,9,1,12501,0.496,27,f,0,0,761.97,759.59,165.74,243.9,0,352.33,3.42,08-01-2011,204.85,01-01-2012,2011,High Risk,Low Income,1,0.0041,0.1839,Low Interest
783962,987126,8000,8000,8000,60,0.16,196.64,D,D3,10+ years,MORTGAGE,70000,Source Verified,06-01-2011,Charged Off,n,debt_consolidation,320xx,FL,11.23,0,01-01-1984,2,46,106,22,1,11344,0.516,46,f,0,0,4479.84,4479.84,536.25,638.79,0,3304.8,561.82,12-01-2011,196.64,05-01-2016,2011,High Risk,Low Income,1,0.0028,0.1649,Low Interest
784486,987703,8000,8000,8000,36,0.06,243.34,A,A2,10+ years,MORTGAGE,60000,Verified,06-01-2011,Fully Paid,n,home_improvement,157xx,PA,6.22,0,08-01-2002,0,82,115,7,1,1100,0.076,19,f,0,0,8760.21,8760.21,8000,760.21,0,0,0,07-01-2014,246.11,08-01-2014,2011,High Risk,Low Income,0,0.0041,0.0599,Low Interest
788163,991806,8000,8000,8000,36,0.13,271.45,C,C2,3 years,MORTGAGE,130000,Not Verified,06-01-2011,Fully Paid,n,major_purchase,672xx,KS,3.42,1,08-01-1999,2,12,39,6,1,2064,0.318,9,f,0,0,8090.97,8090.97,8000,90.97,0,0,0,08-01-2011,8091.17,05-01-2015,2011,High Risk,Low Income,0,0.0021,0.1349,Low Interest
823356,1031919,8000,8000,8000,36,0.13,269.52,C,C1,4 years,MORTGAGE,90000,Verified,07-01-2011,Fully Paid,n,home_improvement,950xx,CA,7.68,0,01-01-1984,1,46,26,11,1,11753,0.361,19,f,0,0,9373.18,9373.18,8000,1373.18,0,0,0,05-01-2013,3991.98,12-01-2015,2011,High Risk,Low Income,0,0.003,0.1299,Low Interest
845188,1056357,8000,8000,8000,36,0.12,265.68,B,B5,10+ years,RENT,40000,Source Verified,08-01-2011,Charged Off,n,debt_consolidation,606xx,IL,24.9,0,05-01-1994,1,40,73,10,1,13978,0.832,21,f,0,0,1328.05,1328.05,947.23,380.82,0,0,0,01-01-2012,265.68,05-01-2016,2011,High Risk,Low Income,1,0.0066,0.1199,Low Interest
862488,1075528,8000,8000,8000,36,0.19,291.8,E,E1,10+ years,MORTGAGE,114000,Not Verified,10-01-2011,Fully Paid,n,debt_consolidation,926xx,CA,11.36,0,04-01-1991,3,74,112,27,1,11766,0.469,57,f,0,0,10504.52,10504.52,8000,2504.52,0,0,0,11-01-2014,300.1,05-01-2016,2011,High Risk,Low Income,0,0.0026,0.1864,Low Interest
863062,1062470,8000,8000,8000,36,0.21,302.89,F,F4,6 years,MORTGAGE,79985,Verified,08-01-2011,Fully Paid,n,home_improvement,605xx,IL,3.9,0,01-01-1996,3,61,58,30,2,3431,0.318,57,f,0,0,10903.6,10903.6,8000,2903.6,0,0,0,09-01-2014,321.15,05-01-2016,2011,High Risk,Low Income,0,0.0038,0.2136,Low Interest
966950,1187853,8000,8000,8000,36,0.16,282.41,D,D1,8 years,RENT,56888,Source Verified,09-01-2011,Fully Paid,n,debt_consolidation,703xx,LA,20.42,1,07-01-1989,2,11,103,11,1,3568,0.575,24,f,0,0,10192.68,10192.68,8000,2177.68,15,0,0,11-01-2014,17.01,05-01-2016,2011,High Risk,Low Income,0,0.005,0.1629,Low Interest
969259,1190469,8000,8000,7950,36,0.16,281.1,C,C5,< 1 year,RENT,83200,Verified,10-01-2011,Fully Paid,n,debt_consolidation,018xx,MA,16.37,0,11-01-2001,1,35,108,10,1,5798,0.784,20,f,0,0,10119.52,10056.28,8000,2119.52,0,0,0,10-01-2014,309.88,05-01-2015,2011,High Risk,Low Income,0,0.0034,0.1596,Low Interest
973424,1195423,8000,8000,8000,36,0.09,254.03,A,A5,3 years,RENT,27000,Source Verified,10-01-2011,Charged Off,n,small_business,981xx,WA,9.24,0,02-01-1995,0,49,104,17,1,7263,0.344,42,f,0,0,8000.81,8000.81,6873.84,1126.97,0,0,0,07-01-2014,1147.13,05-01-2016,2011,High Risk,Low Income,1,0.0094,0.089,Low Interest
1007417,1233809,8000,8000,7950,36,0.14,274.48,C,C2,10+ years,MORTGAGE,97000,Not Verified,11-01-2011,Fully Paid,n,credit_card,600xx,IL,13.77,0,10-01-1993,2,70,95,13,1,5816,0.565,40,f,0,0,9767.93,9706.88,8000,1767.93,0,0,0,03-01-2014,2371.64,08-01-2015,2011,High Risk,Low Income,0,0.0028,0.1427,Low Interest
1026962,1256149,8000,8000,8000,36,0.15,275.96,C,C3,10+ years,RENT,33000,Source Verified,11-01-2011,Charged Off,n,debt_consolidation,871xx,NM,18.36,1,02-01-1987,2,19,87,7,1,3017,0.629,17,f,0,0,7722.84,7722.84,5903.07,1819.77,0,0,0,04-01-2014,275.96,05-01-2016,2011,High Risk,Low Income,1,0.0084,0.1465,Low Interest
785765,989107,8050,8050,8050,60,0.15,192.49,C,C5,2 years,MORTGAGE,36500,Verified,06-01-2011,Charged Off,n,debt_consolidation,631xx,MO,19.82,0,02-01-1984,1,32,112,16,1,8653,0.421,31,f,0,0,9203.37,9203.37,5570.42,3144.71,0,488.24,87.88,03-01-2015,211.99,07-01-2015,2011,High Risk,Low Income,1,0.0053,0.1523,Low Interest
801277,1006833,8125,8125,8125,60,0.17,201.45,D,D4,10+ years,MORTGAGE,59750,Not Verified,07-01-2011,Charged Off,n,debt_consolidation,601xx,IL,20.65,0,01-01-1993,2,40,106,11,1,21866,0.861,34,f,0,0,2103.84,2103.84,587.8,1516.04,0,0,0,10-01-2012,306.38,05-01-2016,2011,High Risk,Low Income,1,0.0034,0.1689,Low Interest
138557,138075,8275,8275,625,36,0.09,263.19,B,B2,10+ years,MORTGAGE,120000,Not Verified,10-01-2007,Fully Paid,n,other,290xx,SC,12.16,0,02-01-1981,0,76,0,10,0,7336,0.299,20,f,0,0,9474.5,715.6,8275,1199.5,0,0,0,10-01-2010,265.32,10-01-2010,2007,High Risk,Low Income,0,0.0022,0.0901,Low Interest
140900,140897,8275,8275,575,36,0.08,259.58,A,A4,9 years,MORTGAGE,49000,Not Verified,10-01-2007,Fully Paid,n,other,281xx,NC,9.89,0,10-01-1980,0,0,0,14,0,7744,0.171,34,f,0,0,8539.47,593.4,8275,264.47,0,0,0,04-01-2008,7501.59,10-01-2007,2007,High Risk,Low Income,0,0.0053,0.0807,Low Interest
146564,138910,8275,8275,2300,36,0.11,269.31,C,C2,4 years,MORTGAGE,109000,Not Verified,11-01-2007,Charged Off,n,other,287xx,NC,24.01,0,01-01-1995,2,60,0,6,0,29901,0.712,19,f,0,0,8094.3,2247.98,6700.52,1372.48,15,6.31,1.14,05-01-2010,553.62,05-01-2016,2007,High Risk,Low Income,1,0.0025,0.1059,Low Interest
309769,309727,8350,8350,7589.9,36,0.11,274.72,C,C2,8 years,OWN,60000,Not Verified,04-01-2008,Fully Paid,n,credit_card,953xx,CA,14.56,0,11-01-1998,0,38,108,10,1,15629,0.662,22,f,0,0,9889.7,8967.91,8350,1539.7,0,0,0,04-01-2011,287.83,05-01-2015,2008,High Risk,Low Income,0,0.0046,0.1134,Low Interest
215142,215085,8400,8400,2550,36,0.08,264.71,A,A5,< 1 year,MORTGAGE,38100,Not Verified,01-01-2008,Fully Paid,n,medical,080xx,NJ,13.1,0,04-01-1987,0,0,0,7,0,3451,0.194,10,f,0,0,9529.17,2892.78,8400,1129.17,0,0,0,01-01-2011,279.69,01-01-2011,2008,High Risk,Low Income,0,0.0069,0.0838,Low Interest
270343,269755,8400,8400,3949.2,36,0.12,278.88,C,C4,10+ years,RENT,51420,Not Verified,03-01-2008,Fully Paid,n,debt_consolidation,300xx,GA,20.96,0,07-01-1995,0,54,0,7,0,14129,0.841,24,f,0,0,10039.68,4641.36,8400,1639.68,0,0,0,03-01-2011,278.88,03-01-2011,2008,High Risk,Low Income,0,0.0054,0.1197,Low Interest
279455,279443,8400,8400,6883,36,0.11,273.86,B,B5,1 year,RENT,51000,Not Verified,03-01-2008,Fully Paid,n,debt_consolidation,111xx,NY,16.47,0,10-01-1995,1,0,0,10,0,16021,0.668,14,f,0,0,9803.79,8027.75,8400,1403.79,0,0,0,10-01-2010,475.47,11-01-2010,2008,High Risk,Low Income,0,0.0054,0.1071,Low Interest
284168,284165,8400,8400,7700,36,0.1,272.59,B,B4,< 1 year,MORTGAGE,35004,Not Verified,03-01-2008,Fully Paid,n,wedding,641xx,MO,19.61,0,01-01-1996,1,62,66,7,1,213,0.071,16,f,0,0,9524.52,8730.82,8400,1124.52,0,0,0,05-01-2010,11.41,05-01-2010,2008,High Risk,Low Income,0,0.0078,0.1039,Low Interest
589153,756857,8400,8400,7150,60,0.14,193.76,C,C2,< 1 year,RENT,35400,Not Verified,09-01-2010,Charged Off,n,major_purchase,711xx,LA,17.56,0,04-01-1994,1,38,87,21,1,8686,0.391,34,f,0,0,867.24,738.04,98.42,395.15,0,373.67,3.72,05-01-2011,50.2,10-01-2011,2010,High Risk,Low Income,1,0.0055,0.1361,Low Interest
717819,911948,8400,8400,8400,36,0.1,269.59,B,B1,9 years,MORTGAGE,125000,Verified,04-01-2011,Fully Paid,n,home_improvement,217xx,MD,7.99,0,09-01-1998,3,37,58,11,3,9613,0.329,16,f,0,0,9705.14,9705.14,8400,1305.14,0,0,0,04-01-2014,284.37,05-01-2016,2011,High Risk,Low Income,0,0.0022,0.0963,Low Interest
846484,1057880,8400,8400,8400,36,0.16,295.28,D,D2,10+ years,MORTGAGE,120000,Source Verified,08-01-2011,Charged Off,n,debt_consolidation,028xx,RI,5.06,1,01-01-1997,2,21,112,7,1,3141,0.972,19,f,0,0,5019.26,5019.26,3455.72,1539.9,0,23.64,0,01-01-2013,295.28,04-01-2016,2011,High Risk,Low Income,1,0.0025,0.1599,Low Interest
269818,267741,8450,8450,3747,36,0.12,281.84,C,C5,< 1 year,RENT,2039784,Not Verified,03-01-2008,Fully Paid,n,debt_consolidation,331xx,FL,0.13,0,08-01-2004,1,0,0,7,0,8747,0.518,11,f,0,0,10145.92,4406.04,8450,1695.93,0,0,0,03-01-2011,293.01,01-01-2013,2008,High Risk,Low Income,0,0.0001,0.1229,Low Interest
90665,90607,8500,8500,875,36,0.1,275.38,C,C1,3 years,RENT,18000,Not Verified,07-01-2007,Fully Paid,n,credit_card,274xx,NC,6.4,1,12-01-1986,1,5,0,6,0,8847,0.269,9,f,0,0,9913.49,1020.51,8500,1413.49,0,0,0,07-01-2010,281.94,07-01-2010,2007,High Risk,Low Income,0,0.0153,0.1028,Low Interest
136634,136631,8500,8500,1275,36,0.12,284.32,D,D3,8 years,MORTGAGE,85000,Not Verified,10-01-2007,Fully Paid,n,small_business,210xx,MD,6.38,4,12-01-1987,3,15,0,7,0,1196,0.12,16,f,0,0,10235.31,1535.3,8500,1735.31,0,0,0,10-01-2010,289.62,10-01-2010,2007,High Risk,Low Income,0,0.0033,0.1249,Low Interest
246516,213733,8500,8500,6650,36,0.09,272.09,B,B1,5 years,RENT,50004,Not Verified,02-01-2008,Fully Paid,n,debt_consolidation,750xx,TX,17.33,0,06-01-2001,1,0,0,17,0,9048,0.266,22,f,0,0,9763.58,7638.61,8500,1263.58,0,0,0,09-01-2010,1603.11,09-01-2010,2008,High Risk,Low Income,0,0.0054,0.0945,Low Interest
271192,269405,8500,8500,4159.2,36,0.14,288.66,D,D4,6 years,RENT,28700,Not Verified,03-01-2008,Fully Paid,n,debt_consolidation,199xx,DE,17.56,0,12-01-2002,1,0,0,7,0,17488,0.906,10,f,0,0,10391.57,5056.46,8500,1891.57,0,0,0,03-01-2011,307.12,04-01-2013,2008,High Risk,Low Income,0,0.0101,0.1355,Low Interest
402131,446618,8500,8500,7505.6,36,0.15,296.2,D,D5,9 years,RENT,29520,Not Verified,05-01-2009,Fully Paid,n,debt_consolidation,441xx,OH,20.65,0,06-01-1997,1,63,55,8,1,11987,0.983,12,f,0,0,10662.87,9299.73,8500,2162.87,0,0,0,05-01-2012,304.77,05-01-2012,2009,High Risk,Low Income,0,0.01,0.1537,Low Interest
541416,698821,8500,8500,8500,60,0.15,203.16,D,D2,8 years,MORTGAGE,50004,Verified,08-01-2010,Fully Paid,n,other,238xx,VA,20.9,6,03-01-1995,3,14,34,8,1,218,0.059,20,f,0,0,9327.23,9327.23,8500,827.23,0,0,0,04-01-2011,7909.22,06-01-2015,2010,High Risk,Low Income,0,0.0041,0.1521,Low Interest
820986,1029241,8500,8500,8500,36,0.14,290.47,C,C3,10+ years,RENT,33000,Source Verified,07-01-2011,Fully Paid,n,debt_consolidation,430xx,OH,5.78,0,09-01-1993,1,29,26,5,2,26,0.007,29,f,0,0,10456.86,10456.86,8500,1956.86,0,0,0,08-01-2014,312.5,08-01-2014,2011,High Risk,Low Income,0,0.0088,0.1399,Low Interest
231005,230928,8525,8525,1000,36,0.11,278.22,C,C1,10+ years,RENT,110000,Not Verified,01-01-2008,Charged Off,n,debt_consolidation,551xx,MN,18.58,0,03-01-1988,0,0,0,7,0,14046,0.803,21,f,0,0,8586.59,1006.6,610.06,224.19,0,7752.34,1918.19,05-01-2008,278.22,05-01-2016,2008,High Risk,Low Income,1,0.0025,0.1078,Low Interest
1046355,1277399,8575,8575,8575,36,0.15,298.4,C,C4,10+ years,RENT,35000,Not Verified,12-01-2011,Fully Paid,n,debt_consolidation,480xx,MI,24.58,0,07-01-1990,2,68,88,16,1,6509,0.692,30,f,0,0,9378.75,9378.75,8575,803.75,0,0,0,08-01-2012,7293.78,09-01-2013,2011,High Risk,Low Income,0,0.0085,0.1527,Low Interest
208728,206444,8775,8775,6325,36,0.12,292.97,D,D1,8 years,RENT,45600,Not Verified,02-01-2008,Fully Paid,n,other,984xx,WA,15.53,0,12-01-2002,1,33,0,10,0,8494,0.442,13,f,0,0,10356.21,7464.73,8775,1581.21,0,0,0,03-01-2010,3338.15,03-01-2014,2008,High Risk,Low Income,0,0.0064,0.1236,Low Interest
182589,182527,8800,8800,656.2,36,0.09,281.2,B,B3,< 1 year,OWN,25000,Not Verified,12-01-2007,Fully Paid,n,debt_consolidation,070xx,NJ,0,1,09-01-1998,0,4,0,2,0,0,0,13,f,0,0,10131.52,754.71,8800,1316.52,15,0,0,11-01-2010,11.4,11-01-2010,2007,High Risk,Low Income,0,0.0112,0.0933,Low Interest
269256,268351,8800,8800,5844.1,36,0.12,293.51,C,C5,7 years,OWN,50000,Not Verified,03-01-2008,Fully Paid,n,debt_consolidation,211xx,MD,20.04,0,12-01-1998,1,0,0,11,0,25807,0.598,27,f,0,0,10566.21,6964.05,8800,1766.21,0,0,0,03-01-2011,305.79,10-01-2015,2008,High Risk,Low Income,0,0.0059,0.1229,Low Interest
715134,908636,8800,8800,8800,60,0.11,191.82,B,B5,7 years,MORTGAGE,105000,Not Verified,04-01-2011,Fully Paid,n,car,775xx,TX,3.35,0,09-01-1985,0,25,113,5,1,9129,0.564,17,f,0,0,11091.1,11091.1,8800,2291.1,0,0,0,06-01-2014,4020.97,07-01-2014,2011,High Risk,Low Income,0,0.0018,0.1111,Low Interest
544725,702649,8900,8900,8900,36,0.13,300.87,C,C1,5 years,MORTGAGE,85200,Not Verified,07-01-2010,Fully Paid,n,major_purchase,815xx,CO,15.27,1,01-01-1999,0,7,92,9,1,7569,0.545,26,f,0,0,10831.42,10831.42,8900,1931.42,0,0,0,07-01-2013,307.27,07-01-2013,2010,High Risk,Low Income,0,0.0035,0.1323,Low Interest
501451,644490,8950,8950,8575,36,0.11,292.98,B,B4,6 years,MORTGAGE,63000,Not Verified,04-01-2010,Fully Paid,n,debt_consolidation,922xx,CA,14.91,0,02-01-1994,0,70,107,8,1,10828,0.576,20,f,0,0,10547.78,10105.83,8950,1597.78,0,0,0,04-01-2013,324,05-01-2016,2010,High Risk,Low Income,0,0.0047,0.1099,Low Interest
131618,131612,9000,9000,775,36,0.11,295.59,C,C4,< 1 year,RENT,32400,Not Verified,10-01-2007,Fully Paid,n,credit_card,852xx,AZ,22.15,0,01-01-2000,0,0,0,11,0,14345,0.458,21,f,0,0,10641.12,916.33,9000,1641.12,0,0,0,10-01-2010,298.04,03-01-2013,2007,High Risk,Low Income,0,0.0091,0.1122,Low Interest
132892,132889,9000,9000,700,36,0.12,301.04,D,D3,8 years,MORTGAGE,39000,Not Verified,10-01-2007,Charged Off,n,debt_consolidation,207xx,MD,5.08,0,08-01-1997,3,60,117,9,1,26233,0.629,37,f,0,0,4015.96,311.64,1496.83,609.26,0,1909.87,668.36,05-01-2008,301.05,05-01-2016,2007,High Risk,Low Income,1,0.0077,0.1249,Low Interest
158289,158286,9000,9000,758.5,36,0.11,294.27,C,C3,< 1 year,RENT,80000,Not Verified,12-01-2007,Fully Paid,n,credit_card,110xx,NY,17.17,0,05-01-1997,0,34,0,7,0,7570,0.823,16,f,0,0,10593.51,863.37,9000,1593.51,0,0,0,12-01-2010,297.22,04-01-2016,2007,High Risk,Low Income,0,0.0037,0.1091,Low Interest
169525,142952,9000,9000,350.5,36,0.1,290.24,B,B5,8 years,RENT,38000,Not Verified,12-01-2007,Fully Paid,n,wedding,110xx,NY,3.38,0,01-01-2003,2,0,0,9,0,3305,0.551,10,f,0,0,10478.72,408.08,9000,1448.73,30,0,0,01-01-2011,1.46,01-01-2011,2007,High Risk,Low Income,0,0.0076,0.0996,Low Interest
170929,170462,9000,9000,1125,36,0.12,301.04,D,D3,9 years,MORTGAGE,52000,Not Verified,12-01-2007,Fully Paid,n,credit_card,146xx,NY,4.98,0,10-01-1989,1,44,0,6,0,8644,0.726,14,f,0,0,10042.83,1255.35,9000,1042.83,0,0,0,01-01-2009,6432.48,12-01-2012,2007,High Risk,Low Income,0,0.0058,0.1249,Low Interest
186652,184693,9000,9000,750,36,0.12,301.04,D,D3,3 years,RENT,60000,Not Verified,12-01-2007,Charged Off,n,debt_consolidation,070xx,NJ,4.64,2,11-01-2001,0,3,0,10,0,8355,0.344,12,f,0,0,10817.03,899.78,5058.01,1803.72,0,3955.3,1384.33,05-01-2010,200.22,05-01-2016,2007,High Risk,Low Income,1,0.005,0.1249,Low Interest
193586,193526,9000,9000,665.9,36,0.11,292.91,C,C2,1 year,RENT,25920,Not Verified,01-01-2008,Fully Paid,n,major_purchase,981xx,WA,5.56,0,04-01-2004,2,0,0,7,0,6353,0.395,8,f,0,0,10544.5,737.17,8999.99,1544.51,0,0,0,01-01-2011,294.86,03-01-2013,2008,High Risk,Low Income,0,0.0113,0.1059,Low Interest
196910,196900,9000,9000,400,36,0.1,288.89,B,B4,4 years,MORTGAGE,112000,Not Verified,01-01-2008,Charged Off,n,credit_card,207xx,MD,10.36,0,03-01-1991,2,57,78,7,1,27786,0.855,16,f,0,0,7509.82,332.8,6233.81,1276.01,0,0,0,03-01-2010,288.89,05-01-2016,2008,High Risk,Low Income,1,0.0026,0.0964,Low Interest
214968,204307,9000,9000,2388.5,36,0.1,289.69,B,B3,1 year,RENT,21600,Not Verified,01-01-2008,Fully Paid,n,debt_consolidation,902xx,CA,4.83,0,08-01-2003,0,0,0,5,0,7263,0.39,9,f,0,0,10428.71,2721.87,9000,1428.71,0,0,0,01-01-2011,297.88,04-01-2016,2008,High Risk,Low Income,0,0.0134,0.0983,Low Interest
215577,215185,9000,9000,1583.5,36,0.11,293.72,C,C1,6 years,RENT,36000,Not Verified,01-01-2008,Fully Paid,n,other,750xx,TX,7.93,0,05-01-2001,0,0,0,6,0,17042,0.751,10,f,0,0,10573.57,1810.67,9000,1573.57,0,0,0,01-01-2011,301.72,01-01-2011,2008,High Risk,Low Income,0,0.0082,0.1078,Low Interest
225054,224975,9000,9000,1400,36,0.12,300.48,D,D1,6 years,MORTGAGE,85000,Not Verified,01-01-2008,Fully Paid,n,debt_consolidation,857xx,AZ,21.8,0,02-01-1994,1,0,0,15,0,13686,0.487,28,f,0,0,10816.71,1682.6,9000,1816.71,0,0,0,02-01-2011,256.11,09-01-2014,2008,High Risk,Low Income,0,0.0035,0.1236,Low Interest
257612,257606,9000,9000,3150,36,0.11,294.78,C,C1,1 year,OWN,45000,Not Verified,02-01-2008,Fully Paid,n,debt_consolidation,070xx,NJ,8.29,0,07-01-2000,0,0,0,10,0,12303,0.597,11,f,0,0,10205.91,3572.07,9000,1175.91,30,0,0,10-01-2009,51.73,02-01-2014,2008,High Risk,Low Income,0,0.0066,0.1103,Low Interest
260113,257514,9000,9000,5653.4,36,0.1,292.06,B,B4,8 years,RENT,36120,Not Verified,02-01-2008,Fully Paid,n,debt_consolidation,947xx,CA,14.45,0,09-01-2003,0,0,0,7,0,4551,0.253,10,f,0,0,10513.98,6536.43,9000,1513.98,0,0,0,03-01-2011,295.97,02-01-2011,2008,High Risk,Low Income,0,0.0081,0.1039,Low Interest
270400,270383,9000,9000,3110.9,36,0.12,298.8,C,C4,10+ years,OWN,80000,Not Verified,03-01-2008,Fully Paid,n,home_improvement,853xx,AZ,19.37,0,05-01-1983,1,34,102,16,1,26966,0.702,26,f,0,0,10756.8,3615.48,9000,1756.8,0,0,0,03-01-2011,298.8,03-01-2016,2008,High Risk,Low Income,0,0.0037,0.1197,Low Interest
272368,268650,9000,9000,3650,36,0.13,301.56,D,D1,10+ years,RENT,33600,Not Verified,03-01-2008,Charged Off,n,debt_consolidation,066xx,CT,14.68,1,06-01-1995,0,10,0,6,0,14371,0.609,13,f,0,0,4687.75,1896.35,2715.8,1674.24,15.03,282.68,2.96,02-01-2010,150.5,07-01-2010,2008,High Risk,Low Income,1,0.009,0.1261,Low Interest
277583,277564,9000,9000,6022.3,36,0.13,301.56,D,D1,7 years,MORTGAGE,50000,Not Verified,03-01-2008,Fully Paid,n,debt_consolidation,201xx,VA,7.15,0,02-01-2001,0,25,0,7,0,1918,0.564,10,f,0,0,10856.07,7245.43,9000,1856.07,0,0,0,03-01-2011,330.42,03-01-2011,2008,High Risk,Low Income,0,0.006,0.1261,Low Interest
281381,279873,9000,9000,4950,36,0.11,296.1,C,C2,7 years,RENT,100000,Not Verified,03-01-2008,Fully Paid,n,major_purchase,787xx,TX,1.2,0,02-01-1994,3,46,0,2,0,4000,0.8,14,f,0,0,10057.61,5531.72,9000,1057.61,0,0,0,06-01-2009,5914.87,06-01-2009,2008,High Risk,Low Income,0,0.003,0.1134,Low Interest
282202,280579,9000,9000,3825,36,0.1,290.75,B,B3,1 year,RENT,39000,Not Verified,03-01-2008,Fully Paid,n,debt_consolidation,346xx,FL,5.17,0,03-01-2002,1,0,0,6,0,8486,0.668,7,f,0,0,10283.47,4370.47,9000,1283.47,0,0,0,03-01-2010,3606.18,11-01-2015,2008,High Risk,Low Income,0,0.0075,0.1008,Low Interest
293091,293079,9000,9000,7125,36,0.12,298.8,C,C4,2 years,RENT,57500,Not Verified,03-01-2008,Fully Paid,n,debt_consolidation,018xx,MA,18.76,1,04-01-1996,1,19,99,13,1,9883,0.667,28,f,0,0,10377.98,8216.03,9000,1377.98,0,0,0,11-01-2009,4701.56,03-01-2016,2008,High Risk,Low Income,0,0.0052,0.1197,Low Interest
387445,420334,9000,9000,8980.8,36,0.12,298.48,B,B4,10+ years,RENT,85000,Not Verified,03-01-2009,Fully Paid,n,credit_card,913xx,CA,8.84,0,02-01-1994,0,62,112,9,1,5390,0.272,22,f,0,0,10745.08,10721.3,8999.99,1745.09,0,0,0,04-01-2012,321.41,04-01-2012,2009,High Risk,Low Income,0,0.0035,0.1189,Low Interest
390205,423034,9000,9000,8391.4,36,0.13,303.94,C,C3,3 years,MORTGAGE,40000,Not Verified,04-01-2009,Fully Paid,n,car,633xx,MO,9.66,0,03-01-1998,1,76,90,3,1,1813,0.271,15,f,0,0,10941.41,10073.74,8999.99,1941.42,0,0,0,04-01-2012,318.49,09-01-2014,2009,High Risk,Low Income,0,0.0076,0.1316,Low Interest
401073,444858,9000,9000,6251.6,36,0.12,299.84,B,B5,7 years,RENT,35000,Verified,05-01-2009,Charged Off,n,house,900xx,CA,23.17,0,09-01-1996,0,55,104,12,1,3723,0.394,33,f,0,0,5328.5,3148.96,3837.71,1251.41,0,239.38,2.63,10-01-2010,299.84,03-01-2011,2009,High Risk,Low Income,1,0.0086,0.1221,Low Interest
423316,498367,9000,9000,8925,36,0.17,320.65,E,E5,10+ years,MORTGAGE,237000,Verified,07-01-2009,Charged Off,n,debt_consolidation,201xx,VA,11.67,0,11-01-1998,0,59,73,12,1,22353,0.993,28,f,0,0,2563.52,2542.16,1625.99,937.53,0,0,0,03-01-2010,320.65,05-01-2016,2009,High Risk,Low Income,1,0.0014,0.1695,Low Interest
466849,586724,9000,9000,8979.5,36,0.09,285.95,A,A5,< 1 year,MORTGAGE,47000,Not Verified,12-01-2009,Fully Paid,n,other,140xx,NY,21.19,0,12-01-1993,0,75,110,12,1,10325,0.301,48,f,0,0,10281.31,10256.03,9000,1281.31,0,0,0,09-01-2012,1154.55,05-01-2016,2009,High Risk,Low Income,0,0.0061,0.0894,Low Interest
470560,594181,9000,9000,8950,36,0.13,302.7,C,C1,6 years,OWN,55000,Not Verified,12-01-2009,Fully Paid,n,debt_consolidation,314xx,GA,4.43,1,04-01-1995,1,12,54,10,1,7132,0.288,20,f,0,0,10809.41,10749.36,9000,1809.41,0,0,0,06-01-2012,2338.06,09-01-2014,2009,High Risk,Low Income,0,0.0055,0.1287,Low Interest
494107,632409,9000,9000,9000,36,0.15,313.46,D,D3,10+ years,RENT,62839,Verified,03-01-2010,Fully Paid,n,major_purchase,110xx,NY,2.88,1,05-01-2001,3,17,72,10,1,5095,0.199,18,f,0,0,9394.21,9394.21,9000,394.21,0,0,0,07-01-2010,4456.08,05-01-2016,2010,High Risk,Low Income,0,0.005,0.1533,Low Interest
592521,760982,9000,9000,9000,36,0.11,296.75,B,B4,2 years,MORTGAGE,110000,Source Verified,08-01-2011,Fully Paid,n,home_improvement,207xx,MD,14.65,1,12-01-1983,0,6,61,14,1,2839,0.389,27,f,0,0,10126.8,10126.8,9000,1126.8,0,0,0,12-01-2012,5685.02,03-01-2016,2011,High Risk,Low Income,0,0.0027,0.1149,Low Interest
741224,939075,9000,9000,9000,60,0.17,226.06,D,D5,< 1 year,RENT,67596,Not Verified,05-01-2011,Fully Paid,n,debt_consolidation,077xx,NJ,13.7,0,03-01-1997,2,38,40,15,1,5585,0.716,28,f,0,0,13436,13436,9000,4436,0,0,0,08-01-2015,2151.97,08-01-2015,2011,High Risk,Low Income,0,0.0033,0.1749,Low Interest
746591,945374,9000,9000,9000,36,0.15,313.01,C,C5,10+ years,MORTGAGE,72000,Source Verified,05-01-2011,Fully Paid,n,debt_consolidation,208xx,MD,14.55,0,10-01-2001,2,69,50,21,2,10032,0.866,31,f,0,0,11268.02,11268.02,9000,2268.02,0,0,0,06-01-2014,332.56,07-01-2015,2011,High Risk,Low Income,0,0.0043,0.1523,Low Interest
750712,950094,9000,9000,9000,60,0.17,226.06,D,D5,5 years,MORTGAGE,35000,Verified,05-01-2011,Fully Paid,n,debt_consolidation,551xx,MN,14.74,1,09-01-1999,2,15,42,12,1,5205,0.591,18,f,0,0,13562.77,13562.77,9000,4562.77,0,0,0,05-01-2016,225.23,05-01-2016,2011,High Risk,Low Income,0,0.0065,0.1749,Low Interest
763665,964307,9000,9000,9000,60,0.2,236.9,E,E5,10+ years,OWN,46590,Verified,05-01-2011,Charged Off,n,debt_consolidation,064xx,CT,18.47,0,11-01-1994,0,53,109,7,1,7388,0.901,23,f,0,0,1176.9,1176.9,458.05,718.85,0,0,0,11-01-2011,236.9,04-01-2016,2011,High Risk,Low Income,1,0.0051,0.1969,Low Interest
894043,1111205,9000,9000,9000,60,0.18,229.77,D,D5,8 years,MORTGAGE,84996,Source Verified,10-01-2011,Fully Paid,n,debt_consolidation,201xx,VA,15.36,0,03-01-2001,3,68,67,23,1,8813,0.273,29,f,0,0,9273.01,9273.01,9000,273.01,0,0,0,12-01-2011,9046.64,12-01-2011,2011,High Risk,Low Income,0,0.0027,0.1825,Low Interest
970218,1191463,9000,9000,9000,36,0.18,323.48,D,D4,10+ years,RENT,30000,Verified,10-01-2011,Fully Paid,n,debt_consolidation,283xx,NC,7.56,3,08-01-1997,0,10,114,4,1,1288,0.805,14,f,0,0,9260.91,9260.91,9000,260.91,0,0,0,12-01-2011,8938.65,02-01-2016,2011,High Risk,Low Income,0,0.0108,0.1758,Low Interest
970243,1191489,9000,9000,8900,36,0.15,313.18,C,C4,10+ years,MORTGAGE,68000,Verified,10-01-2011,Fully Paid,n,home_improvement,908xx,CA,3.41,2,07-01-2000,1,7,104,6,1,1851,0.74,17,f,0,0,11274.45,11149.17,9000,2274.45,0,0,0,10-01-2014,334.53,12-01-2014,2011,High Risk,Low Income,0,0.0046,0.1527,Low Interest
990357,1214329,9000,9000,9000,36,0.13,301.91,B,B5,7 years,RENT,33000,Verified,10-01-2011,Fully Paid,n,debt_consolidation,160xx,PA,23.38,0,06-01-1998,0,43,115,17,1,9359,0.807,33,f,0,0,10868.48,10868.48,9000,1868.48,0,0,0,11-01-2014,317.37,05-01-2016,2011,High Risk,Low Income,0,0.0091,0.1269,Low Interest
1030394,1259780,9000,9000,9000,36,0.13,305.38,C,C1,3 years,RENT,70000,Source Verified,11-01-2011,Fully Paid,n,credit_card,606xx,IL,20.62,0,07-01-1999,2,77,91,16,1,9692,0.836,38,f,0,0,10556.63,10556.63,9000,1556.63,0,0,0,08-01-2013,4757.26,05-01-2016,2011,High Risk,Low Income,0,0.0044,0.1349,Low Interest
1044439,1274787,9000,9000,9000,36,0.16,317.71,D,D1,3 years,RENT,84500,Not Verified,11-01-2011,Fully Paid,n,debt_consolidation,707xx,LA,13.97,0,04-01-2000,1,41,107,8,1,10300,0.896,16,f,0,0,11288.79,11288.79,9000,2288.79,0,0,0,04-01-2014,2717.1,05-01-2014,2011,High Risk,Low Income,0,0.0038,0.1629,Low Interest
1064908,1298959,9000,9000,9000,36,0.15,310.45,C,C3,4 years,RENT,45000,Source Verified,12-01-2011,Fully Paid,n,debt_consolidation,117xx,NY,17.01,1,11-01-1995,1,20,85,21,1,10464,0.5,51,f,0,0,10752.07,10752.07,9000,1752.07,0,0,0,09-01-2013,4548.72,09-01-2013,2011,High Risk,Low Income,0,0.0069,0.1465,Low Interest
246553,243996,9100,9100,5025,36,0.13,307.67,D,D3,2 years,RENT,49200,Not Verified,02-01-2008,Fully Paid,n,credit_card,760xx,TX,7.37,2,11-01-1988,0,7,0,9,0,14421,0.838,26,f,0,0,11026.45,6088.8,9100,1926.45,0,0,0,09-01-2010,1813.02,09-01-2010,2008,High Risk,Low Income,0,0.0063,0.1324,Low Interest
690027,880360,9100,9100,9075,60,0.1,195.01,B,B3,2 years,RENT,34500,Source Verified,03-01-2011,Fully Paid,n,wedding,066xx,CT,17.18,0,05-01-2003,0,56,63,6,1,1298,0.27,11,f,0,0,11575.02,11543.22,9100,2475.02,0,0,0,05-01-2015,28.31,05-01-2015,2011,High Risk,Low Income,0,0.0057,0.1037,Low Interest
475275,601522,9200,9200,9200,36,0.13,309.9,C,C3,10+ years,RENT,62000,Verified,01-01-2011,Fully Paid,n,debt_consolidation,074xx,NJ,21.91,0,04-01-2001,1,49,65,19,3,5508,0.254,28,f,0,0,11156.85,11156.85,9200,1956.85,0,0,0,01-01-2014,322.16,05-01-2016,2011,High Risk,Low Income,0,0.005,0.1298,Low Interest
649082,830388,9200,9200,9200,36,0.13,311.9,C,C3,10+ years,MORTGAGE,64260,Source Verified,01-01-2011,Fully Paid,n,debt_consolidation,957xx,CA,22,0,04-01-1995,3,26,66,17,1,9643,0.81,39,f,0,0,11157.41,11157.41,9200,1957.41,0,0,0,07-01-2013,2121.27,05-01-2016,2011,High Risk,Low Income,0,0.0049,0.1343,Low Interest
217788,215783,9300,9300,1298.4,36,0.12,307.66,C,C4,3 years,RENT,62000,Not Verified,01-01-2008,Fully Paid,n,credit_card,985xx,WA,20.09,0,07-01-1990,0,34,0,15,0,16890,0.64,29,f,0,0,11075.36,1501.4,9299.99,1775.37,0,0,0,01-01-2011,310.73,02-01-2013,2008,High Risk,Low Income,0,0.005,0.1172,Low Interest
179020,178968,9325,9325,184.7,36,0.11,304.9,C,C3,10+ years,RENT,70522,Not Verified,12-01-2007,Fully Paid,n,debt_consolidation,220xx,VA,18.96,1,01-01-1993,1,19,0,9,0,5749,0.432,23,f,0,0,10976.03,207.93,9325,1651.03,0,0,0,12-01-2010,307.06,12-01-2010,2007,High Risk,Low Income,0,0.0043,0.1091,Low Interest
200886,200841,9325,9325,1868.3,36,0.08,293.85,A,A5,1 year,RENT,12000,Not Verified,01-01-2008,Fully Paid,n,educational,532xx,WI,0,0,11-01-2004,1,0,0,7,0,0,0,7,f,0,0,10578.56,2108.21,9325,1253.56,0,0,0,01-01-2011,300.6,01-01-2011,2008,High Risk,Low Income,0,0.0245,0.0838,Low Interest
203424,202222,9325,9325,2675,36,0.14,316.99,D,D5,4 years,RENT,30000,Not Verified,02-01-2008,Fully Paid,n,debt_consolidation,446xx,OH,21.88,0,09-01-2003,0,0,0,5,0,7429,0.825,9,f,0,0,11411.55,3273.56,9325,2086.55,0,0,0,02-01-2011,336.72,02-01-2011,2008,High Risk,Low Income,0,0.0106,0.1362,Low Interest
200912,200892,9400,9400,1748.3,36,0.13,318.09,D,D4,9 years,MORTGAGE,50000,Not Verified,01-01-2008,Fully Paid,n,credit_card,132xx,NY,17.04,0,01-01-1991,3,0,111,9,1,5181,0.978,41,f,0,0,11495.17,2122.53,9400,2080.17,15,0,0,03-01-2011,204.17,03-01-2011,2008,High Risk,Low Income,0,0.0064,0.133,Low Interest
776508,978861,9450,9450,9450,36,0.16,330.47,D,D1,9 years,RENT,34200,Source Verified,06-01-2011,Fully Paid,n,wedding,605xx,IL,22.74,2,11-01-1971,2,14,45,10,1,6528,0.806,31,f,0,0,11896.64,11896.64,9450,2446.64,0,0,0,06-01-2014,354.42,05-01-2016,2011,High Risk,Low Income,0,0.0097,0.1562,Low Interest
794415,999037,9450,9450,9450,36,0.11,309.34,B,B3,9 years,MORTGAGE,78000,Not Verified,06-01-2011,Fully Paid,n,debt_consolidation,368xx,AL,23.69,0,05-01-2000,0,39,108,12,1,9697,0.487,29,f,0,0,10771.39,10771.39,9450,1321.39,0,0,0,03-01-2013,4909.09,11-01-2015,2011,High Risk,Low Income,0,0.004,0.1099,Low Interest
126213,126209,9500,9500,3900,36,0.08,297.99,A,A4,2 years,OWN,63000,Not Verified,09-01-2007,Fully Paid,n,other,021xx,MA,3.49,0,05-01-1991,1,0,0,13,0,40384,0.092,28,f,0,0,10727.3,4403.84,9500,1227.3,0,0,0,09-01-2010,299.36,09-01-2010,2007,High Risk,Low Income,0,0.0047,0.0807,Low Interest
126776,126773,9500,9500,1225,36,0.08,297.99,A,A4,2 years,OWN,90000,Not Verified,10-01-2007,Fully Paid,n,other,021xx,MA,2.44,0,11-01-1983,0,0,0,11,0,40384,0.096,25,f,0,0,10727.3,1383.26,9500,1227.3,0,0,0,10-01-2010,305.23,09-01-2010,2007,High Risk,Low Income,0,0.0033,0.0807,Low Interest
196574,188413,9500,9500,475,36,0.1,306.36,B,B5,1 year,RENT,58000,Not Verified,01-01-2008,Fully Paid,n,debt_consolidation,802xx,CO,21.93,0,05-01-1995,2,31,0,20,0,26218,0.287,26,f,0,0,10959.49,547.97,9500,1459.49,0,0,0,06-01-2010,2383.46,06-01-2010,2008,High Risk,Low Income,0,0.0053,0.0996,Low Interest
233852,233817,9500,9500,1750,36,0.11,310.03,C,C1,10+ years,OWN,74600,Not Verified,02-01-2008,Fully Paid,n,debt_consolidation,330xx,FL,8.22,0,12-01-1997,1,53,0,5,0,2624,0.486,7,f,0,0,10504.35,1935.02,9500,1004.35,0,0,0,04-01-2009,6475.57,12-01-2014,2008,High Risk,Low Income,0,0.0042,0.1078,Low Interest
261382,261376,9500,9500,1175,36,0.11,311.16,C,C1,< 1 year,MORTGAGE,75000,Not Verified,02-01-2008,Fully Paid,n,debt_consolidation,941xx,CA,11.3,1,02-01-1996,0,22,0,4,0,9711,0.714,12,f,0,0,11049.86,1366.69,9500,1549.86,0,0,0,06-01-2010,13.41,02-01-2013,2008,High Risk,Low Income,0,0.0041,0.1103,Low Interest
281788,271893,9500,9500,6350,36,0.1,305.47,B,B2,4 years,MORTGAGE,64064,Not Verified,03-01-2008,Fully Paid,n,credit_card,197xx,DE,4.8,1,04-01-1994,0,23,99,9,1,12226,0.456,15,f,0,0,10888.34,7277.99,9500,1388.34,0,0,0,06-01-2010,2964.62,07-01-2010,2008,High Risk,Low Income,0,0.0048,0.0976,Low Interest
70348,280311,9600,9600,9265.2,36,0.12,320.19,C,C5,4 years,RENT,78000,Not Verified,03-01-2008,Fully Paid,n,debt_consolidation,606xx,IL,8.8,0,11-01-1997,0,68,63,5,1,4822,0.581,27,f,0,0,11340.97,10947.16,9600,1740.97,0,0,0,05-01-2010,3773.06,05-01-2016,2008,High Risk,Low Income,0,0.0041,0.1229,Low Interest
166437,166419,9600,9600,675,36,0.11,315.3,C,C4,1 year,RENT,42500,Not Verified,12-01-2007,Fully Paid,n,wedding,027xx,MA,14.6,0,12-01-1997,1,33,0,6,0,133,0.042,20,f,0,0,11289.55,793.8,9600,1689.55,0,0,0,08-01-2010,116.25,04-01-2016,2007,High Risk,Low Income,0,0.0074,0.1122,Low Interest
173029,173017,9600,9600,1150,36,0.12,319.64,D,D2,4 years,RENT,60000,Not Verified,12-01-2007,Charged Off,n,debt_consolidation,801xx,CO,19.28,0,12-01-1994,2,41,70,11,1,10358,0.917,24,f,0,0,8311.84,994.18,6335.33,1829.62,0,146.89,1.56,04-01-2010,416.62,09-01-2010,2007,High Risk,Low Income,1,0.0053,0.1217,Low Interest
208191,202271,9600,9600,950,36,0.11,313.3,C,C1,10+ years,MORTGAGE,61200,Not Verified,01-01-2008,Charged Off,n,home_improvement,300xx,GA,14.06,0,05-01-1992,2,43,0,11,0,4781,0.155,21,f,0,0,5011.52,495.04,3887.31,1124.21,0,0,0,05-01-2009,313.3,05-01-2016,2008,High Risk,Low Income,1,0.0051,0.1078,Low Interest
222179,222065,9600,9600,775,36,0.09,306.18,B,B1,4 years,MORTGAGE,62000,Not Verified,01-01-2008,Charged Off,n,credit_card,802xx,CO,13.12,0,08-01-1993,1,0,0,15,0,24406,0.403,51,f,0,0,5860.77,471.54,4735.74,1079.4,0,45.63,15.98,09-01-2009,306.18,05-01-2016,2008,High Risk,Low Income,1,0.0049,0.092,Low Interest
255845,254336,9600,9600,2182.9,36,0.12,318.72,C,C4,8 years,RENT,36996,Not Verified,02-01-2008,Fully Paid,n,other,331xx,FL,20.63,0,02-01-1999,0,0,0,10,0,8801,0.727,15,f,0,0,11473.92,2526.52,9600,1873.93,0,0,0,02-01-2011,318.72,02-01-2011,2008,High Risk,Low Income,0,0.0086,0.1197,Low Interest
413261,466547,9600,9600,9500,36,0.11,314.06,B,B1,1 year,MORTGAGE,62004,Not Verified,06-01-2009,Fully Paid,n,debt_consolidation,765xx,TX,15.21,0,12-01-1996,1,53,39,18,1,6376,0.189,43,f,0,0,10530.81,10421.11,9600,930.81,0,0,0,07-01-2010,5666.44,08-01-2010,2009,High Risk,Low Income,0,0.0051,0.1095,Low Interest
497333,637571,9600,9600,9291.2,36,0.1,310.9,B,B2,2 years,RENT,68000,Not Verified,04-01-2010,Charged Off,n,house,450xx,OH,15.14,1,04-01-1993,1,12,88,6,1,5778,0.179,17,f,0,0,6528.83,6511.96,5219.6,1309.23,0,0,0,02-01-2012,26.95,05-01-2016,2010,High Risk,Low Income,1,0.0046,0.1025,Low Interest
517211,668437,9600,9600,9600,60,0.17,237.66,E,E2,10+ years,MORTGAGE,46095,Not Verified,05-01-2010,Charged Off,n,home_improvement,606xx,IL,12.86,0,11-01-1999,1,25,95,13,1,16586,0.865,28,f,0,0,9542.87,9542.87,4496.8,4326.78,0,719.29,129.47,10-01-2013,271.86,01-01-2014,2010,High Risk,Low Income,1,0.0052,0.1682,Low Interest
558335,718758,9600,9600,9600,36,0.14,329.74,C,C4,10+ years,OWN,60000,Verified,08-01-2010,Fully Paid,n,credit_card,117xx,NY,14.98,0,12-01-1992,0,47,114,17,1,6468,0.471,29,f,0,0,11871.22,11871.22,9600,2271.22,0,0,0,08-01-2013,354.26,05-01-2016,2010,High Risk,Low Income,0,0.0055,0.1435,Low Interest
600711,770957,9600,9600,9475,60,0.09,198.73,B,B1,2 years,MORTGAGE,61200,Verified,10-01-2010,Fully Paid,n,other,961xx,CA,7.25,0,05-01-1996,1,30,25,6,1,10278,0.779,33,f,0,0,10388.62,10253.36,9600,788.62,0,0,0,11-01-2011,8212.86,09-01-2013,2010,High Risk,Low Income,0,0.0032,0.0888,Low Interest
643968,824100,9600,9600,9575,36,0.12,319.92,C,C1,3 years,OWN,48000,Not Verified,01-01-2011,Fully Paid,n,debt_consolidation,850xx,AZ,5.7,1,08-01-1988,0,10,90,8,1,5298,0.351,23,f,0,0,11274.56,11245.2,9600,1674.56,0,0,0,01-01-2013,3921.45,02-01-2016,2011,High Risk,Low Income,0,0.0067,0.1223,Low Interest
700409,892069,9600,9600,9600,60,0.15,229.8,D,D3,5 years,MORTGAGE,135000,Source Verified,03-01-2011,Fully Paid,n,debt_consolidation,056xx,VT,6.98,1,08-01-1995,2,5,93,13,1,4690,0.182,32,f,0,0,11763.57,11763.57,9600,2163.57,0,0,0,11-01-2012,7416.41,12-01-2012,2011,High Risk,Low Income,0,0.0017,0.1528,Low Interest
755554,955410,9600,9600,9575,36,0.12,318.82,B,B5,1 year,RENT,35000,Not Verified,05-01-2011,Fully Paid,n,credit_card,067xx,CT,12.82,0,10-01-2003,0,69,38,10,1,10862,0.716,22,f,0,0,11493.31,11463.38,9600,1877.37,15.94,0,0,06-01-2014,320.82,04-01-2016,2011,High Risk,Low Income,0,0.0091,0.1199,Low Interest
773030,975028,9600,9600,9575,36,0.14,328.06,C,C3,10+ years,RENT,58000,Verified,06-01-2011,Fully Paid,n,debt_consolidation,322xx,FL,23.81,0,10-01-2002,1,30,113,10,1,13461,0.826,17,f,0,0,11810.1,11779.34,9600,2210.1,0,0,0,06-01-2014,352.11,11-01-2015,2011,High Risk,Low Income,0,0.0057,0.1399,Low Interest
795289,1000015,9600,9600,9600,36,0.13,323.42,C,C1,8 years,MORTGAGE,60000,Not Verified,06-01-2011,Fully Paid,n,debt_consolidation,660xx,KS,16.74,0,08-01-1997,1,67,107,9,1,11500,0.397,22,f,0,0,11611.96,11611.96,9600,2011.96,0,0,0,03-01-2014,1598.74,02-01-2016,2011,High Risk,Low Income,0,0.0054,0.1299,Low Interest
832996,1042519,9600,9600,9575,36,0.13,323.42,C,C1,10+ years,RENT,65000,Not Verified,08-01-2011,Fully Paid,n,debt_consolidation,060xx,CT,13.44,0,03-01-2000,1,74,96,14,1,13683,0.283,24,f,0,0,11143.37,11114.35,9600,1543.37,0,0,0,03-01-2013,5332.92,04-01-2016,2011,High Risk,Low Income,0,0.005,0.1299,Low Interest
1007317,1233924,9600,9600,9350,36,0.1,309.36,B,B1,10+ years,RENT,59000,Not Verified,11-01-2011,Fully Paid,n,wedding,900xx,CA,13,0,07-01-1992,0,35,110,6,1,9063,0.604,15,f,0,0,11137.27,10847.25,9600,1537.27,0,0,0,11-01-2014,316.03,11-01-2014,2011,High Risk,Low Income,0,0.0052,0.0991,Low Interest
1029082,1258445,9750,9750,9750,36,0.17,348.93,D,D3,4 years,RENT,21600,Source Verified,11-01-2011,Charged Off,n,debt_consolidation,809xx,CO,8.56,1,12-01-2001,3,22,111,3,1,0,0,34,f,0,0,1705.09,1705.09,851.7,542.5,0,310.89,3.23,04-01-2012,348.93,09-01-2012,2011,High Risk,Low Income,1,0.0162,0.1727,Low Interest
227773,227373,9800,9800,1276.5,36,0.08,305.97,A,A3,< 1 year,MORTGAGE,60000,Not Verified,01-01-2008,Fully Paid,n,credit_card,773xx,TX,9.2,0,11-01-1990,0,70,0,11,0,209,0.019,34,f,0,0,11014.83,1434.63,9799.99,1214.84,0,0,0,02-01-2011,306.93,04-01-2015,2008,High Risk,Low Income,0,0.0051,0.0775,Low Interest
462657,578915,9800,9800,9750,36,0.13,331.25,C,C2,< 1 year,MORTGAGE,58800,Verified,12-01-2009,Fully Paid,n,major_purchase,080xx,NJ,5.88,0,08-01-2002,3,35,73,9,1,9972,0.359,21,f,0,0,11903.64,11842.91,9800,2103.65,0,0,0,09-01-2012,1324.29,09-01-2012,2009,High Risk,Low Income,0,0.0056,0.1322,Low Interest
144579,144575,9850,9850,4125,36,0.08,307.53,A,A3,2 years,RENT,70000,Not Verified,11-01-2007,Fully Paid,n,other,100xx,NY,9.09,0,02-01-1991,1,0,0,12,0,1790,0.045,22,f,0,0,10461.79,4381.33,9850,611.79,0,0,0,10-01-2008,7387.64,10-01-2008,2007,High Risk,Low Income,0,0.0044,0.0775,Low Interest
668514,854749,9850,9850,9775,36,0.1,316.13,B,B1,2 years,MORTGAGE,105000,Not Verified,02-01-2011,Fully Paid,n,debt_consolidation,145xx,NY,15.46,0,02-01-1996,2,53,116,17,1,19167,0.549,32,f,0,0,11381.43,11294.77,9850,1531.43,0,0,0,02-01-2014,336.07,02-01-2014,2011,High Risk,Low Income,0,0.003,0.0963,Low Interest
245765,245749,9900,9900,4628,36,0.08,310.24,A,A3,10+ years,MORTGAGE,101400,Not Verified,02-01-2008,Fully Paid,n,credit_card,326xx,FL,3.19,0,02-01-1985,1,0,0,10,0,1715,0.082,21,f,0,0,11171.25,5219.29,9899.99,1271.26,0,0,0,03-01-2011,12.92,05-01-2016,2008,High Risk,Low Income,0,0.0031,0.08,Low Interest
69924,274280,10000,10000,8790.3,36,0.14,339.6,D,D4,3 years,RENT,100000,Not Verified,03-01-2008,Fully Paid,n,credit_card,941xx,CA,7.94,0,11-01-2002,0,0,0,11,0,21162,0.577,14,f,0,0,12225.41,10738.03,10000,2225.41,0,0,0,04-01-2011,359.55,02-01-2016,2008,High Risk,Low Income,0,0.0034,0.1355,Low Interest
101579,100083,10000,10000,400,36,0.1,323.98,C,C1,< 1 year,RENT,27376,Not Verified,07-01-2007,Fully Paid,n,small_business,805xx,CO,10.7,0,09-01-2003,0,0,0,4,0,3534,0.544,4,f,0,0,11662.89,466.52,10000,1662.89,0,0,0,07-01-2010,328.93,10-01-2010,2007,High Risk,Low Income,0,0.0118,0.1028,Low Interest
116582,116502,10000,10000,975,36,0.14,340.57,E,E2,< 1 year,RENT,35000,Not Verified,08-01-2007,Fully Paid,n,debt_consolidation,101xx,NY,17.38,0,03-01-2000,0,44,0,10,0,22213,0.659,22,f,0,0,12260.31,1195.38,10000,2260.31,0,0,0,08-01-2010,343.82,08-01-2010,2007,High Risk,Low Income,0,0.0097,0.1375,Low Interest
126287,125787,10000,10000,2925,36,0.12,329.95,C,C5,9 years,MORTGAGE,225000,Not Verified,09-01-2007,Fully Paid,n,debt_consolidation,017xx,MA,20,0,06-01-1979,2,0,0,18,0,107501,0.448,34,f,0,0,11068.42,3237.51,10000,1068.42,0,0,0,10-01-2008,7110.05,09-01-2008,2007,High Risk,Low Income,0,0.0015,0.1154,Low Interest
126392,125914,10000,10000,2725,36,0.08,313.67,A,A4,< 1 year,MORTGAGE,173000,Not Verified,09-01-2007,Fully Paid,n,car,531xx,WI,0.72,0,09-01-1985,3,0,0,14,0,3054,0.056,41,f,0,0,10435.3,2843.62,10000,435.3,0,0,0,04-01-2008,8553.6,08-01-2007,2007,High Risk,Low Income,0,0.0018,0.0807,Low Interest
127504,127500,10000,10000,1321.1,36,0.08,313.67,A,A4,6 years,MORTGAGE,150000,Not Verified,11-01-2007,Fully Paid,n,home_improvement,024xx,MA,5.84,0,02-01-1993,0,0,0,7,0,37152,0.037,19,f,0,0,11291.91,1489.2,10000,1291.92,0,0,0,11-01-2010,317.43,11-01-2010,2007,High Risk,Low Income,0,0.0021,0.0807,Low Interest
127719,127716,10000,10000,3687.8,36,0.08,313.67,A,A4,3 years,MORTGAGE,85000,Not Verified,11-01-2007,Fully Paid,n,home_improvement,024xx,MA,3.11,0,02-01-1993,0,0,0,6,0,37152,0.037,12,f,0,0,11291.92,4141.29,10000,1291.92,0,0,0,11-01-2010,323.55,11-01-2010,2007,High Risk,Low Income,0,0.0037,0.0807,Low Interest
129745,129716,10000,10000,275,36,0.1,323.99,C,C1,3 years,RENT,120000,Not Verified,09-01-2007,Fully Paid,n,debt_consolidation,282xx,NC,14.4,0,11-01-1994,1,0,0,8,0,56740,0.775,23,f,0,0,11663.56,320.75,10000,1663.56,0,0,0,10-01-2010,327.94,09-01-2010,2007,High Risk,Low Income,0,0.0027,0.1028,Low Interest
135201,135198,10000,10000,200,36,0.11,328.43,C,C4,8 years,MORTGAGE,30000,Not Verified,10-01-2007,Fully Paid,n,other,462xx,IN,20.4,0,10-01-1998,3,0,0,5,0,0,0,9,f,0,0,10273.97,205.52,10000,273.97,0,0,0,01-01-2008,9617.25,09-01-2007,2007,High Risk,Low Income,0,0.0109,0.1122,Low Interest
139968,139887,10000,10000,2175,36,0.13,335.98,D,D4,2 years,RENT,36400,Not Verified,10-01-2007,Fully Paid,n,debt_consolidation,354xx,AL,18.92,0,09-01-2001,1,41,0,9,0,9166,0.504,20,f,0,0,12074.03,2626.1,10000,2074.03,0,0,0,07-01-2010,1333.8,04-01-2012,2007,High Risk,Low Income,0,0.0092,0.128,Low Interest
148473,148467,10000,10000,1825,36,0.09,318.05,B,B2,< 1 year,MORTGAGE,275000,Not Verified,11-01-2007,Charged Off,n,home_improvement,117xx,NY,2.97,0,05-01-1994,2,28,0,4,0,481,0.802,17,f,0,0,4484.82,817.92,3239.25,893.7,47.69,304.18,3.09,07-01-2009,500.11,01-01-2011,2007,High Risk,Low Income,1,0.0012,0.0901,Low Interest
149575,149552,10000,10000,2750,36,0.08,315.12,A,A5,< 1 year,RENT,30000,Not Verified,11-01-2007,Fully Paid,n,educational,294xx,SC,4.2,0,07-01-2003,1,0,0,2,0,2282,0.19,2,f,0,0,11121.69,3058.47,10000,1121.69,0,0,0,10-01-2009,19.94,10-01-2009,2007,High Risk,Low Income,0,0.0105,0.0838,Low Interest
167584,167573,10000,10000,350,36,0.1,322.49,B,B5,1 year,RENT,72500,Not Verified,12-01-2007,Charged Off,n,other,322xx,FL,10.28,0,06-01-1994,3,80,0,2,0,3943,0.986,5,f,0,0,4514,157.36,3494.37,1019.63,0,0,0,02-01-2009,322.49,02-01-2016,2007,High Risk,Low Income,1,0.0044,0.0996,Low Interest
167645,163382,10000,6000,700,36,0.09,189.97,B,B1,3 years,RENT,24000,Not Verified,12-01-2007,Fully Paid,n,debt_consolidation,820xx,WY,19.45,0,04-01-1997,2,0,0,3,0,5405,0.4,19,f,0,0,6778.26,790.8,6000,778.26,0,0,0,04-01-2010,3.94,07-01-2015,2007,High Risk,Low Income,0,0.0079,0.087,Low Interest
175582,174945,10000,10000,625,36,0.13,335.98,D,D4,2 years,RENT,58800,Not Verified,12-01-2007,Fully Paid,n,debt_consolidation,535xx,WI,7.51,0,09-01-1996,3,59,47,6,2,7251,0.806,15,f,0,0,12060.07,753.75,10000,2060.07,0,0,0,08-01-2010,1649.16,05-01-2016,2007,High Risk,Low Income,0,0.0057,0.128,Low Interest
184562,183619,10000,10000,900,36,0.09,319.54,B,B3,1 year,MORTGAGE,36500,Not Verified,12-01-2007,Charged Off,n,moving,323xx,FL,19.46,0,09-01-1995,2,69,0,12,0,827,0.066,22,f,0,0,2609.48,234.74,1732.25,504.18,0,373.05,3.74,07-01-2008,319.54,01-01-2009,2007,High Risk,Low Income,1,0.0088,0.0933,Low Interest
187464,187430,10000,10000,1673.2,36,0.1,320.99,B,B4,< 1 year,RENT,67000,Not Verified,12-01-2007,Fully Paid,n,debt_consolidation,926xx,CA,3.6,1,02-01-2000,0,15,0,11,0,10157,0.262,20,f,0,0,11555.4,1880.13,10000,1555.4,0,0,0,12-01-2010,325.23,12-01-2010,2007,High Risk,Low Income,0,0.0048,0.0964,Low Interest
192311,187731,10000,10000,675,36,0.1,320.99,B,B4,< 1 year,RENT,24960,Not Verified,01-01-2008,Fully Paid,n,debt_consolidation,208xx,MD,8.17,0,12-01-1998,0,0,0,6,0,4475,0.63,10,f,0,0,10994.77,742.15,10000,994.77,0,0,0,04-01-2009,6502.24,06-01-2009,2008,High Risk,Low Income,0,0.0129,0.0964,Low Interest
193452,191101,10000,10000,2696.6,36,0.08,315.12,A,A5,< 1 year,RENT,107000,Not Verified,01-01-2008,Fully Paid,n,small_business,927xx,CA,2.28,0,12-01-1994,2,0,0,4,0,15043,0.652,25,f,0,0,11344.3,2990.38,10000,1344.3,0,0,0,01-01-2011,331.48,03-01-2016,2008,High Risk,Low Income,0,0.0029,0.0838,Low Interest
202406,202401,10000,10000,630.5,36,0.14,339.94,D,D5,6 years,RENT,49500,Not Verified,01-01-2008,Fully Paid,n,other,770xx,TX,1.21,1,02-01-2001,0,22,0,7,0,0,0,9,f,0,0,12237.55,770.59,9999.99,2237.56,0,0,0,01-01-2011,347.92,04-01-2016,2008,High Risk,Low Income,0,0.0069,0.1362,Low Interest
202720,181632,10000,10000,2200,36,0.08,313.69,A,A4,< 1 year,RENT,24600,Not Verified,01-01-2008,Fully Paid,n,debt_consolidation,802xx,CO,9.95,0,11-01-1993,1,0,0,6,0,8522,0.217,16,f,0,0,10741.75,2363.18,10000,741.75,0,0,0,02-01-2009,6980.96,02-01-2009,2008,High Risk,Low Income,0,0.0128,0.0807,Low Interest
207387,207374,10000,10000,1528.4,36,0.11,327.82,C,C2,< 1 year,RENT,41500,Not Verified,01-01-2008,Fully Paid,n,debt_consolidation,900xx,CA,19.32,0,03-01-2000,0,0,0,5,0,15368,0.871,6,f,0,0,11852.1,1775.71,10000,1804.32,47.78,0,0,01-01-2011,335.91,02-01-2011,2008,High Risk,Low Income,0,0.0079,0.1109,Low Interest
208594,208564,10000,10000,2650,36,0.11,329.34,C,C3,2 years,RENT,78504,Not Verified,01-01-2008,Fully Paid,n,debt_consolidation,930xx,CA,14.03,1,10-01-1995,3,12,47,12,1,8473,0.276,29,f,0,0,11657.5,3089.24,10000,1657.5,0,0,0,02-01-2010,3755.3,04-01-2016,2008,High Risk,Low Income,0,0.0042,0.1141,Low Interest
208827,207594,10000,10000,575,36,0.08,315.12,A,A5,2 years,RENT,69600,Not Verified,01-01-2008,Fully Paid,n,wedding,070xx,NJ,14.03,0,11-01-1992,5,0,0,8,0,11333,0.455,24,f,0,0,11344.3,652.3,10000,1344.3,0,0,0,01-01-2011,320.57,01-01-2011,2008,High Risk,Low Income,0,0.0045,0.0838,Low Interest
210784,210596,10000,10000,1152.7,36,0.09,318.93,B,B1,1 year,RENT,77250,Not Verified,01-01-2008,Fully Paid,n,debt_consolidation,941xx,CA,5.93,0,11-01-1994,0,0,0,10,0,11496,0.266,20,f,0,0,11454.75,1309.82,9999.99,1454.76,0,0,0,01-01-2011,120.89,03-01-2015,2008,High Risk,Low Income,0,0.0041,0.092,Low Interest
215897,215882,10000,10000,1350,36,0.09,318.93,B,B1,2 years,RENT,165000,Not Verified,01-01-2008,Fully Paid,n,credit_card,073xx,NJ,0.33,0,03-01-1998,0,36,0,5,0,45,0.004,10,f,0,0,11325.28,1528.91,10000,1325.28,0,0,0,03-01-2010,3679.27,02-01-2010,2008,High Risk,Low Income,0,0.0019,0.092,Low Interest
216181,216160,10000,10000,1800,36,0.08,312.22,A,A3,10+ years,MORTGAGE,115500,Not Verified,01-01-2008,Fully Paid,n,other,054xx,VT,2.89,0,11-01-1993,1,0,0,8,0,0,0,18,f,0,0,11239.64,2023.18,10000,1239.64,0,0,0,01-01-2011,314.2,01-01-2011,2008,High Risk,Low Income,0,0.0027,0.0775,Low Interest
217041,215591,10000,10000,800,36,0.1,320.38,B,B2,< 1 year,RENT,55000,Not Verified,01-01-2008,Fully Paid,n,debt_consolidation,336xx,FL,7.59,0,08-01-2001,1,0,0,13,0,8382,0.204,20,f,0,0,11242.19,899.48,10000,1242.19,0,0,0,10-01-2009,4835.56,08-01-2014,2008,High Risk,Low Income,0,0.0058,0.0951,Low Interest
218331,218047,10000,10000,1375,36,0.08,312.22,A,A3,6 years,RENT,24000,Not Verified,01-01-2008,Charged Off,n,major_purchase,339xx,FL,0,0,08-01-1997,0,0,0,3,0,5028,0.121,4,f,0,0,7985.41,1097.34,6690.88,1113.74,31.22,149.57,1.68,03-01-2010,640.05,07-01-2010,2008,High Risk,Low Income,1,0.013,0.0775,Low Interest
220873,220762,10000,10000,1775,36,0.13,338.39,D,D4,10+ years,OWN,120000,Not Verified,01-01-2008,Charged Off,n,small_business,752xx,TX,6.31,0,03-01-1991,0,0,0,11,0,28653,0.893,16,f,0,0,5232.92,926.61,3423.26,1514.12,0,295.54,2.99,07-01-2009,100.29,12-01-2009,2008,High Risk,Low Income,1,0.0028,0.133,Low Interest
231321,214993,10000,10000,1228.1,36,0.08,312.22,A,A3,5 years,NONE,22200,Not Verified,01-01-2008,Fully Paid,n,debt_consolidation,233xx,VA,5.24,0,04-01-1994,0,0,0,9,0,4767,0.087,22,f,0,0,11239.62,1380,9999.99,1239.63,0,0,0,02-01-2011,313.59,01-01-2011,2008,High Risk,Low Income,0,0.0141,0.0775,Low Interest
232726,232722,10000,10000,950,36,0.11,329.34,C,C3,2 years,RENT,40000,Not Verified,01-01-2008,Fully Paid,n,debt_consolidation,109xx,NY,15.93,0,05-01-1998,0,0,0,13,0,14643,0.764,25,f,0,0,11809.97,1121.95,10000,1809.97,0,0,0,09-01-2010,1931.96,03-01-2013,2008,High Risk,Low Income,0,0.0082,0.1141,Low Interest
235704,235682,10000,10000,2428.5,36,0.15,346.07,E,E4,3 years,MORTGAGE,65000,Not Verified,01-01-2008,Fully Paid,n,credit_card,441xx,OH,23.89,2,03-01-1988,1,6,44,9,1,10214,0.651,26,f,0,0,12454.1,3023.73,10000,2454.1,0,0,0,01-01-2011,693.66,01-01-2011,2008,High Risk,Low Income,0,0.0053,0.1488,Low Interest
238983,238972,10000,10000,2694.1,36,0.1,320.38,B,B2,< 1 year,RENT,51600,Not Verified,02-01-2008,Fully Paid,n,debt_consolidation,805xx,CO,9.6,0,01-01-2004,2,0,0,5,0,1346,0.232,5,f,0,0,11549.69,3040.93,10000,1533.67,16.02,0,0,02-01-2011,323.21,02-01-2011,2008,High Risk,Low Income,0,0.0062,0.0951,Low Interest
238989,238948,10000,10000,2556.7,36,0.09,318.93,B,B1,1 year,RENT,45000,Not Verified,02-01-2008,Fully Paid,n,debt_consolidation,701xx,LA,4.88,0,11-01-1996,0,0,0,6,0,12425,0.942,24,f,0,0,11481.43,2866.65,9999.99,1481.44,0,0,0,02-01-2011,327.14,02-01-2012,2008,High Risk,Low Income,0,0.0071,0.092,Low Interest
248539,246119,10000,10000,7851.1,36,0.12,330.53,C,C3,10+ years,MORTGAGE,49600,Not Verified,02-01-2008,Fully Paid,n,debt_consolidation,955xx,CA,8.4,0,01-01-1999,2,0,0,6,0,11735,0.939,9,f,0,0,11898.71,9337.52,10000,1898.72,0,0,0,02-01-2011,360.46,08-01-2011,2008,High Risk,Low Income,0,0.0067,0.1166,Low Interest
249972,249660,10000,10000,2000,36,0.11,327.53,C,C1,10+ years,RENT,30000,Not Verified,02-01-2008,Charged Off,n,debt_consolidation,953xx,CA,13.4,0,11-01-1998,1,0,0,6,0,10837,0.834,10,f,0,0,5895.54,1173.2,4581.64,1304.18,0,9.72,1.75,08-01-2009,327.53,05-01-2016,2008,High Risk,Low Income,1,0.0109,0.1103,Low Interest
249999,249884,10000,10000,2907,36,0.08,313.37,A,A3,6 years,MORTGAGE,115000,Not Verified,02-01-2008,Fully Paid,n,small_business,601xx,IL,12,0,10-01-1991,3,0,0,6,0,90335,0.535,36,f,0,0,11281.07,3184,9999.99,1281.08,0,0,0,02-01-2011,319.6,02-01-2011,2008,High Risk,Low Income,0,0.0027,0.08,Low Interest
251789,251780,10000,10000,7775,36,0.15,348.87,E,E5,1 year,RENT,54996,Not Verified,02-01-2008,Fully Paid,n,debt_consolidation,752xx,TX,13.16,0,03-01-1986,2,26,0,8,0,22122,0.787,13,f,0,0,11349.69,8824.38,10000,1349.69,0,0,0,02-01-2009,7517.48,02-01-2009,2008,High Risk,Low Income,0,0.0063,0.1545,Low Interest
253973,253818,10000,10000,1647.8,36,0.11,327.53,C,C1,3 years,OWN,24605,Not Verified,02-01-2008,Fully Paid,n,other,283xx,NC,9.17,1,11-01-1996,0,11,0,7,0,8575,0.703,24,f,0,0,11791.05,1896.55,10000,1791.05,0,0,0,03-01-2011,336.72,05-01-2016,2008,High Risk,Low Income,0,0.0133,0.1103,Low Interest
254378,240996,10000,10000,2225,36,0.12,330.53,C,C3,10+ years,MORTGAGE,92400,Not Verified,02-01-2008,Charged Off,n,home_improvement,601xx,IL,10.74,0,12-01-1992,3,0,0,16,0,46789,0.667,27,f,0,0,3301.8,732.3,2435.78,866.02,0,0,0,12-01-2008,330.53,01-01-2009,2008,High Risk,Low Income,1,0.0036,0.1166,Low Interest
254979,254956,10000,10000,2700,36,0.08,313.37,A,A3,2 years,MORTGAGE,25000,Not Verified,02-01-2008,Fully Paid,n,small_business,486xx,MI,12.14,0,07-01-1986,0,0,0,3,0,1467,0.092,13,f,0,0,11327.93,3058.54,10000,1296.59,31.34,0,0,01-01-2011,685.85,02-01-2011,2008,High Risk,Low Income,0,0.0125,0.08,Low Interest
256704,256681,10000,10000,3659.6,36,0.14,341.15,D,D5,10+ years,MORTGAGE,58000,Not Verified,02-01-2008,Charged Off,n,debt_consolidation,928xx,CA,24.72,0,05-01-1989,0,49,0,10,0,24299,0.586,25,f,0,0,5768.7,2117.56,3863.15,1905.55,0,0,0,11-01-2009,428.38,05-01-2016,2008,High Risk,Low Income,1,0.0059,0.1387,Low Interest
257346,257327,10000,10000,4350,36,0.13,335.07,D,D1,2 years,RENT,52000,Not Verified,02-01-2008,Fully Paid,n,debt_consolidation,217xx,MD,12.02,0,09-01-2000,0,0,0,10,0,7607,0.467,23,f,0,0,11376.63,4948.85,10000,1376.63,0,0,0,06-01-2009,6358.53,06-01-2009,2008,High Risk,Low Income,0,0.0064,0.1261,Low Interest
259595,259132,10000,10000,2908.3,36,0.1,321.55,B,B2,< 1 year,RENT,38000,Not Verified,02-01-2008,Fully Paid,n,debt_consolidation,200xx,DC,3.22,0,10-01-2000,0,0,0,5,0,9255,0.63,13,f,0,0,11575.64,3199.18,9999.99,1575.64,0,0,0,03-01-2011,327.73,02-01-2011,2008,High Risk,Low Income,0,0.0085,0.0976,Low Interest
259968,259156,10000,10000,2050,36,0.09,316.28,A,A5,2 years,RENT,30000,Not Verified,02-01-2008,Fully Paid,n,debt_consolidation,532xx,WI,13.16,0,11-01-1996,2,0,0,8,0,3808,0.31,10,f,0,0,11379.35,2332.85,10000,1379.35,0,0,0,01-01-2011,944.7,12-01-2010,2008,High Risk,Low Income,0,0.0105,0.0863,Low Interest
260277,260059,10000,10000,2727.9,36,0.12,330.53,C,C3,10+ years,OWN,34000,Not Verified,02-01-2008,Fully Paid,n,debt_consolidation,765xx,TX,23.96,0,08-01-1997,2,0,0,4,0,11927,0.455,12,f,0,0,11898.72,3113.37,10000,1898.72,0,0,0,03-01-2011,336.77,02-01-2011,2008,High Risk,Low Income,0,0.0097,0.1166,Low Interest
260324,258924,10000,10000,2675,36,0.14,339.6,D,D4,5 years,RENT,71600,Not Verified,02-01-2008,Charged Off,n,small_business,333xx,FL,3.35,1,03-01-1993,2,21,0,4,0,5261,0.731,6,f,0,0,10298.94,2742.89,8026.81,2143.49,0,128.64,25.94,09-01-2010,339.6,02-01-2011,2008,High Risk,Low Income,1,0.0047,0.1355,Low Interest
260801,259781,10000,10000,2575,36,0.09,320.1,B,B1,< 1 year,RENT,65000,Not Verified,02-01-2008,Fully Paid,n,credit_card,212xx,MD,11.69,0,11-01-2000,3,0,0,13,0,13607,0.633,18,f,0,0,11362.74,2926,10000,1362.74,0,0,0,04-01-2010,3681.47,04-01-2010,2008,High Risk,Low Income,0,0.0049,0.0945,Low Interest
261281,261121,10000,10000,2699.9,36,0.11,329,C,C2,10+ years,MORTGAGE,75000,Not Verified,02-01-2008,Fully Paid,n,home_improvement,103xx,NY,14.8,0,12-01-1999,3,0,0,16,0,23623,0.457,31,f,0,0,11844,3069.57,10000,1844,0,0,0,03-01-2011,333.15,05-01-2011,2008,High Risk,Low Income,0,0.0044,0.1134,Low Interest
261972,261654,10000,10000,2950,36,0.14,341.15,D,D5,2 years,RENT,35400,Not Verified,02-01-2008,Charged Off,n,debt_consolidation,922xx,CA,13.19,0,01-01-1997,2,0,0,9,0,11969,0.88,12,f,0,0,6716.99,1978.49,4758.84,1718.45,4.41,235.29,2.55,03-01-2010,4.56,03-01-2010,2008,High Risk,Low Income,1,0.0096,0.1387,Low Interest
262669,262634,10000,10000,1925,36,0.08,313.37,A,A3,2 years,RENT,117000,Not Verified,02-01-2008,Fully Paid,n,other,100xx,NY,0,0,03-01-1985,0,0,0,4,0,0,0,9,f,0,0,11274.88,2170.43,10000,1274.88,0,0,0,01-01-2011,940.13,05-01-2016,2008,High Risk,Low Income,0,0.0027,0.08,Low Interest
263180,263166,10000,10000,2711,36,0.12,330.53,C,C3,4 years,RENT,30000,Not Verified,02-01-2008,Fully Paid,n,debt_consolidation,928xx,CA,15.44,0,03-01-2002,0,0,0,16,0,10997,0.753,17,f,0,0,11898.72,3091.96,10000,1898.72,0,0,0,03-01-2011,338.66,09-01-2015,2008,High Risk,Low Income,0,0.011,0.1166,Low Interest
264792,263999,10000,10000,2175,36,0.09,316.28,A,A5,4 years,MORTGAGE,109200,Not Verified,02-01-2008,Fully Paid,n,home_improvement,852xx,AZ,6.4,0,12-01-1996,0,0,0,6,0,2339,0.441,20,f,0,0,11386.14,2476.6,10000,1386.14,0,0,0,03-01-2011,318.7,06-01-2012,2008,High Risk,Low Income,0,0.0029,0.0863,Low Interest
265117,265106,10000,10000,4650,36,0.12,330.53,C,C3,< 1 year,OWN,30000,Not Verified,02-01-2008,Fully Paid,n,other,836xx,ID,8.56,0,11-01-2004,3,0,0,4,0,2000,0.465,4,f,0,0,10284.71,4782.41,10000,284.71,0,0,0,06-01-2008,9624.64,02-01-2008,2008,High Risk,Low Income,0,0.011,0.1166,Low Interest
265521,252913,10000,10000,1425,36,0.1,321.55,B,B2,5 years,RENT,24000,Not Verified,02-01-2008,Charged Off,n,major_purchase,606xx,IL,2.7,1,12-01-1993,3,14,0,11,0,3717,0.161,32,f,0,0,6517.47,925.86,5104.59,1412.88,0,0,0,03-01-2010,171.86,05-01-2016,2008,High Risk,Low Income,1,0.0134,0.0976,Low Interest
266047,262721,10000,10000,1100,36,0.11,329,C,C2,3 years,RENT,28600,Not Verified,03-01-2008,Fully Paid,n,other,114xx,NY,5.37,0,08-01-2000,2,44,53,2,1,3245,0.541,6,f,0,0,11836.91,1302.06,10000,1836.91,0,0,0,01-01-2011,1209.28,11-01-2012,2008,High Risk,Low Income,0,0.0115,0.1134,Low Interest
269289,260821,10000,10000,5500.9,36,0.09,316.28,A,A5,< 1 year,MORTGAGE,60000,Not Verified,03-01-2008,Fully Paid,n,car,061xx,CT,8.94,0,12-01-1995,3,35,0,8,0,16167,0.443,27,f,0,0,11340.24,6140.88,10000,1340.24,0,0,0,10-01-2010,1773.04,01-01-2011,2008,High Risk,Low Income,0,0.0053,0.0863,Low Interest
270302,257366,10000,10000,3389,36,0.13,338.1,D,D3,2 years,RENT,66000,Not Verified,03-01-2008,Fully Paid,n,debt_consolidation,906xx,CA,18.2,1,07-01-1995,3,13,0,9,0,12008,0.542,12,f,0,0,12171.48,4080.89,10000,2171.48,0,0,0,03-01-2011,348.1,03-01-2011,2008,High Risk,Low Income,0,0.0051,0.1324,Low Interest
270466,270436,10000,10000,1450,36,0.12,330.53,C,C3,1 year,RENT,64000,Not Verified,03-01-2008,Fully Paid,n,house,531xx,WI,13.33,0,03-01-1996,2,59,0,10,0,2388,0.487,22,f,0,0,11872.92,1721.57,10000,1872.92,0,0,0,11-01-2010,1629.82,11-01-2010,2008,High Risk,Low Income,0,0.0052,0.1166,Low Interest
271900,271883,10000,10000,5397.3,36,0.09,320.1,B,B1,< 1 year,RENT,94000,Not Verified,03-01-2008,Fully Paid,n,debt_consolidation,112xx,NY,7.44,0,12-01-1998,0,0,0,17,0,29884,0.436,27,f,0,0,11523.59,6117.13,10000,1523.59,0,0,0,03-01-2011,322.72,09-01-2012,2008,High Risk,Low Income,0,0.0034,0.0945,Low Interest
271979,271672,10000,10000,3525,36,0.11,326.02,B,B5,6 years,RENT,76250,Not Verified,03-01-2008,Fully Paid,n,debt_consolidation,021xx,MA,10.37,0,04-01-1977,0,46,0,16,0,26888,0.262,39,f,0,0,10795.25,3805.41,10000,795.25,0,0,0,01-01-2009,7862.78,01-01-2009,2008,High Risk,Low Income,0,0.0043,0.1071,Low Interest
272103,270527,10000,10000,3949.8,36,0.13,336.56,D,D2,4 years,RENT,37200,Not Verified,03-01-2008,Fully Paid,n,debt_consolidation,975xx,OR,6.74,0,01-01-2001,0,72,0,7,0,7067,0.658,8,f,0,0,12115.92,4745.48,10000,2115.92,0,0,0,03-01-2011,340.83,03-01-2011,2008,High Risk,Low Income,0,0.009,0.1292,Low Interest
274375,274365,10000,10000,4852.5,36,0.11,327.53,C,C1,< 1 year,MORTGAGE,47000,Not Verified,03-01-2008,Fully Paid,n,debt_consolidation,280xx,NC,13.48,0,12-01-1999,0,0,0,8,0,9697,0.58,10,f,0,0,11793.27,5660.51,10000,1793.27,0,0,0,04-01-2011,262.04,04-01-2011,2008,High Risk,Low Income,0,0.007,0.1103,Low Interest
274763,273721,10000,10000,3300,36,0.11,327.53,C,C1,2 years,RENT,33600,Not Verified,03-01-2008,Fully Paid,n,other,440xx,OH,2.61,0,09-01-2001,2,28,0,11,0,2952,0.301,15,f,0,0,11301.32,3729.44,10000,1301.32,0,0,0,02-01-2010,1430.25,04-01-2016,2008,High Risk,Low Income,0,0.0097,0.1103,Low Interest
275790,275753,10000,10000,8517.3,36,0.08,313.37,A,A3,9 years,RENT,52000,Not Verified,03-01-2008,Fully Paid,n,other,104xx,NY,2.1,0,11-01-1993,1,0,0,7,0,0,0,12,f,0,0,11268.79,9570.21,9999.99,1268.79,0,0,0,01-01-2011,31.37,01-01-2011,2008,High Risk,Low Income,0,0.006,0.08,Low Interest
278911,278880,10000,10000,10000,36,0.11,329,C,C2,< 1 year,RENT,25368,Not Verified,03-01-2008,Charged Off,n,educational,303xx,GA,8.79,0,08-01-1997,0,0,0,2,0,1573,0.393,3,f,0,0,6798.76,6798.76,5134.5,1443.7,0,220.56,2.28,11-01-2009,329,07-01-2010,2008,High Risk,Low Income,1,0.013,0.1134,Low Interest
279242,279065,10000,10000,7100,36,0.13,338.1,D,D3,5 years,MORTGAGE,58000,Not Verified,03-01-2008,Fully Paid,n,wedding,441xx,OH,10.9,0,09-01-2002,3,0,56,8,1,10055,0.549,16,f,0,0,12080.8,8577.41,10000,2080.8,0,0,0,09-01-2010,1629.46,05-01-2016,2008,High Risk,Low Income,0,0.0058,0.1324,Low Interest
280176,280158,10000,10000,8089.1,36,0.09,320.1,B,B1,8 years,MORTGAGE,125000,Not Verified,03-01-2008,Fully Paid,n,debt_consolidation,117xx,NY,5.28,0,03-01-1983,3,49,0,4,0,9438,0.335,11,f,0,0,11547.31,9299.68,10000,1531.3,16.01,0,0,03-01-2011,331.75,03-01-2011,2008,High Risk,Low Income,0,0.0026,0.0945,Low Interest
280193,280170,10000,10000,8100.3,36,0.09,316.28,A,A5,7 years,MORTGAGE,90000,Not Verified,03-01-2008,Fully Paid,n,debt_consolidation,303xx,GA,5.91,1,05-01-1992,0,16,0,16,0,18343,0.262,39,f,0,0,11386.5,9185.45,9999.99,1386.51,0,0,0,03-01-2011,323.82,08-01-2012,2008,High Risk,Low Income,0,0.0035,0.0863,Low Interest
282707,282641,10000,10000,8741,36,0.09,320.1,B,B1,2 years,RENT,70000,Not Verified,03-01-2008,Fully Paid,n,educational,600xx,IL,9.38,0,02-01-2003,0,0,0,8,0,8850,0.323,8,f,0,0,11466.39,10004.77,10000,1466.4,0,0,0,02-01-2011,306.86,02-01-2011,2008,High Risk,Low Income,0,0.0046,0.0945,Low Interest
352752,355747,10000,7400,1196.1,36,0.12,246.57,C,C4,2 years,MORTGAGE,36934,Not Verified,08-01-2008,Fully Paid,n,debt_consolidation,945xx,CA,13.16,0,02-01-1996,3,78,87,9,1,10832,0.561,20,f,0,0,8876.27,1232.91,7400,1476.27,0,0,0,08-01-2011,246.62,08-01-2011,2008,High Risk,Low Income,0,0.0067,0.1222,Low Interest
386423,418681,10000,10000,9675,36,0.12,331.64,B,B4,10+ years,RENT,54480,Not Verified,03-01-2009,Fully Paid,n,debt_consolidation,216xx,MD,21.54,0,12-01-1998,0,30,112,12,1,11628,0.404,21,f,0,0,11939.01,11550.99,9999.99,1939.02,0,0,0,04-01-2012,347.34,04-01-2012,2009,High Risk,Low Income,0,0.0061,0.1189,Low Interest
386469,418758,10000,10000,9025,36,0.14,340.76,C,C5,5 years,MORTGAGE,47000,Source Verified,03-01-2009,Fully Paid,n,other,750xx,TX,23.69,1,08-01-1996,0,16,99,7,1,1400,0.778,27,f,0,0,11361.4,10253.67,10000,1361.4,0,0,0,06-01-2010,6932.99,08-01-2010,2009,High Risk,Low Income,0,0.0073,0.1379,Low Interest
390897,426377,10000,10000,9503.7,36,0.16,353.14,E,E3,10+ years,RENT,48000,Verified,04-01-2009,Charged Off,n,debt_consolidation,631xx,MO,20.55,0,02-01-1996,0,29,104,6,1,3996,0.975,27,f,0,0,1763.85,1048.8,1114.62,649.23,0,0,0,09-01-2009,353.14,05-01-2016,2009,High Risk,Low Income,1,0.0074,0.1632,Low Interest
411236,463386,10000,10000,9950,36,0.11,328.64,B,B2,2 years,RENT,75000,Verified,06-01-2009,Fully Paid,n,debt_consolidation,926xx,CA,12.16,0,11-01-1987,0,73,87,8,1,5389,0.281,22,f,0,0,11600.36,11542.36,10000,1600.36,0,0,0,06-01-2011,4054.3,06-01-2011,2009,High Risk,Low Income,0,0.0044,0.1126,Low Interest
418698,488775,10000,10000,9820.9,36,0.15,345.37,D,D3,9 years,MORTGAGE,50000,Source Verified,07-01-2009,Fully Paid,n,wedding,112xx,NY,12.72,0,06-01-1995,0,29,39,4,1,4456,0.226,10,f,0,0,12433.21,12156.93,10000,2433.21,0,0,0,07-01-2012,359.67,07-01-2012,2009,High Risk,Low Income,0,0.0069,0.1474,Low Interest
426858,504130,10000,10000,9950,36,0.12,331.64,B,B4,10+ years,RENT,90000,Verified,07-01-2009,Fully Paid,n,debt_consolidation,191xx,PA,13.95,0,11-01-1990,0,47,101,7,1,32678,0.758,18,f,0,0,11939.02,11879.32,10000,1939.02,0,0,0,08-01-2012,376.55,07-01-2012,2009,High Risk,Low Income,0,0.0037,0.1189,Low Interest
474569,600348,10000,10000,10000,36,0.14,343.06,C,C5,3 years,RENT,65000,Not Verified,01-01-2010,Fully Paid,n,debt_consolidation,113xx,NY,3.42,1,05-01-2000,0,23,6,13,1,10141,0.474,20,f,0,0,12351.19,12351.19,10000,2351.19,0,0,0,01-01-2013,377.69,02-01-2013,2010,High Risk,Low Income,0,0.0053,0.1426,Low Interest
477008,513538,10000,10000,10000,36,0.13,334.67,B,B5,3 years,MORTGAGE,60000,Not Verified,01-01-2010,Fully Paid,n,debt_consolidation,752xx,TX,14.36,0,05-01-1983,2,47,31,11,1,8892,0.255,38,f,0,0,10766.39,10766.39,10000,766.39,0,0,0,10-01-2010,8428.32,10-01-2010,2010,High Risk,Low Income,0,0.0056,0.1253,Low Interest
481715,612679,10000,10000,10000,36,0.16,350.11,D,D4,3 years,MORTGAGE,72900,Not Verified,02-01-2010,Fully Paid,n,major_purchase,201xx,VA,3.29,0,01-01-1991,0,64,13,7,4,4322,0.864,16,f,0,0,12571,12571,10000,2571,0,0,0,02-01-2013,239.91,05-01-2015,2010,High Risk,Low Income,0,0.0048,0.157,Low Interest
487071,620841,10000,10000,10000,36,0.13,339.25,C,C3,10+ years,RENT,41300,Not Verified,02-01-2010,Fully Paid,n,debt_consolidation,233xx,VA,13.8,0,12-01-1998,0,79,112,9,1,14246,0.742,16,f,0,0,11930.39,11930.39,10000,1930.39,0,0,0,03-01-2012,4146.92,05-01-2016,2010,High Risk,Low Income,0,0.0082,0.1348,Low Interest
490344,626076,10000,10000,9950,36,0.13,337.45,C,C2,10+ years,MORTGAGE,57600,Not Verified,03-01-2010,Fully Paid,n,educational,331xx,FL,10.83,0,01-01-1989,1,54,113,5,1,2341,0.15,13,f,0,0,10694.27,10640.8,10000,694.27,0,0,0,09-01-2011,72.64,09-01-2011,2010,High Risk,Low Income,0,0.0059,0.1311,Low Interest
492091,629192,10000,10000,9895.5,36,0.15,344.65,D,D1,9 years,RENT,22000,Source Verified,04-01-2010,Fully Paid,n,debt_consolidation,960xx,CA,9.44,0,01-01-1997,1,25,85,11,1,5616,0.429,19,f,0,0,12408.09,12261.72,10000,2408.09,0,0,0,05-01-2013,360.12,06-01-2013,2010,High Risk,Low Income,0,0.0157,0.1459,Low Interest
493442,631352,10000,10000,10000,36,0.15,348.29,D,D3,10+ years,MORTGAGE,68000,Not Verified,03-01-2010,Fully Paid,n,credit_card,829xx,WY,15.37,0,02-01-1997,0,37,112,6,1,7552,0.849,14,f,0,0,12525.69,12525.69,10000,2525.69,0,0,0,01-01-2013,1040.35,05-01-2016,2010,High Risk,Low Income,0,0.0051,0.1533,Low Interest
493816,631925,10000,10000,10000,36,0.15,344.65,D,D1,8 years,MORTGAGE,90305,Not Verified,03-01-2010,Charged Off,n,debt_consolidation,444xx,OH,9.51,0,05-01-1994,0,55,29,15,1,16026,0.473,25,f,0,0,9649.63,9649.63,7377.05,2259.15,0,13.43,0,07-01-2012,344.65,05-01-2016,2010,High Risk,Low Income,1,0.0038,0.1459,Low Interest
495322,634429,10000,10000,9800,36,0.15,348.29,D,D3,5 years,RENT,70000,Verified,03-01-2010,Fully Paid,n,credit_card,112xx,NY,9.27,1,07-01-1999,0,20,40,16,1,10060,0.524,34,f,0,0,12538.16,12287.4,10000,2538.16,0,0,0,04-01-2013,355.8,05-01-2016,2010,High Risk,Low Income,0,0.005,0.1533,Low Interest
495435,634604,10000,10000,10000,36,0.14,342.85,C,C5,9 years,MORTGAGE,56700,Not Verified,03-01-2010,Fully Paid,n,debt_consolidation,335xx,FL,13.9,1,10-01-1996,2,19,61,9,1,8063,0.947,16,f,0,0,11941.35,11941.35,10000,1941.35,0,0,0,02-01-2012,4755.92,05-01-2016,2010,High Risk,Low Income,0,0.006,0.1422,Low Interest
496031,635493,10000,10000,9990.8,36,0.13,335.67,C,C1,10+ years,MORTGAGE,56000,Not Verified,03-01-2010,Fully Paid,n,major_purchase,054xx,VT,1.67,0,09-01-1988,1,74,108,5,1,4432,0.583,12,f,0,0,12084.74,12072.29,10000,2084.74,0,0,0,04-01-2013,373.7,04-01-2016,2010,High Risk,Low Income,0,0.006,0.1273,Low Interest
500385,642645,10000,10000,9725,36,0.11,329.12,B,B5,10+ years,MORTGAGE,65000,Source Verified,04-01-2010,Fully Paid,n,credit_card,026xx,MA,21.19,0,08-01-1989,1,44,107,16,1,19249,0.613,32,f,0,0,11848.9,11523.05,10000,1848.9,0,0,0,04-01-2013,348.71,04-01-2013,2010,High Risk,Low Income,0,0.0051,0.1136,Low Interest
501793,645081,10000,10000,9483.9,36,0.1,323.85,B,B2,2 years,RENT,33500,Not Verified,04-01-2010,Fully Paid,n,debt_consolidation,349xx,FL,24.39,1,04-01-1989,0,22,105,6,1,7842,0.484,16,f,0,0,11511.42,10900.9,10000,1511.42,0,0,0,06-01-2012,3438.44,05-01-2016,2010,High Risk,Low Income,0,0.0097,0.1025,Low Interest
509140,657082,10000,10000,10000,36,0.1,322.11,B,B1,9 years,MORTGAGE,50000,Not Verified,04-01-2010,Fully Paid,n,debt_consolidation,433xx,OH,21.98,0,02-01-1993,0,28,116,12,1,6656,0.331,22,f,0,0,10668.52,10668.52,10000,668.52,0,0,0,02-01-2011,8094.07,02-01-2011,2010,High Risk,Low Income,0,0.0064,0.0988,Low Interest
538955,696042,10000,10000,10000,36,0.14,339.89,C,C2,10+ years,MORTGAGE,59650,Verified,07-01-2010,Fully Paid,n,debt_consolidation,984xx,WA,9.17,0,10-01-1995,0,41,109,4,1,5054,0.825,21,f,0,0,12215.95,12215.95,10000,2215.95,0,0,0,05-01-2013,940.67,04-01-2016,2010,High Risk,Low Income,0,0.0057,0.1361,Low Interest
562418,723717,10000,10000,10000,60,0.16,245.58,E,E1,9 years,MORTGAGE,45000,Verified,08-01-2010,Charged Off,n,debt_consolidation,550xx,MN,8.45,0,03-01-2000,1,55,111,14,1,4416,0.496,19,f,0,0,9071.08,9071.08,4769.87,3793.06,0,508.15,38.08,07-01-2013,245.58,12-01-2013,2010,High Risk,Low Income,1,0.0055,0.1645,Low Interest
579448,744980,10000,10000,10000,36,0.15,345.29,C,C5,10+ years,RENT,59000,Verified,09-01-2010,Fully Paid,n,debt_consolidation,114xx,NY,11.82,1,11-01-1989,3,23,90,12,1,6116,0.594,24,f,0,0,11761.54,11761.54,10000,1761.54,0,0,0,03-01-2012,5895.55,05-01-2014,2010,High Risk,Low Income,0,0.0059,0.1472,Low Interest
581266,747146,10000,10000,10000,36,0.15,345.29,C,C5,3 years,RENT,36000,Source Verified,09-01-2010,Fully Paid,n,debt_consolidation,446xx,OH,22.73,0,06-01-1997,0,70,101,7,1,10295,0.944,15,f,0,0,12248.22,12248.22,10000,2248.22,0,0,0,01-01-2013,3287.7,05-01-2016,2010,High Risk,Low Income,0,0.0096,0.1472,Low Interest
587924,755404,10000,10000,10000,36,0.12,331.48,B,B5,10+ years,MORTGAGE,77256,Verified,09-01-2010,Fully Paid,n,debt_consolidation,853xx,AZ,20.13,0,01-01-2001,0,29,113,11,1,12840,0.356,21,f,0,0,11934.04,11934.04,10000,1934.04,0,0,0,10-01-2013,363.51,10-01-2013,2010,High Risk,Low Income,0,0.0043,0.1186,Low Interest
589646,757456,10000,10000,10000,36,0.08,312.82,A,A5,10+ years,MORTGAGE,122400,Verified,10-01-2010,Fully Paid,n,car,925xx,CA,9.49,0,02-01-1990,1,78,74,9,1,22375,0.544,34,f,0,0,11205.56,11205.56,10000,1205.56,0,0,0,03-01-2013,2457.94,05-01-2016,2010,High Risk,Low Income,0,0.0026,0.0788,Low Interest
591048,759147,10000,10000,9975,60,0.18,255.57,F,F1,10+ years,OWN,48000,Not Verified,10-01-2010,Fully Paid,n,debt_consolidation,706xx,LA,19.23,1,11-01-1998,3,8,108,7,1,5444,0.939,17,f,0,0,15334.12,15295.78,10000,5334.12,0,0,0,10-01-2015,295.09,10-01-2015,2010,High Risk,Low Income,0,0.0053,0.183,Low Interest
591994,760342,10000,10000,10000,36,0.17,355.64,E,E2,< 1 year,RENT,62000,Source Verified,10-01-2010,Fully Paid,n,debt_consolidation,930xx,CA,15.81,0,02-01-1999,0,52,106,5,1,10536,0.958,17,f,0,0,10411.84,10411.84,10000,411.84,0,0,0,03-01-2011,8.8,02-01-2011,2010,High Risk,Low Income,0,0.0057,0.1682,Low Interest
622947,798378,10000,6950,6920.5,36,0.07,214.31,A,A5,2 years,MORTGAGE,62000,Not Verified,12-01-2010,Charged Off,n,credit_card,917xx,CA,3.91,1,12-01-1998,2,23,102,15,1,6001,0.435,32,f,0,0,1962.34,1949.9,1421.81,291.55,0,248.98,2.62,08-01-2011,214.31,01-01-2012,2010,High Risk,Low Income,1,0.0035,0.0691,Low Interest
641341,820949,10000,10000,10000,36,0.09,317.44,B,B1,8 years,MORTGAGE,81000,Source Verified,01-01-2011,Fully Paid,n,car,604xx,IL,0.55,0,05-01-2000,2,74,108,9,1,466,0.027,35,f,0,0,10580,10580,10000,580,0,0,0,10-01-2011,7565.7,10-01-2011,2011,High Risk,Low Income,0,0.0039,0.0888,Low Interest
646020,826566,10000,10000,10000,36,0.1,324.37,B,B5,10+ years,RENT,40000,Source Verified,01-01-2011,Charged Off,n,debt_consolidation,606xx,IL,16.17,0,05-01-1994,0,33,66,9,1,14555,0.904,20,f,0,0,3888.24,3888.24,2992.82,895.42,0,0,0,01-01-2012,324.37,05-01-2016,2011,High Risk,Low Income,1,0.0081,0.1036,Low Interest
654859,837447,10000,10000,10000,60,0.19,261.4,F,F4,7 years,MORTGAGE,65000,Not Verified,01-01-2011,Charged Off,n,debt_consolidation,923xx,CA,6.65,1,12-01-1998,2,16,92,5,1,1319,0.942,11,f,0,0,5401.34,5401.34,2114.46,3286.88,0,0,0,12-01-2012,305.8,05-01-2016,2011,High Risk,Low Income,1,0.004,0.1936,Low Interest
664374,849506,10000,10000,9950,36,0.11,326.16,B,B4,4 years,MORTGAGE,108000,Verified,02-01-2011,Fully Paid,n,wedding,303xx,GA,22.11,0,07-01-2000,0,65,116,4,1,1538,0.496,11,f,0,0,11053.31,10998.04,10000,1053.31,0,0,0,04-01-2012,6823.75,04-01-2012,2011,High Risk,Low Income,0,0.003,0.1074,Low Interest
671197,858092,10000,10000,9975,36,0.08,311.8,A,A5,10+ years,OWN,64000,Verified,02-01-2011,Fully Paid,n,debt_consolidation,432xx,OH,18.19,1,03-01-1992,1,20,107,7,1,708,0.103,18,f,0,0,11075.1,11047.41,10000,1075.1,0,0,0,02-01-2013,3936.61,05-01-2016,2011,High Risk,Low Income,0,0.0049,0.0766,Low Interest
674647,862289,10000,10000,10000,36,0.1,324.42,B,B3,< 1 year,MORTGAGE,110000,Source Verified,02-01-2011,Fully Paid,n,credit_card,480xx,MI,5.73,0,10-01-1996,0,74,111,8,1,12995,0.797,21,f,0,0,11678.78,11678.78,10000,1678.78,0,0,0,03-01-2014,332.43,03-01-2014,2011,High Risk,Low Income,0,0.0029,0.1037,Low Interest
714707,908159,10000,10000,4350,60,0.15,239.38,D,D3,10+ years,MORTGAGE,60000,Verified,03-01-2011,Charged Off,n,major_purchase,405xx,KY,8.38,1,03-01-1995,1,6,115,6,1,1584,0.152,19,f,0,0,10053.96,4363.62,6161.06,3874.88,0,18.02,0,10-01-2014,239.38,05-01-2016,2011,High Risk,Low Income,1,0.004,0.1528,Low Interest
746973,945795,10000,10000,10000,36,0.14,341.73,C,C3,10+ years,MORTGAGE,55000,Source Verified,05-01-2011,Fully Paid,n,debt_consolidation,436xx,OH,16.49,1,12-01-1994,2,12,119,18,1,9678,0.605,26,f,0,0,12302.18,12302.18,10000,2302.18,0,0,0,06-01-2014,361.11,05-01-2016,2011,High Risk,Low Income,0,0.0062,0.1399,Low Interest
752015,951544,10000,10000,10000,36,0.07,311.02,A,A4,1 year,MORTGAGE,96000,Not Verified,05-01-2011,Fully Paid,n,home_improvement,349xx,FL,5.47,0,01-01-2002,0,73,116,7,1,3786,0.126,12,f,0,0,11169.23,11169.23,10000,1169.23,0,0,0,06-01-2014,101.67,06-01-2014,2011,High Risk,Low Income,0,0.0032,0.0749,Low Interest
755020,954788,10000,10000,10000,36,0.08,315.63,A,A5,5 years,MORTGAGE,84000,Source Verified,05-01-2011,Fully Paid,n,home_improvement,174xx,PA,0.71,0,11-01-1996,0,65,112,5,1,2652,0.152,13,f,0,0,11362.64,11362.64,10000,1362.64,0,0,0,06-01-2014,353.22,05-01-2016,2011,High Risk,Low Income,0,0.0038,0.0849,Low Interest
759192,959422,10000,10000,10000,36,0.17,355.99,D,D4,10+ years,MORTGAGE,56000,Source Verified,05-01-2011,Charged Off,n,debt_consolidation,883xx,NM,12.73,2,09-01-1998,2,19,118,20,1,7472,0.639,40,f,0,0,4983.08,4983.08,3292.84,1672.4,0,17.84,0,08-01-2012,355.99,05-01-2016,2011,High Risk,Low Income,1,0.0064,0.1689,Low Interest
778050,980584,10000,10000,9975,36,0.13,339.31,C,C2,10+ years,MORTGAGE,170000,Verified,06-01-2011,Fully Paid,n,home_improvement,483xx,MI,14.94,0,09-01-1994,0,82,107,18,1,19889,0.605,45,f,0,0,11609.89,11580.86,10000,1609.89,0,0,0,12-01-2012,5864.32,05-01-2016,2011,High Risk,Low Income,0,0.002,0.1349,Low Interest
804490,1010376,10000,10000,10000,36,0.17,355.99,D,D4,10+ years,RENT,40000,Source Verified,07-01-2011,Fully Paid,n,home_improvement,112xx,NY,8.67,1,01-01-2002,3,9,113,9,1,5960,0.568,24,f,0,0,12815.18,12815.18,10000,2815.18,0,0,0,07-01-2014,384.65,04-01-2016,2011,High Risk,Low Income,0,0.0089,0.1689,Low Interest
810756,1017709,10000,10000,10000,36,0.2,370.06,E,E5,10+ years,RENT,96000,Source Verified,07-01-2011,Fully Paid,n,small_business,900xx,CA,5.26,1,12-01-2001,0,20,98,3,1,3240,0.926,15,f,0,0,13508.41,13508.41,10000,3508.41,0,0,0,09-01-2014,198.69,04-01-2016,2011,High Risk,Low Income,0,0.0039,0.1969,Low Interest
815522,1023191,10000,10000,10000,36,0.11,327.34,B,B3,4 years,MORTGAGE,78096,Verified,07-01-2011,Fully Paid,n,debt_consolidation,986xx,WA,15.03,0,07-01-1996,0,48,98,12,1,10365,0.843,41,f,0,0,11443.5,11443.5,10000,1443.5,0,0,0,05-01-2013,4920.46,05-01-2016,2011,High Risk,Low Income,0,0.0042,0.1099,Low Interest
844784,1055851,10000,10000,9975,60,0.14,232.64,C,C3,10+ years,RENT,80004,Source Verified,08-01-2011,Charged Off,n,other,606xx,IL,6.33,0,06-01-2001,2,24,33,5,1,2232,0.328,14,f,0,0,4628.36,4616.8,2304.13,1873.67,0,450.56,4.14,02-01-2013,232.64,07-01-2013,2011,High Risk,Low Income,1,0.0029,0.1399,Low Interest
861878,1074798,10000,10000,10000,36,0.08,315.63,A,A5,10+ years,RENT,38400,Not Verified,08-01-2011,Charged Off,n,debt_consolidation,910xx,CA,14.19,1,09-01-1995,0,23,90,7,1,15721,0.469,14,f,0,0,8522.01,8522.01,7245.81,1262.7,0,13.5,0,12-01-2013,315.63,05-01-2016,2011,High Risk,Low Income,1,0.0082,0.0849,Low Interest
867595,1081266,10000,10000,9975,36,0.16,351.53,D,D2,1 year,RENT,72000,Not Verified,09-01-2011,Fully Paid,n,debt_consolidation,112xx,NY,6.53,0,03-01-2003,2,70,108,8,1,10310,0.697,14,f,0,0,12654.67,12623.03,10000,2654.67,0,0,0,09-01-2014,384.55,12-01-2015,2011,High Risk,Low Income,0,0.0049,0.1599,Low Interest
876722,1091380,10000,10000,10000,36,0.14,341.73,C,C3,10+ years,MORTGAGE,62000,Verified,09-01-2011,Fully Paid,n,debt_consolidation,088xx,NJ,11.19,2,03-01-1996,2,20,77,11,1,6243,0.459,23,f,0,0,11909.1,11909.1,10000,1909.1,0,0,0,07-01-2013,4746.1,05-01-2016,2011,High Risk,Low Income,0,0.0055,0.1399,Low Interest
888725,1105184,10000,10000,10000,36,0.11,325.74,B,B2,10+ years,RENT,96000,Source Verified,09-01-2011,Fully Paid,n,vacation,958xx,CA,4.79,0,06-01-1991,2,28,94,12,1,377,0.033,28,f,0,0,11726.31,11726.31,10000,1726.31,0,0,0,10-01-2014,345.66,10-01-2014,2011,High Risk,Low Income,0,0.0034,0.1065,Low Interest
999176,1224531,10000,10000,9750,36,0.09,317.54,A,A5,7 years,MORTGAGE,48000,Not Verified,10-01-2011,Fully Paid,n,debt_consolidation,153xx,PA,16.38,0,01-01-1999,0,62,113,10,1,4886,0.264,28,f,0,0,11164.54,10885.43,10000,1164.54,0,0,0,08-01-2013,5137.72,03-01-2014,2011,High Risk,Low Income,0,0.0066,0.089,Low Interest
1012242,1239357,10000,10000,10000,60,0.17,249.98,D,D3,5 years,MORTGAGE,46500,Verified,11-01-2011,Fully Paid,n,debt_consolidation,852xx,AZ,14.71,0,02-01-1992,1,49,113,11,1,18081,0.757,17,f,0,0,12562.66,12562.66,10000,2562.66,0,0,0,07-01-2013,7824.34,07-01-2013,2011,High Risk,Low Income,0,0.0054,0.1727,Low Interest
1030280,1259686,10000,10000,9950,36,0.13,335.45,B,B5,10+ years,RENT,62000,Source Verified,11-01-2011,Charged Off,n,small_business,600xx,IL,10.35,0,02-01-1979,1,44,93,10,1,7470,0.655,22,f,0,0,9748.35,9699.67,6576.59,1771.76,0,1400,245,07-01-2014,316.66,05-01-2016,2011,High Risk,Low Income,1,0.0054,0.1269,Low Interest
1051000,1282460,10000,10000,10000,36,0.13,335.45,B,B5,10+ years,MORTGAGE,200000,Source Verified,12-01-2011,Fully Paid,n,debt_consolidation,802xx,CO,18.88,0,09-01-1976,1,57,110,16,1,84099,0.856,46,f,0,0,12024.21,12024.21,10000,2024.21,0,0,0,07-01-2014,1976.8,05-01-2016,2011,High Risk,Low Income,0,0.0017,0.1269,Low Interest
246276,246273,10100,10100,6425,36,0.14,343,D,D4,< 1 year,RENT,29136,Not Verified,02-01-2008,Charged Off,n,debt_consolidation,891xx,NV,15.82,0,05-01-1998,1,0,89,9,1,18485,0.653,20,f,0,0,1452.19,922.67,692.46,333.3,0,426.43,4.16,05-01-2008,343,01-01-2009,2008,High Risk,Low Income,1,0.0118,0.1355,Low Interest
242260,230210,10150,10150,3500,36,0.12,336.98,C,C4,< 1 year,MORTGAGE,90096,Not Verified,02-01-2008,Fully Paid,n,debt_consolidation,076xx,NJ,6.61,0,11-01-1981,0,49,68,8,1,14081,0.737,17,f,0,0,12186.32,4202.35,10150,1920.22,116.1,0,0,08-01-2010,2638.19,02-01-2013,2008,High Risk,Low Income,0,0.0037,0.1197,Low Interest
738212,935549,10200,10200,10200,60,0.14,238.24,C,C5,10+ years,MORTGAGE,60000,Source Verified,05-01-2011,Fully Paid,n,debt_consolidation,908xx,CA,20.36,0,06-01-1992,1,30,96,7,1,2772,0.355,34,f,0,0,14309.07,14309.07,10200,4094.07,15,0,0,05-01-2016,237.91,05-01-2016,2011,High Risk,Low Income,0,0.004,0.1417,Low Interest
130735,130725,10250,10250,925,36,0.14,352.22,E,E4,4 years,RENT,72000,Not Verified,10-01-2007,Fully Paid,n,debt_consolidation,331xx,FL,17.83,0,03-01-2004,1,0,0,28,0,3815,0.065,32,f,0,0,11444.37,1032.78,10250,1194.37,0,0,0,09-01-2008,7924.41,08-01-2008,2007,High Risk,Low Income,0,0.0049,0.1438,Low Interest
784806,988053,10300,10300,10300,36,0.11,335.22,B,B2,3 years,RENT,45000,Source Verified,06-01-2011,Fully Paid,n,other,721xx,AR,10.03,0,02-01-1999,1,72,44,6,1,2639,0.614,10,f,0,0,10737.84,10737.84,10300,437.84,0,0,0,03-01-2012,3906.96,02-01-2012,2011,High Risk,Low Income,0,0.0074,0.1059,Low Interest
243046,241583,10325,10325,5650,36,0.13,347.5,D,D2,10+ years,RENT,70000,Not Verified,02-01-2008,Charged Off,n,debt_consolidation,957xx,CA,9.05,0,08-01-1995,3,0,0,7,0,16264,0.906,17,f,0,0,6596.41,3608.29,4948.62,1647.79,0,0,0,09-01-2009,347.5,05-01-2016,2008,High Risk,Low Income,1,0.005,0.1292,Low Interest
243622,243616,10400,10400,5311,36,0.11,339.06,B,B5,3 years,RENT,31400,Not Verified,02-01-2008,Fully Paid,n,debt_consolidation,926xx,CA,4.74,0,07-01-2004,0,0,0,5,0,6206,0.353,6,f,0,0,12223.18,6188.04,10399.98,1806.25,16.95,0,0,02-01-2011,349.31,11-01-2013,2008,High Risk,Low Income,0,0.0108,0.1071,Low Interest
989786,1213555,10400,10400,10375,60,0.19,269.96,E,E2,5 years,RENT,27600,Verified,10-01-2011,Charged Off,n,car,450xx,OH,10.74,1,06-01-2003,0,21,21,13,1,2998,0.428,15,f,0,0,4543.43,4532.57,1749.27,2298.66,0,495.5,4.49,03-01-2013,31.9,07-01-2013,2011,High Risk,Low Income,1,0.0098,0.1903,Low Interest
242333,242302,10425,10425,1700,36,0.09,333.7,B,B1,4 years,OWN,60000,Not Verified,02-01-2008,Charged Off,n,other,190xx,PA,6.02,0,04-01-1978,0,31,0,18,0,426,0.007,26,f,0,0,7124.59,1160.37,4073.37,1030.07,33.32,1987.83,653.11,12-01-2009,444.85,01-01-2011,2008,High Risk,Low Income,1,0.0056,0.0945,Low Interest
239761,239710,10500,10500,10025,36,0.08,327.83,A,A3,< 1 year,MORTGAGE,57400,Not Verified,02-01-2008,Fully Paid,n,credit_card,750xx,TX,12.86,0,01-01-1993,0,0,0,20,0,14377,0.102,38,f,0,0,11801.65,11267.76,10500,1301.65,0,0,0,02-01-2011,331.69,05-01-2015,2008,High Risk,Low Income,0,0.0057,0.0775,Low Interest
364773,375352,10500,10000,4049.4,36,0.12,332.58,C,C2,< 1 year,MORTGAGE,74500,Not Verified,12-01-2008,Fully Paid,n,debt_consolidation,809xx,CO,19.01,0,07-01-1996,0,55,105,14,1,16390,0.896,22,f,0,0,11584.42,4690.86,10000,1584.42,0,0,0,10-01-2010,2857.28,08-01-2013,2008,High Risk,Low Income,0,0.0045,0.1209,Low Interest
604728,775790,10500,10500,10291.1,36,0.1,340.59,B,B5,< 1 year,RENT,44640,Not Verified,10-01-2010,Fully Paid,n,debt_consolidation,913xx,CA,15,0,01-01-2003,0,59,35,5,2,9275,0.569,14,f,0,0,12133.25,11858.97,10500,1633.25,0,0,0,02-01-2013,3280.77,01-01-2015,2010,High Risk,Low Income,0,0.0076,0.1036,Low Interest
682212,871346,10575,10575,10575,60,0.14,247,C,C5,1 year,MORTGAGE,28000,Not Verified,04-01-2011,Fully Paid,n,small_business,439xx,OH,22.24,0,02-01-1995,1,80,110,8,1,457,0.305,16,f,0,0,13692.37,13692.37,10575,3117.37,0,0,0,11-01-2013,6300.47,12-01-2013,2011,High Risk,Low Income,0,0.0088,0.1417,Low Interest
266963,266165,10600,10600,2975,36,0.12,351.92,C,C4,6 years,RENT,39048,Not Verified,03-01-2008,Charged Off,n,debt_consolidation,750xx,TX,14.9,0,01-01-2001,0,0,0,4,0,7583,0.807,4,f,0,0,7374.76,2068.95,5460.6,1683.05,0,231.11,2.57,12-01-2009,387.43,05-01-2010,2008,High Risk,Low Income,1,0.009,0.1197,Low Interest
66749,246329,10625,10625,5325.2,36,0.13,360.43,C,C4,10+ years,MORTGAGE,34000,Not Verified,12-01-2008,Fully Paid,n,debt_consolidation,386xx,MS,22.09,0,07-01-1990,2,57,85,5,1,13846,0.71,16,f,0,0,12975.36,6107.41,10625,2350.36,0,0,0,01-01-2012,370.44,12-01-2011,2008,High Risk,Low Income,0,0.0106,0.1347,Low Interest
818392,1026320,10625,10625,10625,36,0.12,352.86,B,B5,2 years,MORTGAGE,32400,Verified,07-01-2011,Fully Paid,n,small_business,802xx,CO,3.67,0,04-01-2000,0,56,90,5,1,3939,0.716,15,f,0,0,12550.05,12550.05,10625,1925.05,0,0,0,11-01-2013,3376.9,11-01-2013,2011,High Risk,Low Income,0,0.0109,0.1199,Low Interest
982007,1205193,10625,10625,10625,36,0.12,355.04,B,B4,10+ years,MORTGAGE,57600,Not Verified,10-01-2011,Fully Paid,n,debt_consolidation,606xx,IL,15.06,0,11-01-1982,1,48,85,11,1,9292,0.574,29,f,0,0,12781.32,12781.32,10625,2156.32,0,0,0,11-01-2014,364.54,11-01-2014,2011,High Risk,Low Income,0,0.0062,0.1242,Low Interest
227383,227145,10800,10800,2050,36,0.08,337.19,A,A3,3 years,RENT,24000,Not Verified,01-01-2008,Fully Paid,n,small_business,972xx,OR,10.1,0,04-01-1993,1,0,0,5,0,1458,0.18,27,f,0,0,12202.11,2316.14,10800,1402.11,0,0,0,02-01-2011,404.57,01-01-2011,2008,High Risk,Low Income,0,0.014,0.0775,Low Interest
252482,252463,10800,10800,2900,36,0.1,347.27,B,B2,4 years,RENT,82600,Not Verified,02-01-2008,Fully Paid,n,educational,900xx,CA,11.89,0,05-01-1984,1,41,108,15,1,8866,0.243,31,f,0,0,12135.64,3258.64,10800,1335.64,0,0,0,10-01-2009,5541.74,11-01-2013,2008,High Risk,Low Income,0,0.0042,0.0976,Low Interest
430091,509872,10800,10800,8375,36,0.13,363.08,C,C2,5 years,MORTGAGE,48000,Verified,08-01-2009,Fully Paid,n,credit_card,219xx,MD,22.45,0,01-01-1987,0,68,68,8,1,15260,0.779,16,f,0,0,13070.88,9846.91,10800,2270.88,0,0,0,08-01-2012,367.58,08-01-2012,2009,High Risk,Low Income,0,0.0076,0.1284,Low Interest
626373,802689,10800,10800,10775,36,0.12,359.91,C,C1,2 years,RENT,33000,Source Verified,12-01-2010,Charged Off,n,debt_consolidation,921xx,CA,16.4,1,12-01-1997,0,23,46,12,1,6557,0.776,19,f,0,0,5758.17,5744.86,4307.94,1437.18,0,13.05,0,04-01-2012,359.91,05-01-2016,2010,High Risk,Low Income,1,0.0109,0.1223,Low Interest
645000,825342,10800,10800,10800,36,0.09,342.84,B,B1,2 years,RENT,55000,Not Verified,01-01-2011,Fully Paid,n,debt_consolidation,947xx,CA,3.56,0,10-01-1995,4,65,97,10,1,6365,0.305,27,f,0,0,12343.24,12343.24,10800,1543.24,0,0,0,01-01-2014,371.11,07-01-2015,2011,High Risk,Low Income,0,0.0062,0.0888,Low Interest
703073,894985,10800,10800,10750,60,0.15,258.53,D,D3,10+ years,MORTGAGE,41600,Verified,03-01-2011,Fully Paid,n,debt_consolidation,237xx,VA,15,0,10-01-1994,1,25,117,12,1,7044,0.592,27,f,0,0,15511.03,15439.22,10800,4711.03,0,0,0,04-01-2016,257.76,04-01-2016,2011,High Risk,Low Income,0,0.0062,0.1528,Low Interest
733448,929814,10800,10800,10800,36,0.14,369.07,C,C3,2 years,RENT,48000,Source Verified,06-01-2011,Charged Off,n,debt_consolidation,968xx,HI,9.03,2,05-01-1985,1,10,38,6,1,4767,0.563,16,f,0,0,11025.07,11025.07,8474.29,2227.99,0,322.79,3.23,11-01-2013,27.26,03-01-2014,2011,High Risk,Low Income,1,0.0077,0.1399,Low Interest
749907,949188,10800,10800,10800,36,0.16,379.65,D,D2,3 years,RENT,54000,Not Verified,05-01-2011,Charged Off,n,debt_consolidation,940xx,CA,17.42,0,12-01-2001,0,77,116,9,1,8593,0.966,14,f,0,0,5383.31,5383.31,3310.9,1613.31,18.97,440.13,4.32,06-01-2012,778.28,11-01-2012,2011,High Risk,Low Income,1,0.007,0.1599,Low Interest
196380,188466,11000,11000,1775,36,0.08,345.06,A,A4,10+ years,RENT,62000,Not Verified,01-01-2008,Fully Paid,n,car,908xx,CA,14.07,0,06-01-1986,0,0,0,14,0,33060,0.217,23,f,0,0,12246.56,1976.15,11000,1246.56,0,0,0,02-01-2010,9.87,02-01-2010,2008,High Risk,Low Income,0,0.0056,0.0807,Low Interest
218282,216136,11000,11000,725,36,0.13,370.59,D,D3,1 year,MORTGAGE,52500,Not Verified,01-01-2008,Charged Off,n,debt_consolidation,483xx,MI,17.94,0,01-01-1999,2,0,0,14,0,17771,0.521,20,f,0,0,3704.86,243.7,2640.53,1064.33,0,0,0,12-01-2008,370.59,05-01-2016,2008,High Risk,Low Income,1,0.0071,0.1299,Low Interest
256406,256304,11000,11000,2225,36,0.11,358.62,B,B5,< 1 year,RENT,60000,Not Verified,02-01-2008,Fully Paid,n,other,100xx,NY,0.4,0,09-01-2003,2,0,0,5,0,2217,0.284,5,f,0,0,11467.45,2319.56,11000,467.45,0,0,0,07-01-2008,10033.69,07-01-2009,2008,High Risk,Low Income,0,0.006,0.1071,Low Interest
264886,261921,11000,11000,2091.8,36,0.14,375.26,D,D5,2 years,OWN,50004,Not Verified,02-01-2008,Fully Paid,n,debt_consolidation,130xx,NY,20.93,0,09-01-2001,0,0,0,14,0,17436,0.932,20,f,0,0,13509.35,2565.77,11000,2509.35,0,0,0,03-01-2011,380.46,04-01-2016,2008,High Risk,Low Income,0,0.0075,0.1387,Low Interest
265115,264135,11000,11000,1800,36,0.11,360.29,C,C1,< 1 year,OWN,20400,Not Verified,03-01-2008,Charged Off,n,debt_consolidation,746xx,OK,6.82,0,12-01-2003,2,0,0,5,0,3041,0.845,7,f,0,0,3598.6,585.9,2698.47,900.13,0,0,0,01-01-2009,360.29,05-01-2016,2008,High Risk,Low Income,1,0.0177,0.1103,Low Interest
269571,267049,11000,11000,2178.1,36,0.11,361.9,C,C2,2 years,RENT,52000,Not Verified,03-01-2008,Fully Paid,n,debt_consolidation,100xx,NY,9.39,0,10-01-2000,0,0,61,10,1,12678,0.436,14,f,0,0,12978.26,2569.33,11000,1978.26,0,0,0,11-01-2010,8.05,11-01-2010,2008,High Risk,Low Income,0,0.007,0.1134,Low Interest
271434,267196,11000,11000,4403.8,36,0.12,365.2,C,C4,< 1 year,RENT,36000,Not Verified,03-01-2008,Fully Paid,n,other,112xx,NY,15.83,0,02-01-1996,1,0,0,13,0,23253,0.72,16,f,0,0,13147.21,5140.2,11000,2147.21,0,0,0,03-01-2011,365.2,03-01-2011,2008,High Risk,Low Income,0,0.0101,0.1197,Low Interest
276979,276369,11000,11000,4719.3,36,0.1,353.71,B,B2,2 years,RENT,83604,Not Verified,03-01-2008,Fully Paid,n,other,100xx,NY,5.88,1,11-01-1995,0,18,0,5,0,15342,0.5,8,f,0,0,12733.18,5307.44,11000,1733.18,0,0,0,03-01-2011,363.48,03-01-2011,2008,High Risk,Low Income,0,0.0042,0.0976,Low Interest
368168,382353,11000,11000,6557.1,36,0.13,368.13,C,C1,10+ years,RENT,80004,Verified,12-01-2008,Fully Paid,n,other,916xx,CA,1.62,0,01-01-2001,0,41,25,7,1,4526,0.206,27,f,0,0,13252.6,7607.1,11000,2252.6,0,0,0,01-01-2012,375.95,12-01-2011,2008,High Risk,Low Income,0,0.0046,0.1253,Low Interest
416212,412880,11000,11000,10925,36,0.12,364.48,B,B3,10+ years,MORTGAGE,135000,Verified,10-01-2009,Fully Paid,n,other,970xx,OR,19.67,0,07-01-1978,0,62,96,18,1,32818,0.871,37,f,0,0,13312.26,13221.49,11000,2312.26,0,0,0,11-01-2012,211.31,05-01-2016,2009,High Risk,Low Income,0,0.0027,0.1183,Low Interest
506898,653637,11000,11000,11000,36,0.15,383.12,D,D3,10+ years,RENT,47000,Verified,04-01-2010,Fully Paid,n,debt_consolidation,925xx,CA,24.95,1,11-01-1991,0,2,86,3,1,6067,0.963,11,f,0,0,12849.02,12849.02,11000,1849.02,0,0,0,02-01-2012,192.79,04-01-2012,2010,High Risk,Low Income,0,0.0082,0.1533,Low Interest
592473,760925,11000,11000,11000,36,0.14,373.88,C,C2,5 years,OWN,100000,Verified,10-01-2010,Charged Off,n,debt_consolidation,945xx,CA,3.08,0,07-01-1995,0,66,89,5,1,10424,0.79,17,f,0,0,2241.97,2241.97,1529.57,701.77,0,10.63,4.17,04-01-2011,373.88,05-01-2016,2010,High Risk,Low Income,1,0.0037,0.1361,Low Interest
612978,785956,11000,11000,10850,36,0.09,351.08,B,B2,1 year,MORTGAGE,74256,Not Verified,11-01-2010,Fully Paid,n,debt_consolidation,729xx,AR,16.87,1,06-01-1994,1,6,106,11,1,10810,0.382,27,f,0,0,12365.99,12197.36,11000,1365.99,0,0,0,09-01-2012,5016.68,05-01-2016,2010,High Risk,Low Income,0,0.0047,0.0925,Low Interest
774938,977154,11000,11000,11000,60,0.22,302.69,F,F2,10+ years,MORTGAGE,74000,Verified,06-01-2011,Fully Paid,n,other,287xx,NC,18.7,0,09-01-1995,1,40,107,13,1,6966,0.704,27,f,0,0,18024.27,18024.27,11000,7024.27,0,0,0,12-01-2015,2284.39,05-01-2016,2011,High Risk,Low Income,0,0.0041,0.2182,Low Interest
949793,1142796,11000,11000,11000,36,0.17,390.93,D,D2,3 years,MORTGAGE,58000,Source Verified,09-01-2011,Fully Paid,n,home_improvement,750xx,TX,14.86,1,08-01-1994,0,17,58,11,1,2632,0.516,19,f,0,0,14043.23,14043.23,11000,3043.23,0,0,0,07-01-2014,1545.92,05-01-2016,2011,High Risk,Low Income,0,0.0067,0.1677,Low Interest
968366,1189325,11000,11000,10575,36,0.11,358.31,B,B2,10+ years,MORTGAGE,82500,Verified,10-01-2011,Fully Paid,n,debt_consolidation,935xx,CA,15.19,0,11-01-2003,0,45,88,13,1,7752,0.446,23,f,0,0,12331.2,11854.77,11000,1331.2,0,0,0,03-01-2013,6614.28,03-01-2014,2011,High Risk,Low Income,0,0.0043,0.1065,Low Interest
989417,1213373,11000,11000,11000,36,0.11,358.31,B,B2,10+ years,MORTGAGE,30000,Not Verified,10-01-2011,Fully Paid,n,debt_consolidation,489xx,MI,13.8,0,01-01-1999,0,38,62,11,1,10383,0.431,19,f,0,0,12898.97,12898.97,11000,1898.97,0,0,0,11-01-2014,369.16,02-01-2016,2011,High Risk,Low Income,0,0.0119,0.1065,Low Interest
202712,202709,11200,11200,700.1,36,0.11,365.51,C,C1,< 1 year,RENT,60000,Not Verified,01-01-2008,Fully Paid,n,debt_consolidation,531xx,WI,14.26,0,06-01-1989,0,62,0,9,0,7973,0.896,33,f,0,0,13158.27,801.85,11200,1958.27,0,0,0,01-01-2011,370.09,01-01-2011,2008,High Risk,Low Income,0,0.0061,0.1078,Low Interest
216940,216937,11200,11200,1149.4,36,0.12,372.22,C,C5,< 1 year,RENT,45000,Not Verified,01-01-2008,Fully Paid,n,debt_consolidation,601xx,IL,21.33,0,02-01-1995,1,0,0,7,0,17850,0.663,36,f,0,0,13399.67,1262.28,11200,2199.67,0,0,0,01-01-2011,373.21,05-01-2016,2008,High Risk,Low Income,0,0.0083,0.1204,Low Interest
226780,226351,11200,11200,1257.5,36,0.11,365.51,C,C1,10+ years,MORTGAGE,80000,Not Verified,01-01-2008,Charged Off,n,small_business,921xx,CA,7.56,1,05-01-1994,1,18,0,4,0,18316,0.81,14,f,0,0,4785.98,543.05,3381.47,1349.7,54.8,0,0,06-01-2009,400.22,05-01-2016,2008,High Risk,Low Income,1,0.0046,0.1078,Low Interest
513889,664078,11200,11200,11100,36,0.11,368.61,B,B5,10+ years,RENT,71000,Not Verified,05-01-2010,Fully Paid,n,debt_consolidation,940xx,CA,13.08,0,02-01-1998,0,52,110,10,1,7232,0.528,25,f,0,0,13275.17,13156.64,11200,2075.17,0,0,0,05-01-2013,397.06,05-01-2016,2010,High Risk,Low Income,0,0.0052,0.1136,Low Interest
812407,1019563,11200,11200,11200,60,0.22,307.68,F,F5,10+ years,RENT,67000,Source Verified,07-01-2011,Charged Off,n,debt_consolidation,100xx,NY,6.3,1,08-01-1995,2,17,85,12,1,7952,0.396,25,f,0,0,815.31,815.31,210.87,402.83,0,201.61,70.86,09-01-2011,307.68,05-01-2016,2011,High Risk,Low Income,1,0.0046,0.2174,Low Interest
232947,225341,11225,11225,882.1,36,0.14,381.58,D,D5,10+ years,MORTGAGE,30000,Not Verified,01-01-2008,Fully Paid,n,debt_consolidation,023xx,MA,19.52,0,12-01-1995,0,35,0,5,0,16670,0.717,25,f,0,0,13732.4,1077.86,11225,2507.4,0,0,0,01-01-2011,764.96,01-01-2011,2008,High Risk,Low Income,0,0.0127,0.1362,Low Interest
278018,277969,11225,11225,4050,36,0.13,377.79,D,D2,10+ years,MORTGAGE,31356,Not Verified,03-01-2008,Charged Off,n,debt_consolidation,841xx,UT,23.31,0,10-01-1997,1,56,0,10,0,8837,0.526,19,f,0,0,13192.1,4754.51,5153.57,1933.12,37.75,6067.65,1879.4,01-01-2010,431.5,05-01-2016,2008,High Risk,Low Income,1,0.012,0.1292,Low Interest
167846,166657,11300,11300,1475,36,0.12,376.24,D,D2,8 years,RENT,33600,Not Verified,12-01-2007,Fully Paid,n,debt_consolidation,473xx,IN,23.96,0,08-01-1999,1,0,0,9,0,12102,0.49,15,f,0,0,13441,1754.47,11300,2141,0,0,0,06-01-2010,7.17,06-01-2010,2007,High Risk,Low Income,0,0.0112,0.1217,Low Interest
204576,204491,11500,11500,1025,36,0.08,362.39,A,A5,4 years,MORTGAGE,107000,Not Verified,01-01-2008,Fully Paid,n,credit_card,787xx,TX,8.16,0,02-01-1992,1,0,0,12,0,18314,0.506,32,f,0,0,11809.38,1052.59,11500,309.38,0,0,0,05-01-2008,10723.02,12-01-2007,2008,High Risk,Low Income,0,0.0034,0.0838,Low Interest
803924,1009735,11500,11500,11500,36,0.1,371.02,B,B1,< 1 year,MORTGAGE,28800,Source Verified,07-01-2011,Charged Off,n,debt_consolidation,851xx,AZ,18.08,0,11-01-1998,0,73,117,12,1,2903,0.215,25,f,0,0,5266.51,5266.51,3753.77,1057.66,0,455.08,4.52,09-01-2012,371.02,02-01-2013,2011,High Risk,Low Income,1,0.0129,0.0999,Low Interest
793421,982659,11750,11750,11725,60,0.18,298.31,E,E1,9 years,RENT,33523,Verified,06-01-2011,Current,n,major_purchase,120xx,NY,23.73,1,06-01-1989,3,21,38,10,1,5171,0.623,35,f,594,593,17280.9,17244.23,11155.75,6125.15,0,0,0,05-01-2016,298.31,04-01-2016,2011,High Risk,Low Income,0,0.0089,0.1799,Low Interest
256019,252221,11800,11800,4525,36,0.09,373.21,A,A5,10+ years,OWN,60000,Not Verified,02-01-2008,Fully Paid,n,debt_consolidation,080xx,NJ,7.8,0,10-01-1998,3,0,0,6,0,3282,0.326,11,f,0,0,13361.99,5124.02,11800,1561.99,0,0,0,07-01-2010,2915.47,08-01-2010,2008,High Risk,Low Income,0,0.0062,0.0863,Low Interest
111307,105982,12000,12000,2500,36,0.12,401.37,D,D3,9 years,OWN,75000,Not Verified,08-01-2007,Fully Paid,n,credit_card,334xx,FL,15,0,04-01-1995,3,78,0,9,0,43039,0.934,24,f,0,0,14449.29,3010.27,12000,2449.29,0,0,0,07-01-2010,402.93,07-01-2010,2007,High Risk,Low Income,0,0.0054,0.1249,Low Interest
112216,106279,12000,12000,1025,36,0.12,397.75,D,D1,1 year,RENT,65000,Not Verified,08-01-2007,Fully Paid,n,debt_consolidation,112xx,NY,7.14,2,08-01-1983,0,2,0,6,0,11868,0.719,23,f,0,0,14361.46,1226.71,12000,2341.57,19.89,0,0,03-01-2011,239.9,03-01-2011,2007,High Risk,Low Income,0,0.0061,0.1186,Low Interest
139980,139977,12000,5000,1400,36,0.11,163.49,C,C3,1 year,MORTGAGE,39000,Not Verified,10-01-2007,Charged Off,n,other,300xx,GA,11.78,0,05-01-1994,0,62,76,6,1,5406,0.334,14,f,0,0,4820.71,1347.19,3891.56,844.02,29.97,55.16,0.7,03-01-2010,163.49,08-01-2010,2007,High Risk,Low Income,1,0.0042,0.1091,Low Interest
153434,153428,12000,12000,724.6,36,0.11,392.36,C,C3,< 1 year,RENT,35000,Not Verified,11-01-2007,Fully Paid,n,debt_consolidation,021xx,MA,15.74,0,09-01-2003,2,0,0,10,0,15649,0.545,23,f,0,0,14204.69,809.83,11999.99,2165.46,39.24,0,0,11-01-2010,306.13,08-01-2011,2007,High Risk,Low Income,0,0.0112,0.1091,Low Interest
159468,154318,12000,12000,1900,36,0.12,397.77,D,D1,2 years,MORTGAGE,150000,Not Verified,12-01-2007,Fully Paid,n,debt_consolidation,079xx,NJ,20.48,0,09-01-1995,1,0,0,16,0,66654,0.516,34,f,0,0,13399.13,2121.53,12000,1399.13,0,0,0,02-01-2009,8231.59,02-01-2009,2007,High Risk,Low Income,0,0.0027,0.1186,Low Interest
170528,165069,12000,12000,656.7,36,0.11,390.54,C,C2,1 year,MORTGAGE,30000,Not Verified,12-01-2007,Fully Paid,n,debt_consolidation,658xx,MO,19.84,0,04-01-2002,1,0,0,9,0,7336,0.719,24,f,0,0,14059.39,760.49,12000,2059.39,0,0,0,12-01-2010,393.41,02-01-2016,2007,High Risk,Low Income,0,0.013,0.1059,Low Interest
172644,172641,12000,12000,156.7,36,0.1,388.79,C,C1,2 years,MORTGAGE,97000,Not Verified,12-01-2007,Fully Paid,n,home_improvement,841xx,UT,5.58,0,10-01-1994,0,74,0,11,0,19009,0.3,18,f,0,0,13996.26,181.77,12000,1996.26,0,0,0,12-01-2010,391.12,11-01-2011,2007,High Risk,Low Income,0,0.004,0.1028,Low Interest
178236,178070,12000,12000,250,36,0.12,399.55,D,D2,1 year,RENT,24000,Not Verified,12-01-2007,Fully Paid,n,debt_consolidation,331xx,FL,14.5,0,08-01-2002,0,0,0,7,0,9273,0.439,10,f,0,0,14193.35,295.69,12000,2173.37,19.98,0,0,02-01-2010,4185.78,11-01-2010,2007,High Risk,Low Income,0,0.0166,0.1217,Low Interest
181590,171765,12000,12000,550,36,0.13,405.03,D,D5,< 1 year,RENT,105000,Not Verified,12-01-2007,Fully Paid,n,wedding,111xx,NY,18.25,0,01-01-1996,2,34,0,10,0,5861,0.538,16,f,0,0,14580.7,668.28,12000,2580.7,0,0,0,12-01-2010,407.18,12-01-2010,2007,High Risk,Low Income,0,0.0039,0.1312,Low Interest
186572,186568,12000,12000,725,36,0.09,381.66,B,B2,6 years,MORTGAGE,100671,Not Verified,12-01-2007,Fully Paid,n,credit_card,604xx,IL,6.64,0,10-01-1979,0,62,115,16,1,7606,0.186,39,f,0,0,12347.22,745.98,12000,347.22,0,0,0,05-01-2008,11202.55,10-01-2015,2007,High Risk,Low Income,0,0.0038,0.0901,Low Interest
192616,189776,12000,12000,500,36,0.1,386.99,B,B5,10+ years,MORTGAGE,100000,Not Verified,01-01-2008,Fully Paid,n,debt_consolidation,774xx,TX,8.17,0,06-01-1997,2,0,0,14,0,25413,0.452,26,f,0,0,13865.29,577.72,12000,1865.29,0,0,0,07-01-2010,2645.13,02-01-2015,2008,High Risk,Low Income,0,0.0039,0.0996,Low Interest
194565,194314,12000,12000,1614,36,0.09,383.45,B,B3,2 years,RENT,68640,Not Verified,01-01-2008,Fully Paid,n,debt_consolidation,917xx,CA,7.47,2,09-01-1992,0,8,0,8,0,11370,0.416,22,f,0,0,13800.93,1737.89,12000,1800.93,0,0,0,12-01-2010,771.89,11-01-2011,2008,High Risk,Low Income,0,0.0056,0.0933,Low Interest
197225,197115,12000,12000,275,36,0.09,381.66,B,B2,3 years,RENT,120000,Not Verified,01-01-2008,Fully Paid,n,other,112xx,NY,4.28,1,10-01-1996,1,9,0,2,0,7335,0.458,19,f,0,0,13783.57,315.87,12000,1745.41,38.16,0,0,01-01-2011,770.54,05-01-2016,2008,High Risk,Low Income,0,0.0032,0.0901,Low Interest
200256,200251,12000,12000,693.1,36,0.13,406.07,D,D4,2 years,RENT,27000,Not Verified,01-01-2008,Charged Off,n,debt_consolidation,802xx,CO,7.16,1,10-01-2003,1,9,0,8,0,137,0.032,11,f,0,0,13842.17,786.64,11197.58,2604.04,0,40.55,0.59,11-01-2010,406.07,04-01-2011,2008,High Risk,Low Income,1,0.015,0.133,Low Interest
219315,219312,12000,12000,454.7,36,0.13,406.07,D,D4,< 1 year,MORTGAGE,45000,Not Verified,01-01-2008,Charged Off,n,debt_consolidation,210xx,MD,4.67,0,03-01-2000,1,50,0,9,0,7209,0.381,30,f,0,0,3247.74,128.08,2270.63,977.11,0,0,0,10-01-2008,406.07,05-01-2016,2008,High Risk,Low Income,1,0.009,0.133,Low Interest
227538,227380,12000,12000,959.3,36,0.09,382.72,B,B1,10+ years,RENT,40000,Not Verified,01-01-2008,Fully Paid,n,debt_consolidation,067xx,CT,10.14,0,09-01-1986,1,70,53,8,1,3179,0.11,10,f,0,0,13777.71,1004.46,12000,1777.71,0,0,0,02-01-2011,385.05,01-01-2011,2008,High Risk,Low Income,0,0.0096,0.092,Low Interest
231935,231531,12000,12000,1900,36,0.08,376.43,A,A4,1 year,RENT,20000,Not Verified,01-01-2008,Fully Paid,n,educational,875xx,NM,8.88,0,09-01-1985,1,0,0,2,0,674,0.026,5,f,0,0,13462.16,2131.51,12000,1462.16,0,0,0,07-01-2010,9.8,06-01-2010,2008,High Risk,Low Income,0,0.0188,0.0807,Low Interest
234585,231493,12000,12000,675,36,0.1,386.25,B,B3,5 years,MORTGAGE,78000,Not Verified,01-01-2008,Fully Paid,n,debt_consolidation,020xx,MA,15.74,0,01-01-1996,0,49,0,11,0,28110,0.319,26,f,0,0,13497.93,759.26,12000,1497.93,0,0,0,11-01-2009,360.86,02-01-2010,2008,High Risk,Low Income,0,0.005,0.0983,Low Interest
237883,237877,12000,12000,6350,36,0.13,406.07,D,D4,10+ years,MORTGAGE,49853,Not Verified,02-01-2008,Fully Paid,n,debt_consolidation,317xx,GA,24.22,1,03-01-1990,0,21,0,9,0,13662,0.607,15,f,0,0,14110.5,7466.81,12000,2110.5,0,0,0,11-01-2009,6002.52,09-01-2010,2008,High Risk,Low Income,0,0.0081,0.133,Low Interest
238360,229894,12000,12000,4987.8,36,0.1,386.25,B,B3,1 year,RENT,25000,Not Verified,02-01-2008,Fully Paid,n,credit_card,852xx,AZ,16.75,0,08-01-1994,0,0,0,7,0,16212,0.507,8,f,0,0,13924.45,5685.09,12000,1905.14,19.31,0,0,03-01-2011,391.52,03-01-2011,2008,High Risk,Low Income,0,0.0155,0.0983,Low Interest
242229,242210,12000,12000,8419.8,36,0.13,405.72,D,D3,10+ years,RENT,82000,Not Verified,02-01-2008,Fully Paid,n,debt_consolidation,606xx,IL,15.12,2,04-01-1992,1,21,0,10,0,27905,0.818,18,f,0,0,14601.35,10241.22,12000,2601.35,0,0,0,01-01-2011,822.56,04-01-2012,2008,High Risk,Low Income,0,0.0049,0.1324,Low Interest
258652,255516,12000,12000,700,36,0.12,398.4,C,C4,< 1 year,RENT,45000,Not Verified,02-01-2008,Fully Paid,n,debt_consolidation,297xx,SC,22.67,0,05-01-1999,0,42,0,14,0,16616,0.667,23,f,0,0,13490.73,787.06,12000,1490.73,0,0,0,05-01-2009,7913.27,05-01-2009,2008,High Risk,Low Income,0,0.0089,0.1197,Low Interest
260928,259370,12000,12000,3347.4,36,0.11,394.8,C,C2,< 1 year,RENT,38000,Not Verified,02-01-2008,Fully Paid,n,debt_consolidation,104xx,NY,8.72,0,06-01-1996,0,0,0,7,0,11134,0.709,7,f,0,0,14178.3,3949.81,12000,2178.3,0,0,0,11-01-2010,36.42,10-01-2010,2008,High Risk,Low Income,0,0.0104,0.1134,Low Interest
265613,264305,12000,12000,2366.9,36,0.16,420.47,F,F1,10+ years,MORTGAGE,100000,Not Verified,02-01-2008,Fully Paid,n,debt_consolidation,751xx,TX,18.55,0,08-01-1995,0,61,0,11,0,34841,0.896,25,f,0,0,15104.23,2975.28,12000,3104.23,0,0,0,12-01-2010,1657.15,02-01-2014,2008,High Risk,Low Income,0,0.0042,0.1576,Low Interest
268549,268542,12000,12000,3616.7,36,0.14,411.19,E,E1,4 years,RENT,73660,Not Verified,03-01-2008,Fully Paid,n,debt_consolidation,921xx,CA,18.16,0,05-01-1999,1,0,0,15,0,11258,0.717,19,f,0,0,14802.46,4458.07,12000,2802.46,0,0,0,03-01-2011,426.35,03-01-2011,2008,High Risk,Low Income,0,0.0056,0.1418,Low Interest
268675,268670,12000,12000,2250,36,0.1,389.41,B,B4,8 years,RENT,31200,Not Verified,03-01-2008,Fully Paid,n,debt_consolidation,816xx,CO,17,0,05-01-1999,2,61,0,4,0,0,0,15,f,0,0,13476.8,2527.01,12000,1476.8,0,0,0,10-01-2009,3936.64,05-01-2016,2008,High Risk,Low Income,0,0.0125,0.1039,Low Interest
271004,270947,12000,12000,2975,36,0.12,396.63,C,C3,< 1 year,RENT,48000,Not Verified,03-01-2008,Fully Paid,n,debt_consolidation,402xx,KY,10.05,0,11-01-2000,2,0,0,11,0,15774,0.448,18,f,0,0,13086.77,3244.44,12000,1086.77,0,0,0,04-01-2009,4830.29,04-01-2009,2008,High Risk,Low Income,0,0.0083,0.1166,Low Interest
272266,272263,12000,12000,6112.8,36,0.12,396.63,C,C3,5 years,MORTGAGE,125000,Not Verified,03-01-2008,Fully Paid,n,credit_card,925xx,CA,12.94,0,12-01-1997,0,0,0,20,0,36467,0.629,38,f,0,0,14278.52,7173.42,12000,2278.52,0,0,0,03-01-2011,408.73,03-01-2011,2008,High Risk,Low Income,0,0.0032,0.1166,Low Interest
275605,275581,12000,12000,3738.5,36,0.13,405.72,D,D3,< 1 year,MORTGAGE,53000,Not Verified,03-01-2008,Fully Paid,n,debt_consolidation,140xx,NY,17.82,5,01-01-1988,0,8,105,29,1,18593,0.35,46,f,0,0,14605.77,4491,12000,2605.77,0,0,0,03-01-2011,418.21,04-01-2016,2008,High Risk,Low Income,0,0.0077,0.1324,Low Interest
278075,277896,12000,12000,6278,36,0.1,389.41,B,B4,4 years,RENT,30000,Not Verified,03-01-2008,Fully Paid,n,debt_consolidation,119xx,NY,0,0,01-01-1996,1,46,0,6,0,9258,0.712,14,f,0,0,14018.67,7188.09,12000,2018.67,0,0,0,03-01-2011,396.92,03-01-2011,2008,High Risk,Low Income,0,0.013,0.1039,Low Interest
278405,278389,12000,12000,1102.1,36,0.13,405.72,D,D3,1 year,RENT,27000,Not Verified,03-01-2008,Fully Paid,n,debt_consolidation,780xx,TX,11.96,0,10-01-1994,0,0,0,5,0,8671,0.615,8,f,0,0,14605.76,1263.76,12000,2605.76,0,0,0,03-01-2011,407.14,03-01-2011,2008,High Risk,Low Income,0,0.015,0.1324,Low Interest
279032,279020,12000,12000,9600,36,0.08,377.82,A,A4,7 years,MORTGAGE,90000,Not Verified,03-01-2008,Fully Paid,n,debt_consolidation,949xx,CA,1.63,0,06-01-1992,0,0,0,6,0,4359,0.153,13,f,0,0,13259.27,10607.41,12000,1259.27,0,0,0,12-01-2009,6102.8,12-01-2009,2008,High Risk,Low Income,0,0.0042,0.0832,Low Interest
279283,271337,12000,12000,9496.4,36,0.14,407.52,D,D4,10+ years,RENT,70000,Not Verified,03-01-2008,Fully Paid,n,major_purchase,953xx,CA,17.07,0,06-01-1987,0,51,0,4,0,2549,0.579,13,f,0,0,14670.45,11594.82,12000,2670.45,0,0,0,03-01-2011,442.54,08-01-2014,2008,High Risk,Low Income,0,0.0058,0.1355,Low Interest
280056,280050,12000,12000,4807.3,36,0.12,398.4,C,C4,1 year,RENT,85000,Not Verified,03-01-2008,Fully Paid,n,debt_consolidation,089xx,NJ,14.08,0,05-01-1988,2,0,103,15,1,22205,0.888,28,f,0,0,14342.4,5617.44,12000,2342.4,0,0,0,04-01-2011,398.4,05-01-2016,2008,High Risk,Low Income,0,0.0047,0.1197,Low Interest
280337,280315,12000,12000,5977.8,36,0.1,387.66,B,B3,2 years,MORTGAGE,130000,Not Verified,03-01-2008,Fully Paid,n,other,945xx,CA,21.2,0,09-01-1989,0,52,0,8,0,74885,0,31,f,0,0,13955.66,6800.26,12000,1955.66,0,0,0,03-01-2011,408.16,05-01-2016,2008,High Risk,Low Income,0,0.003,0.1008,Low Interest
281651,279321,12000,12000,6721.4,36,0.13,405.72,D,D3,7 years,RENT,44160,Not Verified,03-01-2008,Fully Paid,n,wedding,945xx,CA,14.4,0,12-01-1997,2,0,0,4,0,768,0.64,4,f,0,0,14605.78,8145.71,12000,2605.78,0,0,0,03-01-2011,421.02,03-01-2011,2008,High Risk,Low Income,0,0.0092,0.1324,Low Interest
282569,274158,12000,12000,6475,36,0.14,407.52,D,D4,< 1 year,MORTGAGE,55000,Not Verified,03-01-2008,Fully Paid,n,credit_card,191xx,PA,14.99,0,11-01-1995,2,61,0,12,0,10918,0.59,45,f,0,0,13861.23,7479.29,12000,1861.23,0,0,0,08-01-2009,7355.37,09-01-2009,2008,High Risk,Low Income,0,0.0074,0.1355,Low Interest
386126,418227,12000,12000,11925,36,0.16,421.89,E,E2,5 years,MORTGAGE,36000,Verified,03-01-2009,Fully Paid,n,home_improvement,631xx,MO,0.33,1,05-01-1973,0,16,47,7,1,12683,0.348,19,f,0,0,15214.52,15119.43,11999.99,3193.44,21.09,0,0,05-01-2012,17.05,05-01-2012,2009,High Risk,Low Income,0,0.0117,0.16,Low Interest
388582,422143,12000,12000,12000,36,0.15,416.3,D,D4,< 1 year,RENT,29000,Not Verified,03-01-2009,Fully Paid,n,small_business,207xx,MD,2.48,0,03-01-1998,2,24,72,6,2,4770,0.524,15,f,0,0,14986.59,14986.59,11999.98,2986.61,0,0,0,04-01-2012,419.04,04-01-2012,2009,High Risk,Low Income,0,0.0144,0.1505,Low Interest
391175,426934,12000,12000,4825,36,0.13,405.25,C,C3,7 years,RENT,84000,Not Verified,04-01-2009,Fully Paid,n,debt_consolidation,918xx,CA,9.4,0,03-01-2000,0,26,118,8,1,15127,0.456,12,f,0,0,14722.44,5919.65,12000,2662.44,60,0,0,05-01-2012,519.57,05-01-2016,2009,High Risk,Low Income,0,0.0048,0.1316,Low Interest
427548,505200,12000,12000,11537.3,36,0.13,403.42,C,C2,5 years,RENT,34000,Source Verified,07-01-2009,Fully Paid,n,debt_consolidation,792xx,TX,23.05,2,08-01-1995,2,21,118,13,1,8856,0.282,23,f,0,0,14523.19,13909.72,12000,2523.19,0,0,0,08-01-2012,406.98,05-01-2016,2009,High Risk,Low Income,0,0.0119,0.1284,Low Interest
439077,529873,12000,12000,11800,36,0.12,399.6,B,B4,10+ years,MORTGAGE,80000,Verified,09-01-2009,Fully Paid,n,debt_consolidation,490xx,MI,24.88,0,10-01-1995,0,67,90,18,1,6950,0.166,35,f,0,0,12357.78,12151.82,12000,357.78,0,0,0,12-01-2009,11561.16,05-01-2010,2009,High Risk,Low Income,0,0.005,0.1218,Low Interest
449610,552363,12000,12000,12000,36,0.13,403.6,C,C1,1 year,RENT,50000,Not Verified,10-01-2009,Fully Paid,n,debt_consolidation,606xx,IL,11.45,1,07-01-2003,0,13,18,9,1,684,0.061,13,f,0,0,14525.25,14525.25,12000,2525.25,0,0,0,09-01-2012,806.76,04-01-2016,2009,High Risk,Low Income,0,0.0081,0.1287,Low Interest
477562,605824,12000,12000,12000,36,0.16,423.95,E,E1,10+ years,MORTGAGE,80000,Not Verified,01-01-2010,Fully Paid,n,home_improvement,235xx,VA,5.64,0,11-01-1998,0,70,101,6,1,7472,0.97,15,f,0,0,13635.39,13635.39,12000,1599.19,36.2,0,0,02-01-2011,6.15,02-01-2011,2010,High Risk,Low Income,0,0.0053,0.1635,Low Interest
479470,609254,12000,12000,11950,36,0.14,411.41,C,C5,10+ years,MORTGAGE,56244,Not Verified,01-01-2010,Fully Paid,n,debt_consolidation,352xx,AL,13.93,1,04-01-1998,2,22,118,8,1,7642,0.944,26,f,0,0,14392.2,14332.23,12000,2392.2,0,0,0,01-01-2012,5350.03,05-01-2016,2010,High Risk,Low Income,0,0.0073,0.1422,Low Interest
513755,663883,12000,12000,12000,36,0.14,409.25,C,C4,10+ years,MORTGAGE,52000,Not Verified,05-01-2010,Fully Paid,n,debt_consolidation,560xx,MN,21.42,1,07-01-1984,1,20,104,14,1,35536,0.85,25,f,0,0,14636.62,14636.62,12000,2636.62,0,0,0,11-01-2012,2785.94,04-01-2016,2010,High Risk,Low Income,0,0.0079,0.1385,Low Interest
513777,663892,12000,12000,11660.5,36,0.11,392.83,B,B4,1 year,RENT,82560,Not Verified,05-01-2010,Fully Paid,n,credit_card,925xx,CA,17.02,0,12-01-1994,1,68,118,13,1,9427,0.664,31,f,0,0,14142.34,13690.6,12000,2142.35,0,0,0,05-01-2013,434.32,05-01-2015,2010,High Risk,Low Income,0,0.0048,0.1099,Low Interest
525909,680428,12000,12000,11932.1,60,0.14,279.1,C,C3,10+ years,MORTGAGE,240734,Verified,06-01-2010,Fully Paid,n,home_improvement,074xx,NJ,7.31,0,06-01-1991,1,79,81,14,1,10000,0.51,27,f,0,0,16760.54,16645.52,12000,4745.54,15,0,0,07-01-2015,294.3,06-01-2015,2010,High Risk,Low Income,0,0.0012,0.1398,Low Interest
536372,683719,12000,12000,12000,60,0.18,304.27,E,E5,10+ years,MORTGAGE,78000,Verified,06-01-2010,Fully Paid,n,debt_consolidation,401xx,KY,0.72,0,01-01-1999,1,29,25,4,1,1549,0.387,17,f,0,0,18255.66,18255.66,12000,6255.66,0,0,0,07-01-2015,311.33,07-01-2015,2010,High Risk,Low Income,0,0.0039,0.1793,Low Interest
541566,698997,12000,12000,12000,36,0.11,395.66,B,B4,8 years,MORTGAGE,75000,Not Verified,07-01-2010,Fully Paid,n,credit_card,301xx,GA,11.18,0,09-01-1996,1,69,104,13,1,11769,0.413,33,f,0,0,13960.81,13960.81,12000,1960.81,0,0,0,07-01-2012,4873.83,07-01-2012,2010,High Risk,Low Income,0,0.0053,0.1149,Low Interest
553136,712699,12000,12000,11900,36,0.18,433.41,E,E5,< 1 year,RENT,129000,Source Verified,07-01-2010,Fully Paid,n,major_purchase,028xx,RI,2.53,0,01-01-2003,2,28,101,2,1,1720,0.956,8,f,0,0,15266.78,15139.56,12000,3266.78,0,0,0,10-01-2012,4447.98,04-01-2016,2010,High Risk,Low Income,0,0.0034,0.1793,Low Interest
563382,724977,12000,12000,11239,36,0.16,421.59,D,D4,3 years,RENT,80000,Verified,08-01-2010,Charged Off,n,debt_consolidation,070xx,NJ,8.34,0,01-01-2001,0,33,39,6,2,1825,0.869,16,f,0,0,4967.61,4933.41,2871.84,1685.42,0,410.35,4.41,08-01-2011,443.94,01-01-2016,2010,High Risk,Low Income,1,0.0053,0.1595,Low Interest
571603,735252,12000,12000,11774.9,60,0.15,286.81,D,D2,10+ years,RENT,100000,Verified,08-01-2010,Charged Off,n,debt_consolidation,231xx,VA,2.63,0,06-01-1997,2,36,30,8,1,6897,0.255,38,f,0,0,4588.59,4199.21,2367.18,2210.74,0,10.67,0,02-01-2012,286.81,05-01-2016,2010,High Risk,Low Income,1,0.0029,0.1521,Low Interest
619649,794208,12000,12000,11341.5,36,0.07,370.04,A,A5,< 1 year,RENT,62400,Source Verified,12-01-2010,Fully Paid,n,debt_consolidation,980xx,WA,17.92,0,02-01-1993,0,27,114,16,1,8182,0.428,31,f,0,0,13321.26,12525.69,12000,1321.26,0,0,0,12-01-2013,374.3,05-01-2016,2010,High Risk,Low Income,0,0.0059,0.0691,Low Interest
630759,808082,12000,12000,12000,36,0.12,399.9,C,C1,8 years,RENT,110000,Not Verified,12-01-2010,Fully Paid,n,debt_consolidation,152xx,PA,10.16,1,05-01-1996,0,13,105,8,1,4811,0.829,25,f,0,0,14397.34,14397.34,12000,2397.34,0,0,0,12-01-2013,428.4,12-01-2013,2010,High Risk,Low Income,0,0.0036,0.1223,Low Interest
653939,836320,12000,12000,12000,60,0.18,306.36,F,F1,7 years,MORTGAGE,60000,Not Verified,01-01-2011,Charged Off,n,debt_consolidation,606xx,IL,18.34,0,05-01-1986,3,37,88,25,1,9920,0.644,40,f,0,0,16243.32,16243.32,9959.95,6238.01,0,45.36,8.16,07-01-2015,306.36,05-01-2016,2011,High Risk,Low Income,1,0.0051,0.1825,Low Interest
662636,835135,12000,12000,12000,60,0.14,277.98,C,C4,7 years,MORTGAGE,68400,Verified,02-01-2011,Fully Paid,n,home_improvement,925xx,CA,11.12,0,02-01-1997,2,36,109,7,1,2853,0.238,17,f,0,0,15519.33,15519.33,12000,3519.33,0,0,0,10-01-2013,6943.18,10-01-2013,2011,High Risk,Low Income,0,0.0041,0.138,Low Interest
663839,848849,12000,12000,11950,60,0.15,284.92,D,D2,1 year,MORTGAGE,36000,Source Verified,02-01-2011,Fully Paid,n,major_purchase,302xx,GA,13.43,0,01-01-1998,3,82,63,8,1,5049,0.789,17,f,0,0,16746.32,16676.55,12000,4746.32,0,0,0,12-01-2014,3945.2,05-01-2016,2011,High Risk,Low Income,0,0.0079,0.1491,Low Interest
672088,859174,12000,12000,11925,36,0.11,391.39,B,B4,2 years,MORTGAGE,110000,Verified,02-01-2011,Fully Paid,n,debt_consolidation,402xx,KY,14.26,0,02-01-2004,0,26,53,11,1,7155,0.586,19,f,0,0,14091.22,14003.15,12000,2091.22,0,0,0,03-01-2014,428.08,05-01-2016,2011,High Risk,Low Income,0,0.0036,0.1074,Low Interest
672391,852567,12000,12000,10400,60,0.18,306.36,F,F1,3 years,RENT,67200,Source Verified,02-01-2011,Charged Off,n,car,913xx,CA,12.11,8,11-01-1996,1,17,98,7,1,2409,0.651,17,f,0,0,3375.01,2923.54,1180.3,1565.96,0,628.75,115.17,12-01-2011,306.36,04-01-2012,2011,High Risk,Low Income,1,0.0046,0.1825,Low Interest
675591,863405,12000,12000,12000,60,0.14,277.98,C,C4,10+ years,RENT,49000,Not Verified,02-01-2011,Charged Off,n,debt_consolidation,117xx,NY,24.96,0,09-01-1997,1,72,100,16,1,14671,0.457,35,f,0,0,2500.84,2500.84,1310.81,1174.81,0,15.22,5.19,12-01-2011,277.98,04-01-2016,2011,High Risk,Low Income,1,0.0057,0.138,Low Interest
680899,869828,12000,12000,12000,60,0.19,308.79,F,F2,7 years,OWN,50004,Not Verified,02-01-2011,Fully Paid,n,major_purchase,531xx,WI,16.61,7,05-01-1992,1,13,57,10,2,6970,0.553,27,f,0,0,18243.57,18243.57,12000,6243.57,0,0,0,04-01-2015,3428.78,05-01-2016,2011,High Risk,Low Income,0,0.0062,0.1862,Low Interest
682064,871180,12000,12000,11975,36,0.1,387.21,B,B2,10+ years,MORTGAGE,136000,Not Verified,02-01-2011,Fully Paid,n,credit_card,703xx,LA,8.66,0,02-01-2000,1,55,93,11,1,7937,0.559,24,f,0,0,13658.42,13629.96,12000,1658.42,0,0,0,02-01-2013,5156.66,03-01-2013,2011,High Risk,Low Income,0,0.0028,0.1,Low Interest
690197,880600,12000,12000,11997.1,36,0.13,402.49,C,C1,4 years,MORTGAGE,79872,Source Verified,03-01-2011,Fully Paid,n,debt_consolidation,926xx,CA,9.5,0,02-01-2000,2,60,69,9,1,8210,0.579,14,f,0,0,14374.85,14370.7,12000,2374.85,0,0,0,08-01-2013,3148.72,05-01-2016,2011,High Risk,Low Income,0,0.005,0.1268,Low Interest
698333,889766,12000,12000,12000,60,0.19,311.23,F,F3,1 year,MORTGAGE,87192,Source Verified,03-01-2011,Fully Paid,n,car,170xx,PA,12.99,3,09-01-1994,3,10,95,4,1,217,0.723,15,f,0,0,16175.09,16175.09,12000.01,4175.08,0,0,0,03-01-2014,3311.95,03-01-2014,2011,High Risk,Low Income,0,0.0036,0.1899,Low Interest
728052,923646,12000,12000,11975,60,0.16,289.59,D,D4,10+ years,RENT,46000,Source Verified,04-01-2011,Charged Off,n,other,446xx,OH,9.39,0,10-01-1997,2,45,106,8,1,2003,0.835,25,f,0,0,1106.21,1103.91,267.07,310.29,0,528.85,5.06,07-01-2011,289.59,05-01-2016,2011,High Risk,Low Income,1,0.0063,0.1565,Low Interest
733044,929316,12000,12000,11975,36,0.15,413.29,D,D1,1 year,OWN,48000,Source Verified,04-01-2011,Fully Paid,n,home_improvement,125xx,NY,7.3,2,12-01-1995,3,7,86,25,1,6774,0.151,41,f,0,0,12287.88,12262.28,12000,287.88,0,0,0,07-01-2011,11876.47,01-01-2016,2011,High Risk,Low Income,0,0.0086,0.1454,Low Interest
751373,950817,12000,12000,11975,60,0.15,284.16,C,C4,8 years,MORTGAGE,54996,Verified,05-01-2011,Fully Paid,n,debt_consolidation,972xx,OR,9.08,0,02-01-1998,1,38,85,14,1,10665,0.441,26,f,0,0,17049.43,17013.91,12000,5049.43,0,0,0,05-01-2016,283.99,05-01-2016,2011,High Risk,Low Income,0,0.0052,0.1479,Low Interest
779411,982096,12000,12000,12000,36,0.14,410.08,C,C3,10+ years,MORTGAGE,80000,Verified,06-01-2011,Fully Paid,n,debt_consolidation,801xx,CO,9.69,0,05-01-1992,2,26,117,7,1,6905,0.539,16,f,0,0,14762.58,14762.58,12000,2762.58,0,0,0,06-01-2014,441.28,05-01-2015,2011,High Risk,Low Income,0,0.0051,0.1399,Low Interest
782974,986042,12000,12000,11975,60,0.16,294.96,D,D3,5 years,MORTGAGE,79900,Verified,06-01-2011,Fully Paid,n,other,322xx,FL,7.93,0,04-01-1999,0,40,75,10,1,8884,0.683,18,f,0,0,16925.15,16889.88,12000,4925.15,0,0,0,11-01-2014,5446.36,05-01-2016,2011,High Risk,Low Income,0,0.0037,0.1649,Low Interest
796970,1001880,12000,12000,12000,60,0.16,294.96,D,D3,5 years,MORTGAGE,83500,Not Verified,06-01-2011,Fully Paid,n,debt_consolidation,731xx,OK,3.94,0,07-01-1992,1,60,68,10,1,5574,0.34,24,f,0,0,16439.96,16439.96,12000,4439.96,0,0,0,05-01-2014,6717.44,01-01-2016,2011,High Risk,Low Income,0,0.0035,0.1649,Low Interest
799136,1004301,12000,12000,12000,36,0.13,404.27,C,C1,10+ years,RENT,72000,Source Verified,07-01-2011,Fully Paid,n,debt_consolidation,113xx,NY,17.63,0,01-01-1994,3,42,94,14,1,6982,0.581,24,f,0,0,14553.7,14553.7,12000,2553.7,0,0,0,07-01-2014,412.7,04-01-2016,2011,High Risk,Low Income,0,0.0056,0.1299,Low Interest
808015,1014654,12000,12000,12000,60,0.13,276.06,C,C2,8 years,RENT,50000,Not Verified,07-01-2011,Charged Off,n,other,667xx,KS,12.55,0,04-01-2000,0,30,88,8,1,5002,0.357,20,f,0,0,11745.96,11745.96,7069.02,3954.78,0,722.16,126.64,11-01-2014,276.06,04-01-2015,2011,High Risk,Low Income,1,0.0055,0.1349,Low Interest
836330,1046356,12000,9800,9750,60,0.11,215.48,B,B4,10+ years,MORTGAGE,45000,Not Verified,08-01-2011,Charged Off,n,credit_card,923xx,CA,3.87,0,05-01-1995,0,60,110,8,1,5264,0.308,14,f,0,0,3889.94,3870.09,2074.58,1372.35,0,443.01,4.17,02-01-2013,29.44,06-01-2013,2011,High Risk,Low Income,1,0.0048,0.1149,Low Interest
841271,1051805,12000,12000,11574.1,60,0.16,291.76,D,D2,1 year,MORTGAGE,56000,Source Verified,08-01-2011,Current,n,wedding,060xx,CT,12,0,05-01-2000,1,79,119,10,1,2982,0.188,18,f,876,876,16587.12,15711.84,11124.35,5462.77,0,0,0,05-01-2016,291.76,04-01-2016,2011,High Risk,Low Income,0,0.0052,0.1599,Low Interest
871418,1085496,12000,12000,12000,60,0.17,301.41,D,D5,9 years,MORTGAGE,65340,Source Verified,09-01-2011,Fully Paid,n,debt_consolidation,973xx,OR,6.94,0,09-01-2000,0,58,109,8,1,4904,0.527,42,f,0,0,16825.99,16825.99,12000,4825.99,0,0,0,08-01-2014,6609.49,10-01-2014,2011,High Risk,Low Income,0,0.0046,0.1749,Low Interest
977294,1200075,12000,12000,12000,60,0.22,333.82,F,F5,4 years,MORTGAGE,86730,Verified,10-01-2011,Fully Paid,n,debt_consolidation,920xx,CA,23,0,03-01-2000,0,67,76,12,1,17760,0.992,17,f,0,0,17488.82,17488.82,12000,5488.82,0,0,0,03-01-2014,8146.06,05-01-2016,2011,High Risk,Low Income,0,0.0038,0.2235,Low Interest
1009214,1235946,12000,12000,11750,36,0.1,386.7,B,B1,10+ years,MORTGAGE,63150,Verified,11-01-2011,Fully Paid,n,debt_consolidation,600xx,IL,6.69,0,11-01-1997,0,70,86,6,1,13168,0.679,15,f,0,0,13758.6,13471.96,12000,1758.6,0,0,0,02-01-2014,2102.5,01-01-2015,2011,High Risk,Low Income,0,0.0061,0.0991,Low Interest
1009946,1236925,12000,12000,11975,60,0.16,291.57,C,C5,5 years,RENT,48744,Verified,11-01-2011,Charged Off,n,other,967xx,HI,22.23,0,05-01-1995,1,63,103,8,1,5468,0.911,19,f,0,0,1257.54,1254.92,131.14,451.48,0,674.92,121.49,02-01-2012,293.4,06-01-2012,2011,High Risk,Low Income,1,0.006,0.1596,Low Interest
1029649,1259030,12000,12000,11975,60,0.19,314.07,E,E3,10+ years,RENT,37000,Source Verified,12-01-2011,Fully Paid,n,debt_consolidation,196xx,PA,19.52,0,04-01-1999,0,49,53,12,1,7135,0.541,27,f,0,0,16959.55,16924.21,12000,4959.55,0,0,0,07-01-2014,7549.17,07-01-2014,2011,High Risk,Low Income,0,0.0085,0.1942,Low Interest
241659,240140,12100,12100,2050,36,0.09,387.32,B,B1,2 years,RENT,54000,Not Verified,02-01-2008,Fully Paid,n,debt_consolidation,605xx,IL,11.02,0,02-01-1999,5,0,0,13,0,8828,0.548,32,f,0,0,12553.41,2126.93,12100,453.41,0,0,0,07-01-2008,11004.96,02-01-2014,2008,High Risk,Low Income,0,0.0072,0.0945,Low Interest
125671,125668,12125,12125,5075,36,0.09,383.87,B,B1,10+ years,MORTGAGE,150000,Not Verified,09-01-2007,Fully Paid,n,debt_consolidation,115xx,NY,4.8,0,02-01-1971,0,0,0,10,0,61921,0.391,27,f,0,0,13819.08,5784.07,12125,1694.08,0,0,0,09-01-2010,385.26,09-01-2010,2007,High Risk,Low Income,0,0.0026,0.087,Low Interest
273432,272611,12200,12200,3105.7,36,0.12,406.91,C,C5,< 1 year,OWN,38400,Not Verified,03-01-2008,Fully Paid,n,home_improvement,996xx,AK,9.31,0,08-01-1992,0,59,0,4,0,2329,0.394,8,f,0,0,14648.6,3552.39,12200,2448.61,0,0,0,03-01-2011,410.76,05-01-2014,2008,High Risk,Low Income,0,0.0106,0.1229,Low Interest
648749,829964,12200,12200,12175,60,0.13,279.78,C,C4,10+ years,RENT,42000,Not Verified,01-01-2011,Fully Paid,n,debt_consolidation,971xx,OR,23.29,0,03-01-2000,1,64,93,11,1,7109,0.744,21,f,0,0,16683.39,16649.2,12200,4483.39,0,0,0,05-01-2015,2440.75,05-01-2016,2011,High Risk,Low Income,0,0.0067,0.1335,Low Interest
107136,107130,12250,12250,1525,36,0.11,398.69,C,C2,3 years,RENT,60000,Not Verified,07-01-2007,Fully Paid,n,small_business,330xx,FL,17.12,1,02-01-1969,2,19,0,10,0,17214,0.081,24,f,0,0,13128.88,1634.41,12250,878.88,0,0,0,04-01-2008,9939.88,07-01-2007,2007,High Risk,Low Income,0,0.0066,0.1059,Low Interest
143566,143201,12375,12375,275,36,0.11,404.62,C,C3,3 years,MORTGAGE,46713,Not Verified,11-01-2007,Fully Paid,n,small_business,222xx,VA,16.39,0,05-01-1992,2,38,0,11,0,8332,0.399,28,f,0,0,14566.09,323.69,12375,2191.09,0,0,0,11-01-2010,405.99,10-01-2010,2007,High Risk,Low Income,0,0.0087,0.1091,Low Interest
158706,158450,12375,12375,1000,36,0.11,404.62,C,C3,2 years,RENT,80000,Not Verified,12-01-2007,Fully Paid,n,debt_consolidation,201xx,VA,9.23,0,12-01-2000,0,0,103,4,1,13126,0.965,4,f,0,0,14370.92,1161.29,12375,1995.92,0,0,0,02-01-2010,4259.11,05-01-2014,2007,High Risk,Low Income,0,0.0051,0.1091,Low Interest
704507,896524,12375,12375,11816.3,36,0.1,401.46,B,B3,2 years,MORTGAGE,39552,Verified,03-01-2011,Charged Off,n,debt_consolidation,955xx,CA,24.58,0,09-01-1993,0,77,115,10,1,10248,0.891,22,f,0,0,14640.25,14002.09,8074.44,2253.9,34.98,4276.93,727.08,12-01-2013,271.36,05-01-2016,2011,High Risk,Low Income,1,0.0102,0.1037,Low Interest
217118,216587,12500,12500,524.9,36,0.12,413.51,C,C4,< 1 year,RENT,36000,Not Verified,01-01-2008,Fully Paid,n,debt_consolidation,435xx,OH,11.9,0,11-01-1999,3,0,0,9,0,8375,0.91,9,f,0,0,14886.32,620.92,12499.99,2386.33,0,0,0,01-01-2011,415.69,01-01-2011,2008,High Risk,Low Income,0,0.0115,0.1172,Low Interest
1005939,1232513,12600,12600,12600,36,0.12,421.04,B,B4,10+ years,OWN,38000,Verified,11-01-2011,Charged Off,n,home_improvement,724xx,AR,23.73,0,08-01-1998,1,60,53,10,1,4675,0.352,15,f,0,0,13044.41,13044.41,10552.74,2491.67,0,0,0,06-01-2014,421.04,05-01-2016,2011,High Risk,Low Income,1,0.0111,0.1242,Low Interest
272583,271592,12650,12650,5353.9,36,0.11,416.19,C,C2,4 years,MORTGAGE,40000,Not Verified,03-01-2008,Fully Paid,n,debt_consolidation,774xx,TX,21.96,0,05-01-1996,1,24,0,13,0,1727,0.089,27,f,0,0,14982.62,6212.38,12650,2332.62,0,0,0,03-01-2011,425.55,03-01-2011,2008,High Risk,Low Income,0,0.0104,0.1134,Low Interest
122404,122398,12750,12750,1600,36,0.15,444.05,F,F2,1 year,RENT,60000,Not Verified,08-01-2007,Fully Paid,n,credit_card,100xx,NY,19.52,0,03-01-2000,2,0,0,9,0,33074,0.688,9,f,0,0,13813.15,1733.47,12750,1063.15,0,0,0,04-01-2008,11149.39,08-01-2007,2007,High Risk,Low Income,0,0.0074,0.1533,Low Interest
227568,226102,12800,12800,1275,36,0.08,403.36,A,A5,< 1 year,MORTGAGE,65000,Not Verified,01-01-2008,Fully Paid,n,debt_consolidation,786xx,TX,7.26,0,10-01-1992,0,0,0,4,0,4365,0.514,12,f,0,0,13660.1,1360.68,12800,860.1,0,0,0,01-01-2009,9628.44,01-01-2010,2008,High Risk,Low Income,0,0.0062,0.0838,Low Interest
256488,256475,12800,12800,5241.1,36,0.09,409.73,B,B1,9 years,MORTGAGE,100000,Not Verified,02-01-2008,Fully Paid,n,debt_consolidation,774xx,TX,10.51,0,06-01-1997,3,0,0,14,0,15491,0.254,26,f,0,0,14750.09,5879.4,12799.99,1950.09,0,0,0,03-01-2011,411.52,02-01-2015,2008,High Risk,Low Income,0,0.0041,0.0945,Low Interest
275880,275756,12800,12800,4689.9,36,0.09,409.73,B,B1,1 year,RENT,65000,Not Verified,03-01-2008,Fully Paid,n,credit_card,750xx,TX,8.86,0,02-01-1994,0,0,0,4,0,13207,0.777,13,f,0,0,14750.08,5271.95,12800,1950.08,0,0,0,03-01-2011,411.12,03-01-2011,2008,High Risk,Low Income,0,0.0063,0.0945,Low Interest
734899,931481,12800,12800,12775,60,0.17,316.54,E,E2,6 years,MORTGAGE,43900,Not Verified,04-01-2011,Fully Paid,n,debt_consolidation,657xx,MO,15.55,0,08-01-2003,0,31,111,10,1,5190,0.597,16,f,0,0,18991.67,18954.58,12800,6191.67,0,0,0,05-01-2016,315.8,05-01-2016,2011,High Risk,Low Income,0,0.0072,0.1677,Low Interest
856790,1012470,12800,12800,12800,36,0.15,442.41,C,C4,10+ years,RENT,36000,Verified,08-01-2011,Charged Off,n,other,775xx,TX,8.47,1,03-01-2005,3,9,111,5,1,688,0.115,7,f,0,0,8362.46,8362.46,5682.53,2271.94,0,407.99,4.29,03-01-2013,442.41,08-01-2013,2011,High Risk,Low Income,1,0.0123,0.1479,Low Interest
729124,924874,12875,12875,12850,60,0.15,305.69,D,D2,1 year,MORTGAGE,85000,Verified,04-01-2011,Fully Paid,n,debt_consolidation,923xx,CA,19.64,0,03-01-2002,3,40,114,16,1,5492,0.331,39,f,0,0,14338.42,14310.58,12875,1463.42,0,0,0,03-01-2012,7403.28,10-01-2015,2011,High Risk,Low Income,0,0.0036,0.1491,Low Interest
161187,160991,12950,12950,1000,36,0.1,417.62,B,B5,< 1 year,MORTGAGE,92000,Not Verified,12-01-2007,Fully Paid,n,small_business,201xx,VA,6.48,0,07-01-1992,1,0,0,10,0,2598,0.238,15,f,0,0,14773.99,1140.85,12950,1823.99,0,0,0,12-01-2009,5171.89,12-01-2009,2007,High Risk,Low Income,0,0.0045,0.0996,Low Interest
243430,243042,13000,13000,11725,36,0.12,431.6,C,C4,< 1 year,MORTGAGE,83000,Not Verified,02-01-2008,Fully Paid,n,other,752xx,TX,3.92,0,07-01-1998,2,0,0,15,0,4933,0.151,22,f,0,0,15049.73,13573.7,13000,2049.73,0,0,0,11-01-2009,6418.18,11-01-2009,2008,High Risk,Low Income,0,0.0052,0.1197,Low Interest
271196,268449,13000,13000,5675,36,0.08,409.3,A,A4,10+ years,OWN,28800,Not Verified,03-01-2008,Fully Paid,n,debt_consolidation,337xx,FL,0.83,0,12-01-1993,1,0,0,3,0,209,0.023,5,f,0,0,14734.59,6432.22,13000,1734.59,0,0,0,03-01-2011,441.2,03-01-2011,2008,High Risk,Low Income,0,0.0142,0.0832,Low Interest
591700,759981,13000,13000,12740,60,0.16,315.79,D,D4,4 years,RENT,46800,Not Verified,10-01-2010,Fully Paid,n,debt_consolidation,112xx,NY,14.85,0,03-01-2000,2,59,55,11,1,5001,0.294,17,f,0,0,18606.1,18109.5,13000,5606.1,0,0,0,10-01-2014,4112.23,05-01-2016,2010,High Risk,Low Income,0,0.0067,0.1595,Low Interest
604326,775339,13000,13000,12030.3,60,0.2,344.64,G,G2,10+ years,OWN,42000,Source Verified,10-01-2010,Fully Paid,n,debt_consolidation,080xx,NJ,20.11,0,08-01-1997,1,36,111,3,1,9178,0.966,15,f,0,0,17078.83,14770.8,13000,4061.6,17.23,0,0,08-01-2012,10518.78,08-01-2012,2010,High Risk,Low Income,0,0.0082,0.2003,Low Interest
632988,810863,13000,13000,13000,36,0.13,435.59,C,C2,6 years,MORTGAGE,100000,Not Verified,12-01-2010,Fully Paid,n,credit_card,773xx,TX,12.55,0,03-01-1984,1,74,90,11,1,12870,0.766,27,f,0,0,15095.86,15095.86,13000,2095.86,0,0,0,08-01-2012,6844.16,09-01-2012,2010,High Risk,Low Income,0,0.0044,0.1261,Low Interest
641763,821481,13000,13000,12975,36,0.1,419.42,B,B4,2 years,MORTGAGE,120000,Not Verified,12-01-2010,Fully Paid,n,credit_card,801xx,CO,8.31,0,12-01-1994,3,40,112,7,1,12005,0.811,17,f,0,0,13878.93,13852.24,13000,878.93,0,0,0,10-01-2011,10527.51,04-01-2016,2010,High Risk,Low Income,0,0.0035,0.0999,Low Interest
868438,1082144,13000,13000,13000,36,0.16,456.98,D,D2,3 years,RENT,120000,Not Verified,09-01-2011,Charged Off,n,debt_consolidation,210xx,MD,24.8,0,01-01-2004,0,47,101,9,1,28912,0.502,22,f,0,0,6894.04,6894.04,4323.15,2056.09,0,514.8,5.11,11-01-2012,456.98,04-01-2013,2011,High Risk,Low Income,1,0.0038,0.1599,Low Interest
202379,202352,13025,13025,656.3,36,0.1,421.14,B,B4,1 year,MORTGAGE,40000,Not Verified,01-01-2008,Fully Paid,n,debt_consolidation,344xx,FL,17.01,0,01-01-1996,2,0,0,12,0,35944,0.562,21,f,0,0,15160.9,700.56,13025,2135.9,0,0,0,01-01-2011,424.78,01-01-2011,2008,High Risk,Low Income,0,0.0105,0.1014,Low Interest
484122,616275,13050,13050,12407.2,36,0.15,449.77,D,D1,5 years,MORTGAGE,140000,Not Verified,02-01-2010,Fully Paid,n,debt_consolidation,782xx,TX,11.07,0,07-01-1994,1,70,61,8,1,4954,0.822,18,f,0,0,16192.24,15268.71,13050,3142.24,0,0,0,03-01-2013,463,01-01-2016,2010,High Risk,Low Income,0,0.0032,0.1459,Low Interest
302378,302314,13200,13200,8700,36,0.13,446.29,D,D3,10+ years,MORTGAGE,75000,Verified,03-01-2008,Charged Off,n,credit_card,841xx,UT,21.06,0,02-01-1994,1,46,99,8,1,13438,0.719,29,f,0,0,4460.96,2936.51,3152.96,1299.64,0,8.36,4.02,02-01-2009,446.29,05-01-2016,2008,High Risk,Low Income,1,0.006,0.1324,Low Interest
241536,240491,13450,13450,10350,36,0.13,450.67,D,D1,4 years,RENT,35000,Not Verified,02-01-2008,Fully Paid,n,debt_consolidation,841xx,UT,19.71,0,10-01-1999,1,0,0,13,0,18028,0.884,16,f,0,0,14923.82,11484.13,13450,1473.82,0,0,0,02-01-2009,9974.99,01-01-2016,2008,High Risk,Low Income,0,0.0129,0.1261,Low Interest
218680,218656,13500,13500,678.4,36,0.11,440.57,C,C1,< 1 year,RENT,37200,Not Verified,01-01-2008,Fully Paid,n,debt_consolidation,122xx,NY,12.58,0,03-01-2002,0,0,0,9,0,10251,0.33,11,f,0,0,15837.05,795.26,13500,2337.05,0,0,0,12-01-2010,4.95,11-01-2010,2008,High Risk,Low Income,0,0.0118,0.1078,Low Interest
891165,1088580,13800,13800,13775,36,0.13,468.25,C,C2,10+ years,MORTGAGE,48000,Verified,09-01-2011,Fully Paid,n,other,019xx,MA,6.6,0,09-01-1979,2,31,22,5,1,787,0.167,15,f,0,0,16856.57,16826.03,13800,3056.57,0,0,0,10-01-2014,500.39,10-01-2014,2011,High Risk,Low Income,0,0.0098,0.1349,Low Interest
223345,223287,14000,14000,125,36,0.1,452.67,B,B4,< 1 year,MORTGAGE,75000,Not Verified,01-01-2008,Charged Off,n,debt_consolidation,328xx,FL,16.54,0,11-01-1994,0,46,0,10,0,14214,0.394,21,f,0,0,6789.28,60,5322.76,1466.52,0,0,0,04-01-2009,452.67,05-01-2016,2008,High Risk,Low Income,1,0.006,0.1014,Low Interest
278622,269243,14000,14000,6718.6,36,0.14,477.61,D,D5,2 years,RENT,62500,Not Verified,03-01-2008,Fully Paid,n,debt_consolidation,077xx,NJ,20.45,0,11-01-2000,2,0,0,12,0,20065,0.66,16,f,0,0,16853.88,8041.61,14000,2853.88,0,0,0,12-01-2010,61.13,05-01-2016,2008,High Risk,Low Income,0,0.0076,0.1387,Low Interest
477532,513224,14000,14000,13975,36,0.14,475.56,C,C3,6 years,MORTGAGE,79000,Not Verified,01-01-2010,Fully Paid,n,debt_consolidation,917xx,CA,16.34,0,12-01-1994,1,51,112,16,1,11889,0.548,38,f,0,0,16781.93,16751.96,14000,2781.93,0,0,0,03-01-2012,5386.04,09-01-2015,2010,High Risk,Low Income,0,0.006,0.1357,Low Interest
510578,659283,14000,14000,12735.5,36,0.17,497.87,E,E2,5 years,MORTGAGE,97200,Not Verified,05-01-2010,Charged Off,n,debt_consolidation,557xx,MN,15.54,1,02-01-1996,2,23,98,11,1,26470,0.977,60,f,0,0,11920.87,11149.34,5730.66,5716.89,0,473.32,4.93,07-01-2013,282.36,05-01-2016,2010,High Risk,Low Income,1,0.0051,0.1682,Low Interest
534357,690615,14000,14000,14000,60,0.17,346.59,E,E2,10+ years,MORTGAGE,98000,Source Verified,06-01-2010,Fully Paid,n,credit_card,708xx,LA,18.51,0,07-01-1991,1,30,93,7,1,15789,0.763,33,f,0,0,20040.7,20040.7,14000,6040.7,0,0,0,01-01-2014,5846.07,05-01-2016,2010,High Risk,Low Income,0,0.0035,0.1682,Low Interest
609918,782274,14000,14000,14000,60,0.15,334.54,D,D4,10+ years,MORTGAGE,80000,Source Verified,11-01-2010,Charged Off,n,debt_consolidation,982xx,WA,19.32,0,01-01-1996,3,80,96,13,1,28863,0.922,28,f,0,0,2675.41,2675.41,1308.52,1354.92,0,11.97,4.51,07-01-2011,334.54,05-01-2016,2010,High Risk,Low Income,1,0.0042,0.152,Low Interest
614964,788571,14000,14000,13700,36,0.13,469.09,C,C2,9 years,RENT,68000,Verified,11-01-2010,Fully Paid,n,debt_consolidation,072xx,NJ,6.72,3,12-01-1996,1,9,99,8,1,12116,0.616,25,f,0,0,15834.85,15495.52,14000,1834.85,0,0,0,03-01-2012,9281.61,07-01-2015,2010,High Risk,Low Income,0,0.0069,0.1261,Low Interest
729081,903745,14000,14000,13975,60,0.18,351.79,E,E4,10+ years,OWN,56000,Verified,04-01-2011,Fully Paid,n,home_improvement,038xx,NH,16.44,0,01-01-1996,3,54,103,11,1,10948,0.661,25,f,0,0,17481.04,17449.82,14000,3481.04,0,0,0,12-01-2012,11175.09,04-01-2016,2011,High Risk,Low Income,0,0.0063,0.1751,Low Interest
800018,1005270,14000,14000,14000,60,0.17,351.64,D,D5,5 years,MORTGAGE,50000,Not Verified,07-01-2011,Fully Paid,n,debt_consolidation,334xx,FL,21.24,1,06-01-2004,1,21,81,9,1,553,0.094,27,f,0,0,20804.23,20804.23,14000,6804.23,0,0,0,09-01-2015,3943.27,05-01-2016,2011,High Risk,Low Income,0,0.007,0.1749,Low Interest
800132,1005391,14000,14000,14000,36,0.13,471.65,C,C1,6 years,MORTGAGE,36000,Verified,07-01-2011,Fully Paid,n,debt_consolidation,656xx,MO,20.17,0,12-01-1999,2,69,77,10,1,2679,0.182,22,f,0,0,16159.31,16159.31,14000,2159.31,0,0,0,09-01-2013,381.03,09-01-2013,2011,High Risk,Low Income,0,0.0131,0.1299,Low Interest
833074,1042618,14000,14000,14000,60,0.17,347.11,D,D4,8 years,MORTGAGE,50000,Not Verified,08-01-2011,Fully Paid,n,other,293xx,SC,20.33,1,01-01-1984,1,8,110,11,1,14969,0.462,30,f,0,0,19898.4,19898.4,14000,5898.4,0,0,0,12-01-2014,6394.98,01-01-2015,2011,High Risk,Low Income,0,0.0069,0.1689,Low Interest
852973,1065114,14000,14000,13750,36,0.11,455.63,B,B2,6 years,MORTGAGE,90000,Source Verified,08-01-2011,Charged Off,n,debt_consolidation,028xx,RI,14.68,0,07-01-2001,0,72,78,10,1,7412,0.872,35,f,0,0,9111.53,8948.74,7220.47,1881.33,0,9.73,0,05-01-2013,455.63,04-01-2016,2011,High Risk,Low Income,1,0.0051,0.1059,Low Interest
853617,1048738,14000,14000,14000,36,0.12,464.94,B,B5,3 years,MORTGAGE,120000,Source Verified,08-01-2011,Fully Paid,n,medical,730xx,OK,6.81,0,09-01-1987,2,30,26,16,1,4179,0.279,48,f,0,0,15108,15108,14000,1108,0,0,0,08-01-2012,462.8,07-01-2012,2011,High Risk,Low Income,0,0.0039,0.1199,Low Interest
949941,1186168,14000,14000,14000,60,0.17,346.21,D,D2,9 years,MORTGAGE,130000,Verified,09-01-2011,Fully Paid,n,credit_card,762xx,TX,13.5,1,04-01-1997,2,15,90,13,1,9542,0.565,36,f,0,0,17328.14,17328.14,14000,3328.14,0,0,0,05-01-2013,11104.25,05-01-2013,2011,High Risk,Low Income,0,0.0027,0.1677,Low Interest
1031500,1261148,14000,14000,13975,60,0.19,360.41,E,E1,< 1 year,MORTGAGE,63000,Verified,11-01-2011,Charged Off,n,small_business,724xx,AR,23.35,0,02-01-2001,1,48,89,11,1,4504,0.512,37,f,0,0,5367.16,5357.62,2039.5,2640.76,0,686.9,6.66,01-01-2013,360.41,06-01-2013,2011,High Risk,Low Income,1,0.0057,0.1864,Low Interest
1044042,1274378,14000,14000,13975,60,0.17,349.98,D,D3,8 years,RENT,43000,Verified,12-01-2011,Charged Off,n,debt_consolidation,302xx,GA,17.97,0,07-01-1991,1,30,85,17,1,7265,0.611,31,f,0,0,15399.12,15371.69,9011.91,6350.55,0,36.66,6.6,08-01-2015,349.98,05-01-2016,2011,High Risk,Low Income,1,0.0081,0.1727,Low Interest
813928,1021407,14125,14125,14125,36,0.14,482.7,C,C3,10+ years,MORTGAGE,45000,Source Verified,07-01-2011,Fully Paid,n,debt_consolidation,731xx,OK,21.41,0,07-01-1990,1,81,101,11,1,6728,0.863,38,f,0,0,17024.37,17024.37,14125,2899.37,0,0,0,08-01-2013,5454.77,09-01-2013,2011,High Risk,Low Income,0,0.0107,0.1399,Low Interest
891092,1107881,14125,14125,14125,60,0.14,330.65,C,C2,5 years,RENT,39037,Verified,09-01-2011,Current,n,medical,341xx,FL,22.62,0,03-01-1996,0,61,56,14,1,11440,0.867,37,f,1606,1606,18167.55,18167.55,12519.02,5648.53,0,0,0,05-01-2016,330.65,04-01-2016,2011,High Risk,Low Income,0,0.0085,0.1427,Low Interest
262618,249263,14275,14275,3677.7,36,0.09,456.94,B,B1,10+ years,RENT,135000,Not Verified,02-01-2008,Fully Paid,n,credit_card,900xx,CA,11.18,0,02-01-1998,1,55,0,5,0,11188,0.56,20,f,0,0,16449.78,4090.85,14275,2174.78,0,0,0,03-01-2011,457.88,05-01-2016,2008,High Risk,Low Income,0,0.0034,0.0945,Low Interest
277628,277602,14300,14300,5217.2,36,0.1,464.05,B,B4,< 1 year,RENT,30000,Not Verified,03-01-2008,Fully Paid,n,credit_card,853xx,AZ,21.28,0,09-01-2000,2,0,0,7,0,5649,0.302,14,f,0,0,16728.73,5860.13,14300,2405.53,23.2,0,0,03-01-2011,469.75,03-01-2011,2008,High Risk,Low Income,0,0.0155,0.1039,Low Interest
859544,1072240,14300,14300,14300,60,0.2,380.86,F,F1,10+ years,MORTGAGE,58500,Verified,08-01-2011,Current,n,debt_consolidation,432xx,OH,20.72,0,05-01-2000,2,76,108,7,1,18167,0.878,16,f,1477,1477,21290.22,21290.22,12823.33,8466.89,0,0,0,05-01-2016,380.86,05-01-2016,2011,High Risk,Low Income,0,0.0065,0.2025,Low Interest
178157,177995,14400,14400,125,36,0.13,483.81,D,D4,1 year,RENT,36120,Not Verified,12-01-2007,Charged Off,n,debt_consolidation,689xx,NE,8.47,0,08-01-2000,2,0,0,7,0,7104,0.935,25,f,0,0,5511.15,47.32,2812.13,2024.47,0,674.55,129.93,10-01-2009,50.03,02-01-2010,2007,High Risk,Low Income,1,0.0134,0.128,Low Interest
222829,222675,14400,14400,1510.7,36,0.1,461.35,B,B2,10+ years,RENT,88068,Not Verified,01-01-2008,Fully Paid,n,debt_consolidation,920xx,CA,9.96,0,08-01-1993,0,0,104,10,1,4765,0.165,32,f,0,0,16608.26,1624.17,14400,2208.26,0,0,0,02-01-2011,461.98,02-01-2016,2008,High Risk,Low Income,0,0.0052,0.0951,Low Interest
728482,924159,14400,14400,14400,60,0.17,356.1,E,E2,5 years,OWN,125000,Verified,04-01-2011,Fully Paid,n,debt_consolidation,194xx,PA,5.88,0,01-01-1985,3,43,103,10,1,9168,0.849,23,f,0,0,21336.67,21336.67,14399.99,6918.87,17.81,0,0,12-01-2015,2089.47,12-01-2015,2011,High Risk,Low Income,0,0.0028,0.1677,Low Interest
751684,951147,14400,14400,14400,60,0.2,383.52,F,F1,5 years,MORTGAGE,60000,Not Verified,05-01-2011,Charged Off,n,debt_consolidation,301xx,GA,24.41,0,11-01-1998,2,69,76,10,1,18476,0.637,19,f,0,0,16962.73,16962.73,8486.54,7615.69,0,860.5,154.89,12-01-2014,383.52,05-01-2015,2011,High Risk,Low Income,1,0.0064,0.2025,Low Interest
795569,1000318,14400,14400,14375,60,0.17,361.69,D,D5,5 years,MORTGAGE,52000,Verified,06-01-2011,Current,n,home_improvement,546xx,WI,24.99,0,01-01-1993,0,46,89,13,1,12507,0.834,29,f,754,753,20955.08,20918.91,13645.9,7309.18,0,0,0,05-01-2016,361.69,05-01-2016,2011,High Risk,Low Income,0,0.007,0.1749,Low Interest
826578,1035456,14400,14400,14375,60,0.18,368.73,E,E2,6 years,RENT,73923,Verified,07-01-2011,Current,n,credit_card,331xx,FL,14.92,1,11-01-1995,3,18,117,15,1,8830,0.768,40,f,1073,1071,21016.71,20980.23,13326.66,7690.05,0,0,0,05-01-2016,368.73,05-01-2016,2011,High Risk,Low Income,0,0.005,0.1839,Low Interest
263697,263450,14500,14500,2750,36,0.12,481.4,C,C4,3 years,RENT,65000,Not Verified,02-01-2008,Charged Off,n,debt_consolidation,925xx,CA,8.6,0,03-01-1999,1,0,0,7,0,15506,0.957,9,f,0,0,7165.25,1358.66,5032.9,1706.7,0,425.65,4.37,05-01-2009,481.4,12-01-2009,2008,High Risk,Low Income,1,0.0074,0.1197,Low Interest
613943,787105,14500,14500,14475,36,0.1,470.33,B,B5,2 years,RENT,45000,Source Verified,12-01-2010,Fully Paid,n,debt_consolidation,530xx,WI,24.24,2,07-01-1989,2,18,108,11,1,5739,0.373,26,f,0,0,16627.85,16599.18,14500,2127.85,0,0,0,12-01-2012,5821.02,02-01-2016,2010,High Risk,Low Income,0,0.0105,0.1036,Low Interest
986404,1210365,14500,14500,14500,36,0.11,472.32,B,B2,8 years,MORTGAGE,52000,Verified,10-01-2011,Fully Paid,n,debt_consolidation,212xx,MD,20.7,0,04-01-2000,0,34,108,16,1,7710,0.473,21,f,0,0,17009.65,17009.65,14500,2509.65,0,0,0,11-01-2014,495.02,11-01-2014,2011,High Risk,Low Income,0,0.0091,0.1065,Low Interest
266130,265246,14700,14700,1973.8,36,0.12,490.29,C,C5,8 years,RENT,37200,Not Verified,03-01-2008,Charged Off,n,debt_consolidation,060xx,CT,21.94,0,10-01-2002,2,0,0,14,0,14694,0.431,18,f,0,0,15697.87,2100.51,12789.59,2908.28,0,0,0,11-01-2010,490.29,04-01-2016,2008,High Risk,Low Income,1,0.0132,0.1229,Low Interest
682833,872085,14800,14800,14800,36,0.14,507.06,C,C5,4 years,MORTGAGE,125000,Source Verified,03-01-2011,Fully Paid,n,car,338xx,FL,24.19,0,01-01-1991,1,57,91,8,1,25670,0.87,21,f,0,0,16872.2,16872.2,14800,2072.2,0,0,0,05-01-2012,10288.14,05-01-2016,2011,High Risk,Low Income,0,0.0041,0.1417,Low Interest
69001,265533,15000,15000,14875,36,0.09,476.58,A,A5,< 1 year,MORTGAGE,110000,Not Verified,09-01-2009,Fully Paid,n,credit_card,146xx,NY,7.07,0,11-01-1991,1,0,0,6,0,7586,0.527,19,f,0,0,17135.51,16992.71,15000,2135.51,0,0,0,07-01-2012,1919.13,08-01-2015,2009,High Risk,Low Income,0,0.0043,0.0894,Low Interest
69828,272798,15000,15000,13138.2,36,0.09,474.42,A,A5,10+ years,OWN,50000,Not Verified,03-01-2008,Fully Paid,n,other,488xx,MI,2.59,0,06-01-1975,0,0,0,4,0,5656,0.276,25,f,0,0,17208.18,15033.5,15000,2113.3,94.88,0,0,08-01-2011,38.2,08-01-2011,2008,High Risk,Low Income,0,0.0095,0.0863,Low Interest
154286,154264,15000,15000,975,36,0.1,485.99,C,C1,< 1 year,RENT,88000,Not Verified,11-01-2007,Fully Paid,n,credit_card,981xx,WA,11.95,0,12-01-1993,0,0,0,3,0,24615,0.947,6,f,0,0,17586.45,1143.12,15000,2586.45,0,0,0,03-01-2011,573.03,02-01-2011,2007,High Risk,Low Income,0,0.0055,0.1028,Low Interest
167205,167144,15000,15000,350,36,0.1,485.99,C,C1,1 year,RENT,50000,Not Verified,12-01-2007,Fully Paid,n,debt_consolidation,079xx,NJ,11.88,0,09-01-1988,0,42,0,15,0,13867,0.337,24,f,0,0,17495.31,408.22,15000,2495.31,0,0,0,12-01-2010,490.65,02-01-2011,2007,High Risk,Low Income,0,0.0097,0.1028,Low Interest
177075,177072,15000,15000,1999.1,36,0.08,472.68,A,A5,2 years,RENT,77000,Not Verified,12-01-2007,Fully Paid,n,major_purchase,282xx,NC,7.96,0,09-01-1991,0,0,0,7,0,0,0,30,f,0,0,17016.46,2206.03,15000,2016.46,0,0,0,12-01-2010,482.31,08-01-2015,2007,High Risk,Low Income,0,0.0061,0.0838,Low Interest
177913,171100,15000,7000,350,36,0.1,224.69,B,B4,< 1 year,MORTGAGE,19500,Not Verified,12-01-2007,Fully Paid,n,major_purchase,136xx,NY,21.23,0,10-01-1991,0,0,0,11,0,16324,0.48,25,f,0,0,7930.94,396.55,7000,930.94,0,0,0,11-01-2009,2988.95,11-01-2009,2007,High Risk,Low Income,0,0.0115,0.0964,Low Interest
196148,196134,15000,15000,850,36,0.09,477.07,B,B2,10+ years,RENT,71000,Not Verified,01-01-2008,Fully Paid,n,debt_consolidation,927xx,CA,6.88,0,05-01-1995,0,0,0,16,0,6297,0.145,36,f,0,0,17163.96,972.63,15000,2163.96,0,0,0,10-01-2010,1902.2,10-01-2010,2008,High Risk,Low Income,0,0.0067,0.0901,Low Interest
197959,197950,15000,15000,1950.8,36,0.1,481.48,B,B4,< 1 year,OWN,40000,Not Verified,01-01-2008,Fully Paid,n,small_business,530xx,WI,4.05,0,06-01-2000,3,0,0,3,0,11601,0.859,6,f,0,0,17333.14,2179.06,15000,2333.14,0,0,0,01-01-2011,484.25,05-01-2016,2008,High Risk,Low Income,0,0.012,0.0964,Low Interest
203554,202908,15000,15000,1300.1,36,0.1,485,B,B4,8 years,MORTGAGE,88296,Not Verified,01-01-2008,Fully Paid,n,debt_consolidation,327xx,FL,13.73,0,12-01-1992,0,36,0,14,0,14903,0.353,48,f,0,0,17459.76,1344.33,14999.99,2459.77,0,0,0,01-01-2011,487.31,07-01-2015,2008,High Risk,Low Income,0,0.0055,0.1014,Low Interest
214363,190375,15000,15000,2933.5,36,0.12,498.51,C,C5,1 year,RENT,47000,Not Verified,01-01-2008,Fully Paid,n,debt_consolidation,947xx,CA,17.95,0,11-01-2000,0,0,0,12,0,16502,0.63,17,f,0,0,17971.19,3439.78,15000,2946.27,24.93,0,0,02-01-2011,501.05,01-01-2011,2008,High Risk,Low Income,0,0.0106,0.1204,Low Interest
216540,213030,15000,15000,1277.7,36,0.14,514.49,E,E2,< 1 year,RENT,48000,Not Verified,01-01-2008,Fully Paid,n,debt_consolidation,921xx,CA,19.05,0,01-01-1991,0,47,0,9,0,14036,0.644,21,f,0,0,18521.54,1577.15,15000,3521.54,0,0,0,01-01-2011,521.82,12-01-2013,2008,High Risk,Low Income,0,0.0107,0.1425,Low Interest
217723,214389,15000,15000,829.4,36,0.1,485,B,B4,4 years,RENT,84000,Not Verified,01-01-2008,Fully Paid,n,wedding,441xx,OH,19.86,0,06-01-2000,4,0,0,10,0,6437,0.286,19,f,0,0,17459.76,902.64,14999.99,2459.76,0,0,0,01-01-2011,489.14,01-01-2011,2008,High Risk,Low Income,0,0.0058,0.1014,Low Interest
221264,221224,15000,15000,450,36,0.12,498.51,C,C5,7 years,MORTGAGE,100000,Not Verified,01-01-2008,Fully Paid,n,debt_consolidation,480xx,MI,15.82,2,12-01-1982,1,2,0,12,0,49459,0.888,45,f,0,0,17877.41,536.32,15000,2827.56,49.86,0,0,10-01-2012,576.87,10-01-2012,2008,High Risk,Low Income,0,0.005,0.1204,Low Interest
224210,218822,15000,15000,827.3,36,0.12,498.51,C,C5,3 years,RENT,100000,Not Verified,01-01-2008,Fully Paid,n,debt_consolidation,201xx,VA,14.32,0,11-01-1995,1,0,0,7,0,25988,0.988,24,f,0,0,17913.08,983.28,15000,2913.08,0,0,0,12-01-2010,3.98,02-01-2014,2008,High Risk,Low Income,0,0.005,0.1204,Low Interest
224614,224538,15000,7000,1887.9,36,0.12,231.57,C,C4,2 years,RENT,200000,Not Verified,01-01-2008,Fully Paid,n,medical,100xx,NY,15.46,0,11-01-1989,0,0,0,17,0,119420,0.951,26,f,0,0,8336.31,2193.16,7000,1336.31,0,0,0,02-01-2011,237.97,01-01-2016,2008,High Risk,Low Income,0,0.0012,0.1172,Low Interest
228923,228859,15000,15000,1450,36,0.11,491.73,C,C2,10+ years,RENT,32000,Not Verified,01-01-2008,Charged Off,n,debt_consolidation,930xx,CA,4.8,0,07-01-1998,1,58,0,7,0,4134,0.394,25,f,0,0,7796.54,749.33,5649.18,1721.35,0,426.01,4.33,05-01-2009,491.73,11-01-2009,2008,High Risk,Low Income,1,0.0154,0.1109,Low Interest
229276,206288,15000,15000,977.7,36,0.12,496.22,C,C4,10+ years,MORTGAGE,66000,Not Verified,01-01-2008,Fully Paid,n,debt_consolidation,554xx,MN,2.42,0,09-01-1990,1,36,0,3,0,0,0,12,f,0,0,17863.54,1151.48,15000,2863.54,0,0,0,02-01-2011,501.2,03-01-2016,2008,High Risk,Low Income,0,0.0075,0.1172,Low Interest
235094,235091,15000,15000,3225,36,0.09,478.4,B,B1,10+ years,MORTGAGE,55000,Not Verified,01-01-2008,Fully Paid,n,debt_consolidation,215xx,MD,12.28,0,11-01-1987,1,28,0,31,0,2787,0.023,45,f,0,0,17317.38,3723.24,15000,2317.38,0,0,0,08-01-2011,393.72,07-01-2011,2008,High Risk,Low Income,0,0.0087,0.092,Low Interest
237452,237404,15000,15000,8167.7,36,0.12,498.51,C,C5,2 years,MORTGAGE,202000,Not Verified,02-01-2008,Fully Paid,n,home_improvement,922xx,CA,17.08,0,02-01-1992,3,0,0,23,0,108397,0.673,53,f,0,0,17945.98,9714.4,15000,2945.99,0,0,0,02-01-2011,503.92,02-01-2016,2008,High Risk,Low Income,0,0.0025,0.1204,Low Interest
238327,220429,15000,15000,4575,36,0.06,467.45,C,C4,5 years,MORTGAGE,62500,Not Verified,02-01-2008,Fully Paid,n,debt_consolidation,281xx,NC,15.28,0,04-01-1995,3,0,0,17,0,26044,0.345,41,f,0,0,17144.61,5229.11,15000,2144.61,0,0,0,02-01-2011,473.81,05-01-2016,2008,High Risk,Low Income,0,0.0075,0.06,Low Interest
252729,252718,15000,15000,2050.7,36,0.11,493.5,C,C2,5 years,MORTGAGE,100000,Not Verified,02-01-2008,Fully Paid,n,small_business,721xx,AR,2.32,1,10-01-1991,1,23,0,12,0,4929,0.335,16,f,0,0,17765.99,2309.73,14999.99,2766,0,0,0,02-01-2011,497.68,11-01-2013,2008,High Risk,Low Income,0,0.0049,0.1134,Low Interest
253427,253371,15000,15000,2100,36,0.13,507.15,D,D3,10+ years,RENT,69400,Not Verified,02-01-2008,Fully Paid,n,other,112xx,NY,3.29,0,01-01-1998,0,25,0,2,0,170,0.34,4,f,0,0,18257.19,2556.01,15000,3257.19,0,0,0,02-01-2011,516.11,02-01-2011,2008,High Risk,Low Income,0,0.0073,0.1324,Low Interest
253766,253183,15000,15000,825,36,0.12,495.79,C,C3,2 years,RENT,36000,Not Verified,02-01-2008,Charged Off,n,home_improvement,071xx,NJ,5.17,1,12-01-1995,2,16,0,2,0,1340,0.536,16,f,0,0,16778.59,919.26,9552.88,2705.65,79.03,4441.03,1554.36,01-01-2011,50.19,04-01-2016,2008,High Risk,Low Income,1,0.0138,0.1166,Low Interest
256991,256963,15000,15000,5950,36,0.17,535.02,F,F5,3 years,MORTGAGE,107000,Not Verified,02-01-2008,Charged Off,n,debt_consolidation,152xx,PA,15.81,0,11-01-1989,0,41,0,13,0,44543,0.868,42,f,0,0,9624.6,3815.28,6550.05,3074.55,0,0,0,08-01-2009,535.02,05-01-2016,2008,High Risk,Low Income,1,0.005,0.1703,Low Interest
258603,257736,15000,15000,2400,36,0.13,504.84,D,D2,4 years,RENT,45000,Not Verified,02-01-2008,Charged Off,n,debt_consolidation,940xx,CA,6.08,1,03-01-1999,1,14,0,5,0,5071,0.78,7,f,0,0,11885.31,1899.51,8903.51,2703.9,0,277.9,2.95,01-01-2010,504.84,07-01-2010,2008,High Risk,Low Income,1,0.0112,0.1292,Low Interest
258644,258625,15000,15000,5898.3,36,0.1,486.76,B,B4,5 years,RENT,53307,Not Verified,02-01-2008,Fully Paid,n,debt_consolidation,981xx,WA,11.37,0,12-01-2001,0,0,0,7,0,24,0.003,8,f,0,0,17523.32,6655.98,14999.99,2523.32,0,0,0,03-01-2011,488.96,02-01-2011,2008,High Risk,Low Income,0,0.0091,0.1039,Low Interest
260049,259803,15000,15000,2441.7,36,0.15,516.32,E,E2,1 year,MORTGAGE,65000,Not Verified,02-01-2008,Fully Paid,n,debt_consolidation,145xx,NY,15.6,0,05-01-1998,1,61,0,21,0,9080,0.639,34,f,0,0,18613.43,3026.63,15000,3587.61,25.82,0,0,03-01-2011,518.82,05-01-2016,2008,High Risk,Low Income,0,0.0079,0.145,Low Interest
264267,264254,15000,15000,1311.8,36,0.1,482.32,B,B2,1 year,MORTGAGE,26000,Not Verified,02-01-2008,Charged Off,n,home_improvement,132xx,NY,5.77,0,08-01-1995,1,0,0,22,0,3050,0.029,49,f,0,0,9353.76,823.49,7125.16,1874.32,0,354.28,3.64,11-01-2009,582.44,04-01-2010,2008,High Risk,Low Income,1,0.0186,0.0976,Low Interest
264499,264489,15000,15000,3441.7,36,0.11,493.5,C,C2,10+ years,RENT,57720,Not Verified,03-01-2008,Fully Paid,n,debt_consolidation,320xx,FL,8.61,0,02-01-1994,1,0,0,10,0,14453,0.455,24,f,0,0,17775.46,3888.35,15000,2775.46,0,0,0,09-01-2011,9.11,09-01-2011,2008,High Risk,Low Income,0,0.0085,0.1134,Low Interest
264923,264912,15000,15000,1600,36,0.1,482.32,B,B2,< 1 year,MORTGAGE,55000,Not Verified,03-01-2008,Charged Off,n,debt_consolidation,275xx,NC,15.1,0,06-01-1986,1,0,0,21,0,11648,0.148,46,f,0,0,8702.38,925.86,6948.07,1730.2,24.11,0,0,09-01-2009,482.32,05-01-2016,2008,High Risk,Low Income,1,0.0088,0.0976,Low Interest
268855,268848,15000,15000,3175,36,0.1,482.32,B,B2,7 years,MORTGAGE,65000,Not Verified,03-01-2008,Charged Off,n,house,321xx,FL,11.35,0,03-01-1997,2,0,0,7,0,3834,0.333,12,f,0,0,2410.4,509.4,1830.23,580.17,0,0,0,08-01-2008,482.32,05-01-2016,2008,High Risk,Low Income,1,0.0074,0.0976,Low Interest
270351,270222,15000,15000,3307.1,36,0.1,486.76,B,B4,10+ years,MORTGAGE,108000,Not Verified,03-01-2008,Fully Paid,n,home_improvement,773xx,TX,8.92,0,10-01-1999,1,0,0,13,0,15553,0.2,19,f,0,0,17523.32,3719.03,15000,2523.32,0,0,0,03-01-2011,491.12,04-01-2011,2008,High Risk,Low Income,0,0.0045,0.1039,Low Interest
271045,270680,15000,15000,4175,36,0.13,507.15,D,D3,10+ years,OWN,46776,Not Verified,03-01-2008,Fully Paid,n,debt_consolidation,456xx,OH,10.03,0,11-01-1996,0,0,0,11,0,9288,0.714,30,f,0,0,18181.76,5060.65,15000,3156.4,25.36,0,0,12-01-2010,414.36,12-01-2010,2008,High Risk,Low Income,0,0.0108,0.1324,Low Interest
272429,268428,15000,15000,3625,36,0.11,491.3,C,C1,< 1 year,OWN,149616,Not Verified,03-01-2008,Charged Off,n,debt_consolidation,925xx,CA,9.52,1,10-01-1997,0,23,0,22,0,25870,0.561,38,f,0,0,7860.11,1891.51,6053.22,1796.38,0,10.51,4.04,07-01-2009,491.3,05-01-2016,2008,High Risk,Low Income,1,0.0033,0.1103,Low Interest
273608,263769,15000,15000,2965.6,36,0.11,491.3,C,C1,5 years,MORTGAGE,67200,Not Verified,03-01-2008,Charged Off,n,debt_consolidation,346xx,FL,15.5,0,09-01-2001,0,0,0,12,0,12569,0.462,17,f,0,0,12041.08,2382.59,9437.08,2347.64,0,256.36,2.69,03-01-2010,491.3,08-01-2010,2008,High Risk,Low Income,1,0.0073,0.1103,Low Interest
280623,280612,15000,15000,2675,36,0.11,493.5,C,C2,< 1 year,RENT,84000,Not Verified,03-01-2008,Fully Paid,n,credit_card,222xx,VA,10.49,0,09-01-1999,0,39,0,17,0,11332,0.397,26,f,0,0,16908.81,3015.42,15000,1908.81,0,0,0,01-01-2010,1542.21,01-01-2010,2008,High Risk,Low Income,0,0.0059,0.1134,Low Interest
352484,354851,15000,14450,0,36,0.11,472.81,B,B5,5 years,RENT,45000,Not Verified,07-01-2008,Charged Off,n,other,113xx,NY,1.33,0,09-01-1999,2,42,100,3,1,1661,0.158,11,f,0,0,7041.62,0,5065.45,1553.75,0,422.42,4.23,10-01-2009,472.81,02-01-2016,2008,High Risk,Low Income,1,0.0105,0.1096,Low Interest
361945,370872,15000,15000,5775,36,0.14,512.6,D,D3,4 years,MORTGAGE,64000,Not Verified,11-01-2008,Charged Off,n,home_improvement,925xx,CA,5.38,0,12-01-1998,2,76,18,5,1,12945,0.766,14,f,0,0,4812.84,1850.78,2333.13,2479.71,0,0,0,03-01-2010,562.64,05-01-2016,2008,High Risk,Low Income,1,0.008,0.1399,Low Interest
368493,383054,15000,15000,2700,36,0.14,511.14,C,C5,< 1 year,RENT,60000,Not Verified,12-01-2008,Fully Paid,n,debt_consolidation,945xx,CA,7.12,0,07-01-1993,2,59,93,4,1,24803,0.775,14,f,0,0,16923.99,3046.32,15000,1923.99,0,0,0,02-01-2010,10791.93,01-01-2010,2008,High Risk,Low Income,0,0.0085,0.1379,Low Interest
370285,386975,15000,15000,9635.3,36,0.14,513.44,D,D1,9 years,MORTGAGE,91000,Verified,01-01-2009,Fully Paid,n,debt_consolidation,983xx,WA,16.8,0,05-01-1993,1,46,88,11,1,16935,0.91,35,f,0,0,18483.53,11477.93,15000,3483.53,0,0,0,01-01-2012,526.9,12-01-2015,2009,High Risk,Low Income,0,0.0056,0.1411,Low Interest
371341,384265,15000,15000,9000.5,36,0.15,518.06,D,D3,10+ years,MORTGAGE,65004,Verified,01-01-2009,Charged Off,n,debt_consolidation,327xx,FL,22.1,0,06-01-1995,2,63,69,16,1,23535,0.667,38,f,0,0,13978.71,6680.04,10604.94,3373.77,0,0,0,04-01-2011,518.06,04-01-2016,2009,High Risk,Low Income,1,0.008,0.1474,Low Interest
373982,394029,15000,15000,8660.6,36,0.12,495.21,B,B3,1 year,MORTGAGE,75333,Verified,01-01-2009,Fully Paid,n,car,920xx,CA,9.81,1,04-01-1991,0,21,98,10,1,4218,0.014,20,f,0,0,17827.19,9836.82,14999.98,2827.21,0,0,0,02-01-2012,509.56,01-01-2012,2009,High Risk,Low Income,0,0.0066,0.1158,Low Interest
430646,510789,15000,15000,13133.2,36,0.13,504.27,C,C2,10+ years,MORTGAGE,95000,Verified,08-01-2009,Charged Off,n,credit_card,935xx,CA,9.75,0,11-01-1987,0,46,115,15,1,33981,0.771,34,f,0,0,5040.1,4527.6,3605.94,1434.16,0,0,0,06-01-2010,504.27,05-01-2016,2009,High Risk,Low Income,1,0.0053,0.1284,Low Interest
459766,573347,15000,15000,14975,36,0.13,507.01,C,C2,10+ years,OWN,130000,Not Verified,11-01-2009,Fully Paid,n,credit_card,956xx,CA,8.36,3,01-01-1984,0,6,113,18,1,23494,0.463,37,f,0,0,16955.69,16927.43,15000,1955.69,0,0,0,02-01-2011,10372.06,05-01-2016,2009,High Risk,Low Income,0,0.0039,0.1322,Low Interest
484242,616476,15000,15000,14975,36,0.14,511.56,C,C4,10+ years,MORTGAGE,135000,Not Verified,02-01-2010,Fully Paid,n,debt_consolidation,211xx,MD,19.29,0,12-01-1969,1,49,101,12,1,24341,0.872,23,f,0,0,18417.04,18386.34,15000,3417.04,0,0,0,03-01-2013,533.07,01-01-2014,2010,High Risk,Low Income,0,0.0038,0.1385,Low Interest
503621,648231,15000,15000,14975,36,0.15,519.7,D,D2,< 1 year,MORTGAGE,75000,Not Verified,04-01-2010,Charged Off,n,credit_card,061xx,CT,8.52,0,09-01-2002,1,67,65,21,1,9919,0.644,24,f,0,0,16236.17,16209.24,12433.31,3658.39,0,144.47,3,01-01-2013,521.51,04-01-2016,2010,High Risk,Low Income,1,0.0069,0.1496,Low Interest
528310,683259,15000,15000,14898.5,60,0.19,392.51,F,F4,10+ years,RENT,60000,Verified,06-01-2010,Charged Off,n,debt_consolidation,923xx,CA,15.06,0,04-01-1999,0,97,94,3,1,15918,0.942,12,f,0,0,12576.8,12489.3,6199.38,6359.57,17.85,0,0,03-01-2013,39.8,05-01-2016,2010,High Risk,Low Income,1,0.0065,0.1941,Low Interest
535385,691805,15000,15000,15000,36,0.13,507.08,C,C1,4 years,MORTGAGE,39700,Not Verified,06-01-2010,Fully Paid,n,debt_consolidation,210xx,MD,8.86,1,02-01-1999,0,7,94,7,1,11026,0.289,20,f,0,0,16604.93,16604.93,15000,1604.93,0,0,0,06-01-2011,11539.05,08-01-2015,2010,High Risk,Low Income,0,0.0128,0.1323,Low Interest
565660,727715,15000,15000,14925,60,0.15,358.51,D,D2,5 years,MORTGAGE,123000,Verified,08-01-2010,Fully Paid,n,debt_consolidation,125xx,NY,7.48,0,11-01-1995,0,38,30,6,1,13083,0.823,14,f,0,0,21272.41,21166.05,15000,6272.41,0,0,0,11-01-2014,3740.63,09-01-2015,2010,High Risk,Low Income,0,0.0029,0.1521,Low Interest
622402,797682,15000,15000,15000,60,0.19,391.51,F,F5,10+ years,MORTGAGE,65000,Source Verified,12-01-2010,Charged Off,n,credit_card,236xx,VA,19.99,0,05-01-1998,2,71,91,11,1,23351,0.756,31,f,0,0,10614.1,10614.1,5274.9,4781.2,0,558,5.89,02-01-2013,202.24,05-01-2013,2010,High Risk,Low Income,1,0.006,0.1929,Low Interest
642983,820684,15000,15000,14975,36,0.16,529.73,E,E2,10+ years,MORTGAGE,170000,Verified,01-01-2011,Charged Off,n,credit_card,905xx,CA,8.49,0,12-01-1979,2,38,109,10,1,29236,0.853,29,f,0,0,10593.2,10575.58,7417.34,3160.46,0,15.4,0,09-01-2012,529.73,05-01-2016,2011,High Risk,Low Income,1,0.0031,0.1632,Low Interest
650913,832643,15000,15000,15000,36,0.11,491.87,B,B5,5 years,MORTGAGE,100000,Verified,03-01-2011,Fully Paid,n,debt_consolidation,430xx,OH,2.98,0,04-01-1991,0,72,93,11,1,10716,0.27,36,f,0,0,17707,17707,15000,2707,0,0,0,04-01-2014,554.48,02-01-2016,2011,High Risk,Low Income,0,0.0049,0.1111,Low Interest
679000,867414,15000,15000,15000,36,0.13,505.85,C,C2,2 years,OWN,48000,Verified,02-01-2011,Fully Paid,n,debt_consolidation,030xx,NH,14.8,0,08-01-1992,1,40,107,13,1,9593,0.459,23,f,0,0,17684.25,17684.25,15000,2684.25,0,0,0,11-01-2013,831.21,11-01-2015,2011,High Risk,Low Income,0,0.0105,0.1306,Low Interest
699751,891355,15000,15000,15000,60,0.19,392.09,F,F4,3 years,MORTGAGE,120000,Verified,03-01-2011,Fully Paid,n,debt_consolidation,210xx,MD,5.74,1,11-01-1996,2,6,95,5,1,548,0.609,25,f,0,0,23183.67,23183.67,15000,8183.67,0,0,0,04-01-2015,4379.56,05-01-2015,2011,High Risk,Low Income,0,0.0033,0.1936,Low Interest
707917,900319,15000,15000,14800,60,0.15,356.15,D,D2,2 years,MORTGAGE,40000,Verified,04-01-2011,Charged Off,n,small_business,708xx,LA,9.45,0,11-01-1983,3,35,99,9,1,3600,0.187,18,f,0,0,2414.1,2381.85,867.37,907.53,0,639.2,6.15,09-01-2011,356.15,02-01-2012,2011,High Risk,Low Income,1,0.0089,0.1491,Low Interest
722839,917706,15000,15000,14950,60,0.16,361.99,D,D4,7 years,MORTGAGE,52000,Verified,04-01-2011,Fully Paid,n,debt_consolidation,278xx,NC,22.38,1,12-01-1984,0,6,103,11,1,10130,0.501,21,f,0,0,19680.24,19614.64,15000,4680.24,0,0,0,09-01-2013,9558.23,05-01-2016,2011,High Risk,Low Income,0,0.007,0.1565,Low Interest
749557,948802,15000,15000,15000,60,0.16,368.69,D,D3,1 year,OWN,88000,Verified,05-01-2011,Fully Paid,n,debt_consolidation,829xx,WY,10,0,07-01-1989,2,63,86,9,1,10841,0.599,27,f,0,0,21658.13,21658.13,15000,6658.13,0,0,0,03-01-2015,5097.58,05-01-2016,2011,High Risk,Low Income,0,0.0042,0.1649,Low Interest
762550,963082,15000,15000,15000,36,0.11,491.01,B,B3,10+ years,RENT,85000,Verified,05-01-2011,Fully Paid,n,other,117xx,NY,14.44,0,02-01-1996,0,38,89,5,1,3687,0.392,19,f,0,0,17676.35,17676.35,15000,2676.35,0,0,0,06-01-2014,526.69,03-01-2016,2011,High Risk,Low Income,0,0.0058,0.1099,Low Interest
769216,970658,15000,15000,15000,36,0.16,527.29,D,D2,2 years,MORTGAGE,100000,Source Verified,06-01-2011,Fully Paid,n,debt_consolidation,256xx,WV,9.13,0,05-01-1995,0,43,87,10,1,9331,0.791,24,f,0,0,18982.05,18982.05,15000,3982.05,0,0,0,06-01-2014,570.18,04-01-2016,2011,High Risk,Low Income,0,0.0053,0.1599,Low Interest
791778,996136,15000,15000,15000,36,0.11,491.01,B,B3,3 years,MORTGAGE,120000,Source Verified,06-01-2011,Fully Paid,n,small_business,334xx,FL,10.09,1,12-01-1998,0,23,110,14,1,33884,0.774,28,f,0,0,17676.35,17676.35,15000,2676.35,0,0,0,07-01-2014,513.34,09-01-2015,2011,High Risk,Low Income,0,0.0041,0.1099,Low Interest
810558,1017487,15000,15000,15000,36,0.16,527.29,D,D2,7 years,MORTGAGE,103000,Not Verified,07-01-2011,Fully Paid,n,other,296xx,SC,11.34,1,11-01-2000,2,23,99,6,1,3844,0.31,19,f,0,0,16637,16637,15000,1637,0,0,0,05-01-2012,22.77,05-01-2016,2011,High Risk,Low Income,0,0.0051,0.1599,Low Interest
810587,1017519,15000,15000,13650,60,0.19,391.51,E,E4,4 years,MORTGAGE,75000,Not Verified,07-01-2011,Charged Off,n,home_improvement,301xx,GA,16.22,0,02-01-1997,1,68,110,20,1,15648,0.711,30,f,0,0,3126.24,2844.4,1270.62,1855.62,0,0,0,04-01-2012,391.51,05-01-2016,2011,High Risk,Low Income,1,0.0052,0.1929,Low Interest
821011,1029268,15000,15000,15000,36,0.1,483.94,B,B1,< 1 year,MORTGAGE,76960,Source Verified,07-01-2011,Fully Paid,n,debt_consolidation,310xx,GA,21.74,0,05-01-1987,0,72,88,13,1,8221,0.462,38,f,0,0,16699.4,16699.4,15000,1699.4,0,0,0,01-01-2013,8968.74,05-01-2016,2011,High Risk,Low Income,0,0.0063,0.0999,Low Interest
869981,1083884,15000,12575,12575,60,0.16,305.74,D,D2,1 year,MORTGAGE,80000,Source Verified,09-01-2011,Current,n,debt_consolidation,283xx,NC,10.74,0,01-01-2004,0,46,101,8,2,5986,0.512,12,f,1493,1493,16769.42,16769.42,11082.49,5686.93,0,0,0,05-01-2016,305.74,05-01-2016,2011,High Risk,Low Income,0,0.0038,0.1599,Low Interest
883269,1098523,15000,15000,15000,60,0.18,377.49,D,D4,4 years,RENT,60000,Source Verified,09-01-2011,Fully Paid,n,debt_consolidation,061xx,CT,2.42,0,12-01-2000,0,40,21,10,1,4356,0.411,27,f,0,0,20015.04,20015.04,15000,5015.04,0,0,0,01-01-2014,10230.96,04-01-2016,2011,High Risk,Low Income,0,0.0063,0.1758,Low Interest
1000242,1225464,15000,15000,14975,60,0.19,389.36,E,E2,10+ years,MORTGAGE,86945,Verified,11-01-2011,Fully Paid,n,small_business,601xx,IL,10.72,1,07-01-1994,3,5,85,6,1,5658,0.729,18,f,0,0,19070.19,19038.4,15000,4070.19,0,0,0,06-01-2013,12084.51,05-01-2016,2011,High Risk,Low Income,0,0.0045,0.1903,Low Interest
1014779,1242175,15000,15000,14750,60,0.18,382.95,D,D5,10+ years,RENT,49000,Source Verified,11-01-2011,Fully Paid,n,wedding,905xx,CA,14.25,0,03-01-2003,0,29,113,12,1,17635,0.763,20,f,0,0,22855.16,22474.24,15000,7855.16,0,0,0,05-01-2016,34.56,05-01-2016,2011,High Risk,Low Income,0,0.0078,0.1825,Low Interest
1037138,1267030,15000,15000,15000,60,0.13,338.93,B,B5,5 years,RENT,60000,Not Verified,12-01-2011,Charged Off,n,debt_consolidation,080xx,NJ,4.68,0,04-01-2000,2,71,111,8,1,8319,0.467,13,f,0,0,2366.28,2366.28,1299.47,1066.81,0,0,0,07-01-2012,338.93,05-01-2016,2011,High Risk,Low Income,1,0.0056,0.1269,Low Interest
1037142,1267032,15000,15000,14975,60,0.18,382.95,D,D5,4 years,OWN,57960,Source Verified,12-01-2011,Fully Paid,n,debt_consolidation,961xx,CA,17.17,0,05-01-1996,2,43,38,10,1,12146,0.75,29,f,0,0,18967.54,18935.92,15000,3967.54,0,0,0,09-01-2013,5317.55,09-01-2013,2011,High Risk,Low Income,0,0.0066,0.1825,Low Interest
1052333,1283889,15000,15000,15000,36,0.12,501.23,B,B4,10+ years,MORTGAGE,73600,Verified,12-01-2011,Fully Paid,n,debt_consolidation,802xx,CO,11.67,0,04-01-1993,0,61,101,11,1,18589,0.694,25,f,0,0,17457.02,17457.02,15000,2457.02,0,0,0,09-01-2013,7444,12-01-2014,2011,High Risk,Low Income,0,0.0068,0.1242,Low Interest
1062177,1294027,15000,15000,15000,36,0.17,536.81,D,D3,2 years,MORTGAGE,44400,Source Verified,12-01-2011,Fully Paid,n,house,334xx,FL,3.59,1,06-01-1983,0,18,93,6,1,4582,0.916,16,f,0,0,17994.71,17994.71,15000,2994.71,0,0,0,06-01-2013,9412.4,05-01-2016,2011,High Risk,Low Income,0,0.0121,0.1727,Low Interest
253020,252904,15075,15075,3475,36,0.13,507.36,D,D2,10+ years,MORTGAGE,42000,Not Verified,02-01-2008,Fully Paid,n,small_business,955xx,CA,23.29,0,10-01-1993,2,70,100,7,1,462,0.113,15,f,0,0,18264.78,4210.3,15075,3189.78,0,0,0,02-01-2011,513.09,02-01-2011,2008,High Risk,Low Income,0,0.0121,0.1292,Low Interest
250951,250922,15250,15250,4232.4,36,0.11,501.73,C,C2,10+ years,MORTGAGE,75000,Not Verified,02-01-2008,Fully Paid,n,debt_consolidation,283xx,NC,15.14,0,07-01-1991,0,0,0,11,0,39702,0.845,18,f,0,0,18062.05,5007.38,15250,2812.06,0,0,0,02-01-2011,506.6,02-01-2011,2008,High Risk,Low Income,0,0.0067,0.1134,Low Interest
518218,669825,15250,15250,15250,36,0.18,550.79,E,E5,< 1 year,RENT,37200,Verified,05-01-2010,Fully Paid,n,debt_consolidation,935xx,CA,16.65,1,04-01-1996,1,4,89,6,1,11390,0.972,29,f,0,0,19829.59,19829.59,15250,4579.59,0,0,0,06-01-2013,567.14,05-01-2013,2010,High Risk,Low Income,0,0.0148,0.1793,Low Interest
119043,119040,15450,15450,600,36,0.11,507.46,C,C4,2 years,MORTGAGE,40000,Not Verified,08-01-2007,Charged Off,n,debt_consolidation,201xx,VA,13.5,0,11-01-1992,3,54,111,13,1,6513,0.343,29,f,0,0,11652.75,451.73,8688.59,2659.96,0,304.2,3.09,10-01-2009,1016.15,03-01-2010,2007,High Risk,Low Income,1,0.0127,0.1122,Low Interest
146844,146834,15450,15450,3500,36,0.11,505.16,C,C3,7 years,RENT,120000,Not Verified,11-01-2007,Charged Off,n,debt_consolidation,986xx,WA,16.97,0,05-01-1981,3,0,0,27,0,57196,0.445,39,f,0,0,12699.13,2871.53,6316.3,4640.67,20.22,1721.94,386.85,12-01-2011,100.2,12-01-2011,2007,High Risk,Low Income,1,0.0042,0.1091,Low Interest
183801,179703,15450,15450,835.3,36,0.11,505.16,C,C3,3 years,RENT,111000,Not Verified,12-01-2007,Fully Paid,n,credit_card,060xx,CT,10.86,0,07-01-1998,0,0,0,9,0,46525,0.936,10,f,0,0,18185.54,918.82,15450,2735.55,0,0,0,12-01-2010,506.84,11-01-2015,2007,High Risk,Low Income,0,0.0046,0.1091,Low Interest
194762,194653,15450,15450,750,36,0.13,523.78,E,E1,8 years,RENT,36000,Not Verified,01-01-2008,Fully Paid,n,debt_consolidation,640xx,MO,17.4,1,07-01-1979,0,19,0,6,0,18403,0.733,9,f,0,0,17924.19,870.11,15450,2474.19,0,0,0,07-01-2009,9021.97,07-01-2009,2008,High Risk,Low Income,0,0.0145,0.1343,Low Interest
239690,239649,15450,15450,5650,36,0.14,527.52,E,E1,5 years,MORTGAGE,42000,Not Verified,02-01-2008,Charged Off,n,debt_consolidation,441xx,OH,19.71,0,03-01-2001,3,0,87,11,1,12032,0.872,17,f,0,0,13741.25,5020.07,10463.04,3225.95,52.26,0,0,06-01-2010,35.74,05-01-2016,2008,High Risk,Low Income,1,0.0126,0.1393,Low Interest
262563,262542,15600,15600,2650,36,0.11,508.59,B,B5,7 years,RENT,48000,Not Verified,02-01-2008,Charged Off,n,debt_consolidation,906xx,CA,14.58,0,11-01-1993,1,0,0,12,0,20838,0.626,28,f,0,0,9152.1,1553.04,7175.71,1976.39,0,0,0,09-01-2009,508.59,05-01-2016,2008,High Risk,Low Income,1,0.0106,0.1071,Low Interest
648274,829363,15600,15600,15550,60,0.17,385.78,E,E2,8 years,MORTGAGE,85000,Source Verified,01-01-2011,Fully Paid,n,debt_consolidation,604xx,IL,9.49,0,04-01-1977,1,48,96,13,1,10277,0.756,27,f,0,0,20114.95,20050.48,15600,4514.95,0,0,0,01-01-2013,11271.46,05-01-2016,2011,High Risk,Low Income,0,0.0045,0.1677,Low Interest
677055,865106,15600,15600,15575,60,0.16,382.69,E,E1,7 years,RENT,74500,Not Verified,02-01-2011,Charged Off,n,debt_consolidation,425xx,KY,24.85,1,06-01-1987,3,19,115,15,1,11733,0.762,45,f,0,0,2247.91,2244.32,514.52,1733.39,0,0,0,05-01-2012,100.15,05-01-2016,2011,High Risk,Low Income,1,0.0051,0.164,Low Interest
164741,164738,16000,16000,536,36,0.11,523.14,C,C3,< 1 year,RENT,200000,Not Verified,12-01-2007,Fully Paid,n,credit_card,100xx,NY,10.7,0,11-01-1987,1,59,0,9,0,72303,0.737,33,f,0,0,18832.94,605.07,16000,2832.95,0,0,0,12-01-2010,526.15,12-01-2010,2007,High Risk,Low Income,0,0.0026,0.1091,Low Interest
166534,163941,16000,16000,185,36,0.12,527.93,C,C5,4 years,RENT,44400,Not Verified,12-01-2007,Charged Off,n,debt_consolidation,331xx,FL,12.16,2,01-01-2002,1,6,0,15,0,34023,0.577,19,f,0,0,8877.15,109.65,6435.58,2009.86,0,431.71,4.34,04-01-2009,527.93,12-01-2009,2007,High Risk,Low Income,1,0.0119,0.1154,Low Interest
169793,164864,16000,16000,619.4,36,0.12,530.36,D,D1,< 1 year,OWN,86400,Not Verified,12-01-2007,Charged Off,n,major_purchase,301xx,GA,15.1,0,03-01-1997,0,46,0,11,0,348,0.048,25,f,0,0,7894.73,362.64,5558.08,1865,0,471.65,4.71,02-01-2009,530.36,11-01-2009,2007,High Risk,Low Income,1,0.0061,0.1186,Low Interest
192299,190578,16000,16000,780.5,36,0.13,537.57,D,D4,7 years,RENT,97188,Not Verified,01-01-2008,Fully Paid,n,other,902xx,CA,12.43,0,11-01-2000,3,49,0,11,0,4281,0.63,19,f,0,0,19362.45,943.5,16000,3335.57,26.88,0,0,11-01-2010,1602.87,11-01-2014,2008,High Risk,Low Income,0,0.0055,0.128,Low Interest
209581,209415,16000,16000,450,36,0.13,536.57,D,D2,3 years,RENT,91200,Not Verified,01-01-2008,Charged Off,n,debt_consolidation,200xx,DC,10.13,1,07-01-1993,0,15,0,7,0,23129,0.798,19,f,0,0,3837.48,107.33,2264.39,954.35,0,618.74,6.19,07-01-2008,536.57,01-01-2009,2008,High Risk,Low Income,1,0.0059,0.1267,Low Interest
218325,216568,16000,16000,1000,36,0.13,539.03,D,D3,2 years,RENT,43000,Not Verified,01-01-2008,Fully Paid,n,debt_consolidation,063xx,CT,14.82,2,09-01-1985,2,4,0,10,0,13115,0.423,22,f,0,0,17127.72,1070.48,16000,1127.72,0,0,0,08-01-2008,13894.32,08-01-2008,2008,High Risk,Low Income,0,0.0125,0.1299,Low Interest
253601,253484,16000,16000,3150,36,0.14,548.25,E,E1,7 years,RENT,51648,Not Verified,02-01-2008,Fully Paid,n,debt_consolidation,803xx,CO,11.13,0,03-01-2001,0,0,0,10,0,15923,0.905,18,f,0,0,19736.64,3885.65,16000,3736.64,0,0,0,02-01-2011,565.57,02-01-2011,2008,High Risk,Low Income,0,0.0106,0.1418,Low Interest
258870,241999,16000,16000,2925,36,0.11,521.63,B,B5,1 year,RENT,39996,Not Verified,02-01-2008,Fully Paid,n,debt_consolidation,282xx,NC,19.23,0,07-01-1999,1,0,0,7,0,16738,0.779,10,f,0,0,18312.09,3347.69,16000,2312.09,0,0,0,01-01-2010,7362.64,12-01-2009,2008,High Risk,Low Income,0,0.013,0.1071,Low Interest
265904,264483,16000,16000,1800,36,0.14,548.25,E,E1,3 years,RENT,139992,Not Verified,03-01-2008,Fully Paid,n,debt_consolidation,070xx,NJ,3.4,0,12-01-2000,0,24,0,18,0,15193,0.334,29,f,0,0,18241.84,2052.21,16000,2241.84,0,0,0,05-01-2009,11118.66,04-01-2009,2008,High Risk,Low Income,0,0.0039,0.1418,Low Interest
268516,268506,16000,16000,4213.3,36,0.1,514.48,B,B2,10+ years,RENT,572400,Not Verified,03-01-2008,Fully Paid,n,wedding,908xx,CA,1.61,0,08-01-1990,1,0,0,17,0,22627,0.273,30,f,0,0,18521.03,4638.42,16000,2521.04,0,0,0,03-01-2011,521.21,03-01-2011,2008,High Risk,Low Income,0,0.0009,0.0976,Low Interest
457776,569403,16000,16000,15990.9,36,0.16,559.78,D,D4,10+ years,MORTGAGE,53684,Not Verified,11-01-2009,Fully Paid,n,debt_consolidation,440xx,OH,12.94,1,05-01-1997,2,19,86,7,1,10728,0.917,25,f,0,0,19615.45,19602.4,16000,3615.45,0,0,0,12-01-2011,6755.94,05-01-2016,2009,High Risk,Low Income,0,0.0104,0.1565,Low Interest
505888,652129,16000,16000,15615.8,36,0.13,542.79,C,C3,2 years,MORTGAGE,124800,Not Verified,04-01-2010,Charged Off,n,debt_consolidation,972xx,OR,11.1,0,06-01-1985,2,27,96,16,1,2407,0.033,44,f,0,0,5593.61,5556.97,3410.18,1462.87,0,720.56,132.24,02-01-2011,542.79,07-01-2011,2010,High Risk,Low Income,1,0.0043,0.1348,Low Interest
506030,652358,16000,16000,15250.2,36,0.14,548.55,C,C5,2 years,RENT,91000,Source Verified,04-01-2010,Fully Paid,n,debt_consolidation,791xx,TX,14.57,1,05-01-1996,0,16,98,12,1,4766,0.627,28,f,0,0,19748.28,18654.62,16000,3748.28,0,0,0,05-01-2013,579.89,05-01-2013,2010,High Risk,Low Income,0,0.006,0.1422,Low Interest
521293,674088,16000,12375,12179.3,60,0.16,301.4,D,D5,10+ years,MORTGAGE,120000,Not Verified,06-01-2010,Charged Off,n,credit_card,208xx,MD,14.59,0,04-01-1987,0,65,118,18,1,40352,0.87,51,f,0,0,2109.46,1986.42,983.88,1115.49,0,10.09,3.78,01-01-2011,301.4,01-01-2011,2010,High Risk,Low Income,1,0.0025,0.1607,Low Interest
524166,678227,16000,16000,15609.5,60,0.18,408.92,F,F1,4 years,RENT,48000,Verified,06-01-2010,Charged Off,n,debt_consolidation,210xx,MD,10.72,0,07-01-1997,0,56,67,7,1,2823,0.724,18,f,0,0,9405.74,8600.23,4262.35,4711.89,0,431.5,4.33,04-01-2012,408.92,09-01-2012,2010,High Risk,Low Income,1,0.0085,0.183,Low Interest
562283,723560,16000,16000,15700.9,60,0.16,385.53,D,D3,3 years,MORTGAGE,67500,Verified,09-01-2010,Fully Paid,n,credit_card,800xx,CO,23.15,0,04-01-1998,2,71,93,16,1,16507,0.433,31,f,0,0,23131.56,22553.32,15999.99,7131.57,0,0,0,09-01-2015,399.65,03-01-2016,2010,High Risk,Low Income,0,0.0057,0.1558,Low Interest
568148,730913,16000,16000,15950,60,0.16,391.82,D,D5,5 years,MORTGAGE,90000,Verified,08-01-2010,Charged Off,n,debt_consolidation,080xx,NJ,11.71,0,11-01-1995,0,48,59,15,1,8963,0.649,23,f,0,0,13434.63,13392.72,7181.96,5723.68,0,528.99,5.06,06-01-2013,391.82,11-01-2013,2010,High Risk,Low Income,1,0.0044,0.1632,Low Interest
576195,741031,16000,16000,15777.7,60,0.17,396.1,E,E2,< 1 year,RENT,68000,Verified,09-01-2010,Fully Paid,n,debt_consolidation,018xx,MA,24.76,1,01-01-1997,0,19,111,4,1,17720,0.844,15,f,0,0,23223.71,22759.61,16000,7223.71,0,0,0,07-01-2014,5430.71,04-01-2016,2010,High Risk,Low Income,0,0.0058,0.1682,Low Interest
596091,765250,16000,9650,9410.2,60,0.07,189,A,A4,6 years,RENT,64000,Source Verified,10-01-2010,Fully Paid,n,other,117xx,NY,2.34,0,02-01-1997,0,74,113,7,1,3055,0.121,13,f,0,0,11339.59,11017.99,9650,1689.59,0,0,0,11-01-2015,188.58,05-01-2016,2010,High Risk,Low Income,0,0.003,0.0654,Low Interest
606666,778270,16000,10725,10675,60,0.1,225.88,B,B3,3 years,RENT,57500,Verified,11-01-2010,Fully Paid,n,debt_consolidation,211xx,MD,22.16,0,12-01-1993,0,57,42,11,2,10377,0.465,18,f,0,0,13552.37,13489.19,10725,2827.37,0,0,0,11-01-2015,225.45,11-01-2015,2010,High Risk,Low Income,0,0.0039,0.0962,Low Interest
635513,814109,16000,16000,15900,60,0.19,417.61,F,F5,8 years,MORTGAGE,88000,Source Verified,12-01-2010,Fully Paid,n,home_improvement,456xx,OH,14.66,1,01-01-2001,2,1,118,9,1,27773,0.974,35,f,0,0,24660.34,24506.21,16000,8660.34,0,0,0,02-01-2015,4631.78,05-01-2016,2010,High Risk,Low Income,0,0.0047,0.1929,Low Interest
709490,902113,16000,16000,15975,60,0.18,405.26,E,E5,7 years,OWN,75500,Verified,04-01-2011,Fully Paid,n,other,198xx,DE,19.35,1,12-01-1998,3,5,57,9,1,8979,0.855,27,f,0,0,23624.84,23587.93,16000,7624.84,0,0,0,12-01-2014,6214.37,01-01-2015,2011,High Risk,Low Income,0,0.0054,0.1788,Low Interest
711401,904351,16000,16000,13613.9,60,0.15,383,D,D3,10+ years,MORTGAGE,36077,Not Verified,03-01-2011,Fully Paid,n,debt_consolidation,402xx,KY,15.33,0,12-01-1992,0,50,108,10,1,11011,0.598,25,f,0,0,22211.98,17613.65,16000,6211.98,0,0,0,12-01-2014,22.11,12-01-2014,2011,High Risk,Low Income,0,0.0106,0.1528,Low Interest
730673,926661,16000,16000,15975,60,0.16,386.12,D,D4,10+ years,RENT,140000,Verified,04-01-2011,Fully Paid,n,debt_consolidation,117xx,NY,10.83,0,04-01-2000,1,43,27,7,1,18884,0.836,23,f,0,0,22456.43,22421.34,16000,6456.43,0,0,0,12-01-2014,6272.82,12-01-2014,2011,High Risk,Low Income,0,0.0028,0.1565,Low Interest
766608,967624,16000,16000,15900,60,0.15,378.88,C,C4,5 years,MORTGAGE,87240,Source Verified,05-01-2011,Charged Off,n,small_business,295xx,SC,10.99,0,06-01-1995,1,41,114,9,1,6041,0.436,23,f,0,0,16144.17,16043.5,9307.75,5838.22,37.86,960.34,172.86,10-01-2014,776.7,02-01-2016,2011,High Risk,Low Income,1,0.0043,0.1479,Low Interest
837679,1047720,16000,16000,15946.4,60,0.18,406.21,E,E1,4 years,MORTGAGE,40000,Not Verified,08-01-2011,Fully Paid,n,home_improvement,488xx,MI,13.53,0,12-01-1991,2,37,11,9,1,13854,0.456,25,f,0,0,21112.8,20996.22,16000,5112.8,0,0,0,09-01-2013,11273.31,02-01-2014,2011,High Risk,Low Income,0,0.0102,0.1799,Low Interest
864027,1077185,16000,11375,11375,60,0.2,299.41,E,E5,10+ years,OWN,55000,Verified,09-01-2011,Fully Paid,n,debt_consolidation,606xx,IL,22.21,2,10-01-1985,1,8,100,11,1,15942,0.891,24,f,0,0,12291.39,12291.39,11375,916.39,0,0,0,02-01-2012,11097.61,02-01-2012,2011,High Risk,Low Income,0,0.0054,0.1969,Low Interest
991921,1216203,16000,16000,16000,36,0.13,542.89,C,C1,4 years,RENT,107000,Source Verified,10-01-2011,Fully Paid,n,debt_consolidation,946xx,CA,5.35,0,10-01-1989,0,43,90,10,1,7231,0.689,19,f,0,0,19019.08,19019.08,16000,3019.08,0,0,0,10-01-2013,7086.07,05-01-2016,2011,High Risk,Low Income,0,0.0051,0.1349,Low Interest
785876,989224,16050,13550,13275,60,0.19,353.67,E,E4,2 years,MORTGAGE,70000,Verified,07-01-2011,Fully Paid,n,debt_consolidation,641xx,MO,19.45,1,03-01-1992,0,14,108,7,1,12519,0.732,12,f,0,0,16387.34,16054.76,13550,2837.34,0,0,0,09-01-2012,11795.85,03-01-2014,2011,High Risk,Low Income,0,0.0051,0.1929,Low Interest
176942,176612,16500,16500,675,36,0.13,554.37,D,D4,< 1 year,RENT,62000,Not Verified,12-01-2007,Fully Paid,n,debt_consolidation,117xx,NY,19.22,0,07-01-1999,2,0,0,8,0,17641,0.695,18,f,0,0,19576.92,800.87,16500,3076.92,0,0,0,03-01-2010,1950.71,04-01-2010,2007,High Risk,Low Income,0,0.0089,0.128,Low Interest
972414,1194369,16500,16500,16250,60,0.18,421.24,D,D5,10+ years,RENT,50000,Verified,10-01-2011,Charged Off,n,debt_consolidation,432xx,OH,17.64,0,01-01-1999,0,57,91,9,1,11545,0.74,16,f,0,0,2523.18,2484.9,1059.67,1463.51,0,0,0,04-01-2012,421.24,05-01-2016,2011,High Risk,Low Income,1,0.0084,0.1825,Low Interest
242642,237046,16600,16600,3590.7,36,0.1,533.77,B,B2,< 1 year,MORTGAGE,20000,Not Verified,02-01-2008,Fully Paid,n,small_business,853xx,AZ,4.68,0,10-01-1998,0,0,0,4,0,2248,0.116,4,f,0,0,19215.58,3907.04,16600,2615.59,0,0,0,02-01-2011,542.62,02-01-2015,2008,High Risk,Low Income,0,0.0267,0.0976,Low Interest
874534,1089020,16600,16600,16186.4,60,0.18,417.75,D,D4,10+ years,RENT,79968,Source Verified,09-01-2011,Fully Paid,n,car,140xx,NY,13.36,0,04-01-1992,0,59,95,9,1,16012,0.616,19,f,0,0,23440.64,22710.15,16600,6840.64,0,0,0,10-01-2014,8840.61,05-01-2016,2011,High Risk,Low Income,0,0.0052,0.1758,Low Interest
429126,508289,16750,16750,12973.5,36,0.2,623.4,G,G5,< 1 year,RENT,60000,Verified,07-01-2009,Charged Off,n,small_business,922xx,CA,21.34,1,09-01-1998,0,17,87,9,1,13337,0.59,15,f,0,0,16472.87,10734.92,10532.09,5048.91,0,891.87,160.54,09-01-2011,623.4,02-01-2012,2009,High Risk,Low Income,1,0.0104,0.2011,Low Interest
662208,846862,16750,16750,16750,36,0.16,592.2,E,E1,6 years,MORTGAGE,51000,Verified,02-01-2011,Fully Paid,n,debt_consolidation,986xx,WA,20.59,1,12-01-2000,2,8,49,10,1,8741,0.79,23,f,0,0,20192.6,20192.6,16750,3442.6,0,0,0,12-01-2012,2457.99,05-01-2016,2011,High Risk,Low Income,0,0.0116,0.164,Low Interest
215865,215855,16800,16800,2077.7,36,0.13,563.4,D,D2,3 years,RENT,60000,Not Verified,01-01-2008,Fully Paid,n,major_purchase,142xx,NY,20.06,0,07-01-1995,0,47,0,13,0,10686,0.494,32,f,0,0,20282.04,2507.87,16800,3482.04,0,0,0,01-01-2011,567.29,10-01-2014,2008,High Risk,Low Income,0,0.0094,0.1267,Low Interest
781775,984692,16800,16800,16775,60,0.16,409.53,C,C5,5 years,MORTGAGE,58764,Verified,06-01-2011,Charged Off,n,debt_consolidation,201xx,VA,16.36,0,02-01-1999,2,25,73,13,1,8043,0.387,28,f,0,0,4820.99,4813.87,1939.13,2363.89,0,517.97,6.02,07-01-2012,215,11-01-2012,2011,High Risk,Low Income,1,0.007,0.1611,Low Interest
858154,1070712,16800,16800,16775,36,0.16,587.5,D,D1,< 1 year,MORTGAGE,120000,Verified,09-01-2011,Fully Paid,n,debt_consolidation,975xx,OR,5.48,1,07-01-1999,1,20,88,5,1,4492,0.788,9,f,0,0,19949.86,19920.17,16800,3149.86,0,0,0,03-01-2013,9979.43,05-01-2016,2011,High Risk,Low Income,0,0.0049,0.1562,Low Interest
127531,127525,17000,17000,300,36,0.09,543.2,B,B3,10+ years,RENT,75000,Not Verified,09-01-2007,Fully Paid,n,debt_consolidation,104xx,NY,9.55,0,01-01-1992,1,0,0,13,0,3839,0.166,24,f,0,0,19555.19,345.09,17000,2555.19,0,0,0,09-01-2010,545.37,11-01-2015,2007,High Risk,Low Income,0,0.0072,0.0933,Low Interest
169254,168673,17000,17000,425,36,0.09,538.23,B,B1,1 year,MORTGAGE,55900,Not Verified,12-01-2007,Fully Paid,n,debt_consolidation,301xx,GA,11.51,0,10-01-1990,2,0,0,9,0,20380,0.481,26,f,0,0,18867.75,471.72,17000,1867.75,0,0,0,08-01-2009,8642.19,05-01-2016,2007,High Risk,Low Income,0,0.0096,0.087,Low Interest
251142,250508,17000,17000,3640,36,0.09,544.17,B,B1,1 year,MORTGAGE,60000,Not Verified,02-01-2008,Fully Paid,n,home_improvement,729xx,AR,0.6,0,10-01-1998,2,81,0,11,0,653,0.032,24,f,0,0,19589.92,4091.14,16999.99,2589.93,0,0,0,02-01-2011,545.76,02-01-2011,2008,High Risk,Low Income,0,0.0091,0.0945,Low Interest
254201,254177,17000,17000,4275,36,0.15,587.82,E,E3,10+ years,MORTGAGE,104000,Not Verified,02-01-2008,Fully Paid,n,credit_card,074xx,NJ,20.12,4,07-01-1985,1,9,0,12,0,32406,0.918,25,f,0,0,21161.21,5321.42,17000,4161.21,0,0,0,02-01-2011,604.55,06-01-2014,2008,High Risk,Low Income,0,0.0057,0.1482,Low Interest
697371,888632,17000,17000,16975,60,0.17,423.78,E,E3,4 years,RENT,35000,Verified,03-01-2011,Charged Off,n,debt_consolidation,926xx,CA,22.87,0,10-01-1990,0,32,94,13,1,6121,0.411,27,f,0,0,5083.62,5076.17,2344.89,2728.23,0,10.5,0,03-01-2012,423.78,05-01-2016,2011,High Risk,Low Income,1,0.0121,0.1714,Low Interest
791054,995309,17000,17000,16200,60,0.18,431.6,E,E1,1 year,MORTGAGE,64800,Not Verified,06-01-2011,Fully Paid,n,home_improvement,310xx,GA,11.74,0,05-01-2000,0,72,87,6,1,19448,0.608,21,f,0,0,18003.39,17156.17,17000,1003.39,0,0,0,11-01-2011,16711.57,11-01-2011,2011,High Risk,Low Income,0,0.0067,0.1799,Low Interest
755486,955296,17200,17200,17200,36,0.17,617.43,D,D5,6 years,RENT,90000,Verified,05-01-2011,Fully Paid,n,debt_consolidation,928xx,CA,8.53,0,08-01-1998,1,80,115,14,1,13400,0.694,32,f,0,0,22227.46,22227.46,17200,5027.46,0,0,0,06-01-2014,649.52,03-01-2016,2011,High Risk,Low Income,0,0.0069,0.1749,Low Interest
244437,244429,17350,17350,5894.3,36,0.14,589.2,D,D4,6 years,OWN,44000,Not Verified,02-01-2008,Fully Paid,n,debt_consolidation,030xx,NH,18.52,0,12-01-1994,2,26,0,8,0,18966,0.705,31,f,0,0,21211.06,7159.68,17350,3861.06,0,0,0,02-01-2011,616.02,04-01-2016,2008,High Risk,Low Income,0,0.0134,0.1355,Low Interest
164792,153157,17600,17600,1000,36,0.09,557.23,B,B1,1 year,RENT,153000,Not Verified,12-01-2007,Fully Paid,n,medical,232xx,VA,0.12,0,10-01-2004,0,0,0,6,0,1032,0.05,7,f,0,0,18920.57,1075.03,17600,1320.57,0,0,0,12-01-2008,12791.64,12-01-2008,2007,High Risk,Low Income,0,0.0036,0.087,Low Interest
365566,376653,17600,17600,2324.4,36,0.13,590.65,C,C4,10+ years,MORTGAGE,65000,Verified,12-01-2008,Fully Paid,n,other,785xx,TX,12.14,0,08-01-1984,2,46,99,10,1,18734,0.62,21,f,0,0,19241.53,2541.02,17600,1641.53,0,0,0,02-01-2010,1160.36,07-01-2014,2008,High Risk,Low Income,0,0.0091,0.1272,Low Interest
563957,725692,17600,17600,17513.6,60,0.2,464.24,F,F5,2 years,RENT,100000,Verified,08-01-2010,Fully Paid,n,major_purchase,112xx,NY,20.58,0,11-01-1996,0,49,35,16,2,42740,0.963,23,f,0,0,27854.24,27657.48,17600.01,10254.23,0,0,0,09-01-2015,504.25,09-01-2015,2010,High Risk,Low Income,0,0.0046,0.1979,Low Interest
177259,154006,17950,17950,425,36,0.11,586.9,C,C3,3 years,RENT,75000,Not Verified,12-01-2007,Fully Paid,n,credit_card,980xx,WA,10.34,0,08-01-2000,1,0,0,5,0,23391,0.907,14,f,0,0,19760.82,467.87,17950,1810.82,0,0,0,01-01-2009,12719.24,01-01-2009,2007,High Risk,Low Income,0,0.0078,0.1091,Low Interest
151621,151597,18000,18000,350,36,0.09,572.48,B,B2,10+ years,MORTGAGE,41000,Not Verified,11-01-2007,Fully Paid,n,educational,300xx,GA,15.37,0,04-01-1987,2,30,0,14,0,4746,0.185,33,f,0,0,20609.25,400.74,18000,2609.25,0,0,0,11-01-2010,574.81,11-01-2010,2007,High Risk,Low Income,0,0.014,0.0901,Low Interest
153235,147832,18000,18000,565.3,36,0.12,593.92,C,C5,2 years,RENT,27000,Not Verified,11-01-2007,Fully Paid,n,medical,330xx,FL,10.8,0,01-01-1994,0,0,0,5,0,8537,0.755,5,f,0,0,21380.72,664.33,18000,3380.72,0,0,0,11-01-2010,597.57,10-01-2011,2007,High Risk,Low Income,0,0.022,0.1154,Low Interest
168100,167970,18000,18000,528,36,0.12,599.33,D,D2,3 years,MORTGAGE,110244,Not Verified,12-01-2007,Fully Paid,n,debt_consolidation,801xx,CO,18.3,0,12-01-1995,1,0,0,12,0,18076,0.814,25,f,0,0,21557.49,631.95,17999.99,3557.5,0,0,0,11-01-2010,5.19,11-01-2010,2007,High Risk,Low Income,0,0.0054,0.1217,Low Interest
181036,178271,18000,18000,1123.6,36,0.09,575.17,B,B3,< 1 year,RENT,60000,Not Verified,12-01-2007,Fully Paid,n,educational,117xx,NY,9.96,0,06-01-2000,1,0,0,5,0,6703,0.475,22,f,0,0,20705.86,1217.9,18000,2705.86,0,0,0,12-01-2010,580.97,12-01-2010,2007,High Risk,Low Income,0,0.0096,0.0933,Low Interest
195655,193651,18000,18000,814.6,36,0.09,575.17,B,B3,10+ years,OWN,102000,Not Verified,01-01-2008,Fully Paid,n,debt_consolidation,756xx,TX,16.95,0,01-01-1998,2,0,0,30,0,10463,0.082,63,f,0,0,20705.85,854.18,17999.99,2705.86,0,0,0,01-01-2011,578.4,06-01-2012,2008,High Risk,Low Income,0,0.0056,0.0933,Low Interest
235269,234484,18000,18000,2425,36,0.08,567.22,A,A5,1 year,RENT,64000,Not Verified,01-01-2008,Charged Off,n,other,222xx,VA,5.25,0,05-01-1998,4,0,0,3,0,1612,0.121,6,f,0,0,13269.8,1783.31,11069.87,2199.93,0,0,0,03-01-2010,650.16,04-01-2016,2008,High Risk,Low Income,1,0.0089,0.0838,Low Interest
248583,248534,18000,18000,3884.4,36,0.1,584.12,B,B4,1 year,RENT,80000,Not Verified,03-01-2008,Fully Paid,n,moving,100xx,NY,0.86,0,05-01-2002,1,0,0,3,0,5506,0.524,7,f,0,0,21100.39,4249.93,17999.99,3012.77,87.63,0,0,12-01-2010,2323.98,10-01-2015,2008,High Risk,Low Income,0,0.0073,0.1039,Low Interest
253085,252166,18000,18000,2050,36,0.13,608.58,D,D3,10+ years,OWN,60000,Not Verified,02-01-2008,Charged Off,n,debt_consolidation,140xx,NY,22.4,0,06-01-1999,0,43,129,10,1,5855,0.547,23,f,0,0,17293.35,1962.1,13351.85,3732.14,0,209.36,2.36,07-01-2010,608.58,11-01-2015,2008,High Risk,Low Income,1,0.0101,0.1324,Low Interest
268156,268111,18000,18000,3350,36,0.1,581.49,B,B3,3 years,RENT,67800,Not Verified,03-01-2008,Fully Paid,n,debt_consolidation,900xx,CA,11.01,0,11-01-1998,0,61,0,7,0,10826,0.415,21,f,0,0,21406.18,3983.93,18000,3406.18,0,0,0,04-01-2012,1052.84,04-01-2012,2008,High Risk,Low Income,0,0.0086,0.1008,Low Interest
271652,271635,18000,18000,2832.3,36,0.13,603.12,D,D1,6 years,MORTGAGE,69000,Not Verified,03-01-2008,Fully Paid,n,debt_consolidation,452xx,OH,14.02,1,05-01-1998,1,10,0,8,0,10769,0.63,20,f,0,0,21742.68,3326.27,18000,3712.52,30.16,0,0,04-01-2011,8.08,10-01-2015,2008,High Risk,Low Income,0,0.0087,0.1261,Low Interest
273165,273131,18000,18000,5808.3,36,0.16,636.39,F,F3,4 years,MORTGAGE,150000,Not Verified,03-01-2008,Charged Off,n,credit_card,121xx,NY,24.03,0,06-01-1996,1,25,0,12,0,28846,0.579,24,f,0,0,9450.27,3052.95,5973.94,2928.66,0,547.67,5.73,05-01-2009,636.39,10-01-2009,2008,High Risk,Low Income,1,0.0042,0.164,Low Interest
276857,276352,18000,18000,4500.6,36,0.11,589.56,C,C1,9 years,RENT,42765,Not Verified,03-01-2008,Fully Paid,n,educational,274xx,NC,6.15,0,06-01-2000,0,0,0,6,0,6362,0.692,9,f,0,0,21274.7,5173.06,17999.99,3274.71,0,0,0,06-01-2011,338.9,12-01-2014,2008,High Risk,Low Income,0,0.0138,0.1103,Low Interest
358557,365210,18000,18000,5100,36,0.12,598.64,C,C2,10+ years,MORTGAGE,67000,Verified,10-01-2008,Charged Off,n,credit_card,662xx,KS,19.22,0,07-01-1994,1,47,118,9,1,22897,0.645,25,f,0,0,7697.5,2179.48,4827.02,2277.89,0,592.59,5.99,03-01-2010,130.12,05-01-2016,2008,High Risk,Low Income,1,0.0089,0.1209,Low Interest
469463,592064,18000,18000,17825,36,0.12,599.4,B,B4,2 years,RENT,101500,Not Verified,12-01-2009,Fully Paid,n,debt_consolidation,944xx,CA,9.28,0,10-01-1995,0,39,88,6,1,10433,0.458,27,f,0,0,20390.85,20192.6,18000,2390.85,0,0,0,05-01-2011,11412.43,05-01-2011,2009,High Risk,Low Income,0,0.0059,0.1218,Low Interest
479444,609205,18000,18000,17838.1,36,0.13,607.41,C,C2,8 years,RENT,73000,Not Verified,01-01-2010,Charged Off,n,debt_consolidation,908xx,CA,10.25,0,01-01-2001,0,33,76,9,1,8613,0.406,11,f,0,0,13319.57,13192.53,9628.1,3157.77,60.68,473.02,85.14,12-01-2011,43.47,04-01-2012,2010,High Risk,Low Income,1,0.0083,0.1311,Low Interest
486271,619691,18000,18000,17625,36,0.18,653.47,F,F1,10+ years,RENT,121000,Verified,04-01-2010,Fully Paid,n,debt_consolidation,100xx,NY,15.73,0,07-01-1976,0,69,72,26,1,32785,0.756,40,f,0,0,24123.86,23621.28,18000,6123.86,0,0,0,05-01-2013,655.84,05-01-2013,2010,High Risk,Low Income,0,0.0054,0.183,Low Interest
503395,647869,18000,18000,16317.7,36,0.13,610.64,C,C3,10+ years,RENT,36720,Source Verified,04-01-2010,Charged Off,n,debt_consolidation,117xx,NY,15.23,0,09-01-1997,0,62,90,16,1,14299,0.493,37,f,0,0,11601.95,11569.74,8571.13,3030.82,0,0,0,12-01-2011,36.29,04-01-2016,2010,High Risk,Low Income,1,0.0166,0.1348,Low Interest
515360,666188,18000,15400,15390.8,36,0.13,522.46,C,C3,2 years,RENT,50000,Verified,05-01-2010,Fully Paid,n,debt_consolidation,907xx,CA,23.18,0,11-01-1988,0,74,95,18,1,18846,0.906,43,f,0,0,18808.51,18794.95,15400,3408.51,0,0,0,05-01-2013,560.62,05-01-2016,2010,High Risk,Low Income,0,0.0104,0.1348,Low Interest
531027,686598,18000,18000,16275,60,0.16,440.8,D,D5,4 years,MORTGAGE,90000,Not Verified,06-01-2010,Charged Off,n,debt_consolidation,910xx,CA,21.92,0,02-01-1991,1,41,109,19,1,18366,0.792,44,f,0,0,880.84,796.36,394.33,486.51,0,0,0,09-01-2010,440.8,05-01-2016,2010,High Risk,Low Income,1,0.0049,0.1632,Low Interest
662379,847057,18000,18000,17620.7,60,0.19,470.51,F,F4,10+ years,MORTGAGE,90000,Verified,02-01-2011,Fully Paid,n,debt_consolidation,606xx,IL,17.45,1,08-01-1990,0,10,82,9,1,17154,0.689,36,f,0,0,24670.28,23703.16,18000,6670.28,0,0,0,05-01-2013,12446.23,05-01-2013,2011,High Risk,Low Income,0,0.0052,0.1936,Low Interest
691731,882339,18000,18000,17514.8,60,0.16,441.56,E,E1,8 years,MORTGAGE,79000,Verified,03-01-2011,Fully Paid,n,other,454xx,OH,20.22,0,05-01-1994,2,26,109,21,1,15004,0.39,36,f,0,0,26493.58,25500.12,18000,8493.58,0,0,0,03-01-2016,441.54,03-01-2016,2011,High Risk,Low Income,0,0.0056,0.164,Low Interest
765094,965927,18000,18000,17975,60,0.15,430.4,C,C5,10+ years,MORTGAGE,62500,Verified,05-01-2011,Charged Off,n,debt_consolidation,605xx,IL,13.08,0,10-01-1995,1,78,115,4,1,917,0.437,29,f,0,0,6024.72,6016.43,3060.74,2941.2,0,22.78,0,08-01-2012,430.4,05-01-2016,2011,High Risk,Low Income,1,0.0069,0.1523,Low Interest
773278,975304,18000,18000,17975,60,0.2,479.4,F,F1,10+ years,MORTGAGE,160000,Verified,06-01-2011,Current,n,home_improvement,069xx,CT,5,2,11-01-1992,3,7,114,6,1,2719,0.735,27,f,489,488,28246.73,28207.63,17510.98,10735.75,0,0,0,05-01-2016,479.4,04-01-2016,2011,High Risk,Low Income,0,0.003,0.2025,Low Interest
782531,985527,18000,13250,13250,60,0.23,370.79,F,F4,2 years,RENT,60000,Not Verified,06-01-2011,Charged Off,n,debt_consolidation,282xx,NC,18,0,09-01-1989,3,36,82,11,1,18635,0.9,32,f,0,0,2055.93,2055.93,494.7,981.38,0,579.85,5.57,10-01-2011,370.79,03-01-2012,2011,High Risk,Low Income,1,0.0062,0.2264,Low Interest
863251,1076373,18000,17450,17450,60,0.16,428.91,D,D3,8 years,MORTGAGE,150000,Verified,09-01-2011,Current,n,medical,957xx,CA,16.82,0,11-01-1994,1,39,88,13,1,4648,0.415,28,f,1682,1682,23974.01,23974.01,15767.86,8206.15,0,0,0,05-01-2016,428.91,05-01-2016,2011,High Risk,Low Income,0,0.0029,0.1649,Low Interest
876159,1082410,18000,18000,17750,60,0.12,400.31,B,B5,5 years,MORTGAGE,52000,Verified,09-01-2011,Current,n,debt_consolidation,604xx,IL,8.13,0,05-01-1998,0,76,102,6,1,80,0.009,14,f,1578,1556,22392.71,22081.64,16422.39,5970.32,0,0,0,05-01-2016,400.31,05-01-2016,2011,High Risk,Low Income,0,0.0077,0.1199,Low Interest
808039,1014680,18225,15150,15125,60,0.18,384.63,E,E1,6 years,MORTGAGE,42000,Verified,07-01-2011,Charged Off,n,debt_consolidation,935xx,CA,19.37,0,05-01-1999,1,82,99,15,1,15517,0.753,23,f,0,0,8350.9,8337.16,3623.81,4066.36,0,660.73,6.24,04-01-2013,41.23,09-01-2013,2011,High Risk,Low Income,1,0.0092,0.1799,Low Interest
796350,1001192,18300,18300,18300,36,0.11,599.04,B,B3,5 years,MORTGAGE,74900,Source Verified,07-01-2011,Charged Off,n,home_improvement,295xx,SC,13.03,1,11-01-1993,1,19,116,13,1,1348,0.127,38,f,0,0,2990.85,2990.85,2193.9,796.95,0,0,0,12-01-2011,599.04,05-01-2016,2011,High Risk,Low Income,1,0.008,0.1099,Low Interest
122718,122713,18500,18500,800,36,0.15,644.3,F,F2,1 year,RENT,90000,Not Verified,08-01-2007,Fully Paid,n,credit_card,100xx,NY,5.24,0,10-01-2002,0,0,0,8,0,22379,0.622,15,f,0,0,20042.61,866.8,18500,1542.61,0,0,0,04-01-2008,16177.15,02-01-2011,2007,High Risk,Low Income,0,0.0072,0.1533,Low Interest
169044,153468,18500,18500,156.7,36,0.11,604.88,C,C3,2 years,MORTGAGE,52000,Not Verified,12-01-2007,Fully Paid,n,credit_card,296xx,SC,17.56,1,11-01-1985,0,17,0,12,0,32438,0.43,23,f,0,0,21805.83,176.82,18499.99,3275.6,30.24,0,0,01-01-2011,636.34,12-01-2010,2007,High Risk,Low Income,0,0.0116,0.1091,Low Interest
169453,157525,18500,18500,750,36,0.11,604.88,C,C3,3 years,RENT,36000,Not Verified,12-01-2007,Fully Paid,n,small_business,981xx,WA,4.67,0,01-01-2004,2,0,0,4,0,25,0.002,4,f,0,0,20479.98,830.27,18500,1979.98,0,0,0,02-01-2009,12618,03-01-2014,2007,High Risk,Low Income,0,0.0168,0.1091,Low Interest
222488,222393,18500,18500,425,36,0.1,592.7,B,B2,6 years,MORTGAGE,31000,Not Verified,01-01-2008,Fully Paid,n,debt_consolidation,528xx,IA,16.49,0,05-01-1996,0,0,0,11,0,25946,0.379,32,f,0,0,20965.62,481.64,18500,2465.62,0,0,0,03-01-2010,1.62,03-01-2010,2008,High Risk,Low Income,0,0.0191,0.0951,Low Interest
222492,221919,18900,18900,675.4,36,0.1,611.1,B,B4,1 year,MORTGAGE,44000,Not Verified,02-01-2008,Fully Paid,n,other,750xx,TX,9.79,0,10-01-1991,0,35,0,3,0,0,0,20,f,0,0,22075.41,724.4,18900,3175.41,0,0,0,10-01-2011,457.35,11-01-2011,2008,High Risk,Low Income,0,0.0139,0.1014,Low Interest
234451,234130,19000,19000,1066.1,36,0.1,608.72,B,B2,1 year,MORTGAGE,69000,Not Verified,01-01-2008,Fully Paid,n,debt_consolidation,782xx,TX,11.29,0,11-01-1982,3,43,0,5,0,2279,0.207,21,f,0,0,21864.12,1149.56,19000,2864.12,0,0,0,01-01-2011,559.98,05-01-2016,2008,High Risk,Low Income,0,0.0088,0.0951,Low Interest
269127,269110,19000,19000,2775,36,0.14,645.24,D,D4,10+ years,MORTGAGE,144000,Not Verified,03-01-2008,Fully Paid,n,debt_consolidation,193xx,PA,1.67,0,06-01-1993,2,62,0,7,0,9416,0.951,13,f,0,0,21946.95,3205.41,19000,2946.95,0,0,0,08-01-2009,11633.47,07-01-2014,2008,High Risk,Low Income,0,0.0045,0.1355,Low Interest
276232,276159,19000,19000,5178,36,0.12,633.71,C,C5,2 years,RENT,105000,Not Verified,03-01-2008,Fully Paid,n,debt_consolidation,070xx,NJ,10.01,3,10-01-1993,1,12,0,19,0,19368,0.386,35,f,0,0,22813.42,5942.72,19000,3813.42,0,0,0,03-01-2011,646.27,03-01-2011,2008,High Risk,Low Income,0,0.006,0.1229,Low Interest
979814,1202968,19000,19000,19000,60,0.2,502.44,E,E4,3 years,MORTGAGE,58000,Source Verified,10-01-2011,Fully Paid,n,debt_consolidation,234xx,VA,7.03,2,06-01-1992,1,8,102,3,1,0,0.3271,29,f,0,0,25366.73,25366.73,19000,6366.73,0,0,0,09-01-2013,14316.44,09-01-2013,2011,High Risk,Low Income,0,0.0087,0.1991,Low Interest
242356,242065,19200,19200,2250,36,0.14,655,D,D5,10+ years,RENT,79636,Not Verified,02-01-2008,Fully Paid,n,debt_consolidation,764xx,TX,7.16,0,09-01-1973,1,43,0,9,0,12301,0.564,16,f,0,0,26186.86,3068.77,19200,6986.86,0,0,0,12-01-2011,5490.51,04-01-2016,2008,High Risk,Low Income,0,0.0082,0.1387,Low Interest
280776,280764,19200,19200,5100,36,0.12,640.38,C,C5,10+ years,RENT,53000,Not Verified,03-01-2008,Charged Off,n,debt_consolidation,606xx,IL,18.93,0,01-01-1998,1,0,0,9,0,20033,0.828,25,f,0,0,11291.85,2992.41,8376.46,2915.39,0,0,0,10-01-2009,340.78,05-01-2016,2008,High Risk,Low Income,1,0.0121,0.1229,Low Interest
265007,257537,19275,19275,3207.1,36,0.15,663.47,E,E2,8 years,RENT,33600,Not Verified,03-01-2008,Charged Off,n,debt_consolidation,956xx,CA,9.86,0,02-01-2000,1,42,0,8,0,8731,0.567,13,f,0,0,8680.25,1450.32,5494.62,2465.52,99.46,620.64,6.34,03-01-2009,663.47,11-01-2009,2008,High Risk,Low Income,1,0.0197,0.145,Low Interest
248498,248495,19500,19500,9232.1,36,0.1,627.02,B,B2,1 year,RENT,90000,Not Verified,02-01-2008,Fully Paid,n,debt_consolidation,522xx,IA,1.95,0,05-01-1999,0,0,0,3,0,8629,0.176,21,f,0,0,22572.52,10588.37,19500,3072.52,0,0,0,02-01-2011,635.07,02-01-2011,2008,High Risk,Low Income,0,0.007,0.0976,Low Interest
515226,666012,19600,19600,19296.1,36,0.16,689.76,D,D5,10+ years,RENT,77000,Verified,05-01-2010,Charged Off,n,debt_consolidation,902xx,CA,14.37,0,10-01-2001,3,41,108,15,1,9879,0.487,33,f,0,0,11099.06,11017.36,5013.6,2552.31,0,3533.15,639.85,04-01-2011,689.76,09-01-2011,2010,High Risk,Low Income,1,0.009,0.1607,Low Interest
641427,821064,19750,19750,19725,60,0.17,491.48,E,E4,10+ years,MORTGAGE,60000,Verified,01-01-2011,Fully Paid,n,debt_consolidation,060xx,CT,20.78,0,10-01-1996,0,25,41,12,1,14008,0.574,33,f,0,0,29008.57,28971.85,19750,9234,24.57,0,0,01-01-2015,6427.58,01-01-2015,2011,High Risk,Low Income,0,0.0082,0.1706,Low Interest
151587,151580,19950,19950,675,36,0.1,643.36,B,B5,10+ years,MORTGAGE,116000,Not Verified,11-01-2007,Fully Paid,n,credit_card,018xx,MA,13.07,0,01-01-1979,0,0,0,7,0,33989,0.829,16,f,0,0,22759.93,770.07,19950,2809.93,0,0,0,11-01-2009,7966.24,11-01-2009,2007,High Risk,Low Income,0,0.0055,0.0996,Low Interest
123228,120995,20000,20000,975,36,0.1,642.02,B,B4,< 1 year,RENT,96000,Not Verified,09-01-2007,Charged Off,n,small_business,112xx,NY,2.86,0,08-01-2001,0,0,0,4,0,10296,0.425,8,f,0,0,12838.44,624.61,10395.56,2442.88,0,0,0,05-01-2009,642.02,05-01-2016,2007,High Risk,Low Income,1,0.0067,0.0964,Low Interest
131223,129367,20000,20000,1200,36,0.16,699.69,F,F3,6 years,RENT,92000,Not Verified,10-01-2007,Fully Paid,n,small_business,208xx,MD,1.53,0,11-01-1997,1,34,0,4,0,4569,0.564,7,f,0,0,25188.82,1511.33,20000,5188.82,0,0,0,10-01-2010,707.68,09-01-2010,2007,High Risk,Low Income,0,0.0076,0.1565,Low Interest
141774,141767,20000,4800,1950,36,0.13,162.01,D,D5,8 years,MORTGAGE,85000,Not Verified,10-01-2007,Charged Off,n,debt_consolidation,088xx,NJ,16.87,0,12-01-1982,0,0,0,15,0,34776,0.543,41,f,0,0,1605.3,651.62,1028.79,427.59,0,148.92,5.72,08-01-2008,162.01,05-01-2016,2007,High Risk,Low Income,1,0.0019,0.1312,Low Interest
171220,170849,20000,20000,311,36,0.12,659.91,C,C5,< 1 year,MORTGAGE,96000,Not Verified,12-01-2007,Charged Off,n,small_business,282xx,NC,17.81,0,12-01-1997,2,0,0,5,0,93,0,8,f,0,0,18930.34,326.06,4882.92,2283.17,33,11731.25,4105.92,03-01-2009,200.01,05-01-2016,2007,High Risk,Low Income,1,0.0069,0.1154,Low Interest
175056,174986,20000,20000,275,36,0.11,650.9,C,C2,< 1 year,MORTGAGE,108000,Not Verified,12-01-2007,Fully Paid,n,debt_consolidation,356xx,AL,11.96,0,01-01-1994,0,0,0,6,0,21004,0.977,35,f,0,0,23067.27,317.17,20000,3067.27,0,0,0,01-01-2010,7446.74,06-01-2014,2007,High Risk,Low Income,0,0.006,0.1059,Low Interest
186840,186773,20000,20000,877.8,36,0.14,687.25,E,E4,6 years,RENT,83000,Not Verified,12-01-2007,Fully Paid,n,credit_card,115xx,NY,16.05,0,12-01-2001,0,0,0,11,0,27293,0.866,14,f,0,0,24740.98,1085.29,20000,4740.98,0,0,0,12-01-2010,693.79,12-01-2010,2007,High Risk,Low Income,0,0.0083,0.1438,Low Interest
191730,187320,20000,20000,2055.5,36,0.14,687.25,E,E4,2 years,RENT,42500,Not Verified,01-01-2008,Fully Paid,n,debt_consolidation,902xx,CA,15.7,0,11-01-1997,0,43,0,5,0,9150,0.963,22,f,0,0,24740.98,2541.7,19999.99,4740.98,0,0,0,01-01-2011,697.12,07-01-2014,2008,High Risk,Low Income,0,0.0162,0.1438,Low Interest
192239,191813,20000,20000,225,36,0.11,656.86,C,C4,10+ years,RENT,38556,Not Verified,12-01-2007,Fully Paid,n,debt_consolidation,871xx,NM,14.04,0,01-01-2003,3,0,0,8,0,21777,0.537,14,f,0,0,22583.27,254.07,20000,2583.27,0,0,0,07-01-2009,9417.16,03-01-2010,2007,High Risk,Low Income,0,0.017,0.1122,Low Interest
196521,194436,20000,20000,275,36,0.1,644.97,B,B5,2 years,RENT,73992,Not Verified,01-01-2008,Fully Paid,n,home_improvement,212xx,MD,13.28,0,02-01-2003,1,0,0,6,0,2344,0.098,9,f,0,0,21710.03,298.51,20000,1710.03,0,0,0,06-01-2009,2860.41,06-01-2009,2008,High Risk,Low Income,0,0.0087,0.0996,Low Interest
201909,201801,20000,20000,928.4,36,0.12,667.74,D,D1,3 years,RENT,133000,Not Verified,01-01-2008,Fully Paid,n,credit_card,060xx,CT,13.42,0,08-01-1998,0,0,0,9,0,46086,0.927,10,f,0,0,24038.22,1115.26,20000,4038.22,0,0,0,01-01-2011,671.6,11-01-2015,2008,High Risk,Low Income,0,0.005,0.1236,Low Interest
213732,209340,20000,20000,575,36,0.13,673.79,D,D3,1 year,RENT,48000,Not Verified,01-01-2008,Charged Off,n,debt_consolidation,900xx,CA,18.98,0,10-01-1994,1,33,0,10,0,13649,0.424,17,f,0,0,6119.25,175.49,3799.52,1590.16,0,729.57,7.32,09-01-2008,673.79,10-01-2009,2008,High Risk,Low Income,1,0.014,0.1299,Low Interest
214388,199014,20000,20000,7100,36,0.15,692.14,E,E4,10+ years,RENT,76000,Not Verified,01-01-2008,Charged Off,n,debt_consolidation,940xx,CA,7.11,0,05-01-1997,0,0,0,7,0,15773,0.95,16,f,0,0,9689.47,3435.96,6541.28,3113.6,34.59,0,0,04-01-2009,698.92,05-01-2016,2008,High Risk,Low Income,1,0.0091,0.1488,Low Interest
223626,223476,20000,20000,1867.1,36,0.1,649.68,B,B5,1 year,RENT,115500,Not Verified,01-01-2008,Fully Paid,n,debt_consolidation,926xx,CA,16.2,0,12-01-1993,2,0,0,13,0,23442,0.421,28,f,0,0,23388.13,2000.98,20000,3388.13,0,0,0,02-01-2011,651.26,09-01-2012,2008,High Risk,Low Income,0,0.0056,0.1046,Low Interest
224541,224356,20000,20000,800,36,0.11,658.67,C,C3,1 year,MORTGAGE,57860,Not Verified,01-01-2008,Fully Paid,n,debt_consolidation,786xx,TX,10.14,0,08-01-1991,1,46,0,8,0,23370,0.7,23,f,0,0,21073.34,842.94,20000,1073.34,0,0,0,07-01-2008,17780.31,01-01-2014,2008,High Risk,Low Income,0,0.0114,0.1141,Low Interest
225812,225734,20000,20000,1100,36,0.11,658.67,C,C3,9 years,MORTGAGE,375000,Not Verified,01-01-2008,Fully Paid,n,home_improvement,366xx,AL,0.63,0,09-01-1990,2,26,0,10,0,6921,0,27,f,0,0,23208.16,1276.45,20000,3208.16,0,0,0,08-01-2010,84.32,07-01-2010,2008,High Risk,Low Income,0,0.0018,0.1141,Low Interest
228424,228006,20000,20000,1125,36,0.13,676.78,D,D4,2 years,MORTGAGE,50000,Not Verified,01-01-2008,Fully Paid,n,debt_consolidation,349xx,FL,20.42,1,12-01-1986,2,15,0,13,0,12573,0.718,29,f,0,0,24507.03,1378.52,20000,4507.03,0,0,0,09-01-2011,142.14,08-01-2011,2008,High Risk,Low Income,0,0.0135,0.133,Low Interest
236199,216572,20000,20000,1875,36,0.14,685.99,E,E2,< 1 year,RENT,48000,Not Verified,01-01-2008,Fully Paid,n,debt_consolidation,217xx,MD,2.1,0,06-01-1997,2,0,0,5,0,19892,0.836,7,f,0,0,21940.38,2056.93,20000,1940.38,0,0,0,10-01-2008,16453.79,10-01-2008,2008,High Risk,Low Income,0,0.0143,0.1425,Low Interest
239843,239780,20000,20000,1325,36,0.1,640.76,B,B2,10+ years,OWN,80000,Not Verified,02-01-2008,Charged Off,n,medical,106xx,NY,0.22,0,11-01-1984,8,0,0,4,0,464,0.186,4,f,0,0,13455.35,890.52,10940.67,2514.68,0,0,0,12-01-2009,640.76,04-01-2016,2008,High Risk,Low Income,1,0.008,0.0951,Low Interest
253222,252621,20000,20000,6836.7,36,0.1,646.1,B,B3,3 years,RENT,60000,Not Verified,02-01-2008,Fully Paid,n,debt_consolidation,922xx,CA,10.06,0,04-01-1997,0,0,0,6,0,6688,0.391,19,f,0,0,23259.4,7844.07,20000,3259.41,0,0,0,02-01-2011,656.05,09-01-2015,2008,High Risk,Low Income,0,0.0108,0.1008,Low Interest
258828,258801,20000,20000,1510.1,36,0.13,670.13,D,D1,3 years,RENT,38000,Not Verified,02-01-2008,Fully Paid,n,small_business,787xx,TX,4.04,0,05-01-1998,0,68,0,3,0,4110,0.913,13,f,0,0,24124.6,1819.81,20000,4124.6,0,0,0,03-01-2011,678.78,05-01-2016,2008,High Risk,Low Income,0,0.0176,0.1261,Low Interest
259505,259488,20000,20000,2103.2,36,0.13,676.2,D,D3,1 year,MORTGAGE,80000,Not Verified,02-01-2008,Fully Paid,n,debt_consolidation,432xx,OH,20.73,0,12-01-1996,0,49,0,8,0,16805,0.641,22,f,0,0,24342.95,2549.32,20000,4342.95,0,0,0,03-01-2011,682.24,02-01-2011,2008,High Risk,Low Income,0,0.0085,0.1324,Low Interest
259945,213853,20000,20000,2609.2,36,0.11,652.04,B,B5,9 years,RENT,52559,Not Verified,02-01-2008,Fully Paid,n,debt_consolidation,146xx,NY,13.11,0,12-01-1996,1,0,0,8,0,16194,0.398,12,f,0,0,23473.07,2806.93,20000,3473.07,0,0,0,03-01-2011,656.11,04-01-2016,2008,High Risk,Low Income,0,0.0124,0.1071,Low Interest
262215,262119,20000,20000,3742.3,36,0.17,710.18,F,F4,4 years,RENT,65000,Not Verified,02-01-2008,Fully Paid,n,debt_consolidation,928xx,CA,20.09,0,11-01-1996,1,0,0,19,0,26255,0.743,28,f,0,0,25595.05,4785.31,19999.99,5595.06,0,0,0,03-01-2011,734.93,05-01-2016,2008,High Risk,Low Income,0,0.0109,0.1671,Low Interest
267736,267725,20000,20000,5584.5,36,0.09,640.2,B,B1,10+ years,MORTGAGE,120000,Not Verified,03-01-2008,Fully Paid,n,home_improvement,372xx,TN,4.19,0,01-01-1994,2,0,0,7,0,311,0,16,f,0,0,23046.94,6200.08,19999.99,3046.94,0,0,0,03-01-2011,641.5,03-01-2011,2008,High Risk,Low Income,0,0.0053,0.0945,Low Interest
268379,268133,20000,20000,1675,36,0.09,640.2,B,B1,5 years,MORTGAGE,44500,Not Verified,03-01-2008,Fully Paid,n,home_improvement,774xx,TX,0.81,0,09-01-1998,1,0,0,8,0,281,0.017,12,f,0,0,21583.75,1807.64,20000,1583.75,0,0,0,04-01-2009,3877.95,04-01-2009,2008,High Risk,Low Income,0,0.0144,0.0945,Low Interest
268476,267099,20000,20000,4425,36,0.15,694.59,E,E4,2 years,MORTGAGE,77000,Not Verified,03-01-2008,Fully Paid,n,other,760xx,TX,10.25,0,01-01-1999,1,26,0,7,0,4289,0.66,18,f,0,0,22822.3,5049.44,20000,2822.3,0,0,0,04-01-2009,14496.11,12-01-2015,2008,High Risk,Low Income,0,0.009,0.1513,Low Interest
275098,275060,20000,20000,4425,36,0.12,667.06,C,C5,10+ years,RENT,65000,Not Verified,03-01-2008,Charged Off,n,other,940xx,CA,13.5,0,09-01-2001,1,0,31,7,1,6045,0.349,12,f,0,0,4665.78,1029.77,3334.11,1331.67,0,0,0,10-01-2008,667.06,05-01-2016,2008,High Risk,Low Income,1,0.0103,0.1229,Low Interest
277875,276289,20000,20000,4260.1,36,0.13,670.13,D,D1,2 years,MORTGAGE,84000,Not Verified,03-01-2008,Fully Paid,n,debt_consolidation,028xx,RI,14.51,0,12-01-2002,2,0,0,15,0,27129,0.39,20,f,0,0,24124.6,5034.16,20000,4124.6,0,0,0,03-01-2011,684.48,08-01-2015,2008,High Risk,Low Income,0,0.008,0.1261,Low Interest
288720,288717,20000,20000,10468.9,36,0.15,691.55,E,E3,8 years,MORTGAGE,90000,Not Verified,03-01-2008,Fully Paid,n,debt_consolidation,216xx,MD,23.45,0,08-01-1997,1,28,78,15,1,43868,0.478,31,f,0,0,25053.12,13114.65,20000,5053.12,0,0,0,10-01-2011,499.07,02-01-2014,2008,High Risk,Low Income,0,0.0077,0.1482,Low Interest
474463,600154,20000,20000,19725,36,0.12,662.68,B,B3,< 1 year,RENT,240000,Not Verified,01-01-2010,Charged Off,n,other,850xx,AZ,2.73,0,11-01-1996,0,52,60,11,1,1260,0.072,26,f,0,0,19468.5,19201.01,15506.44,3708.79,0,253.27,3.88,07-01-2012,55.76,12-01-2012,2010,High Risk,Low Income,1,0.0028,0.1183,Low Interest
513696,663776,20000,20000,19225,36,0.15,692.92,D,D2,7 years,MORTGAGE,79894,Verified,05-01-2010,Fully Paid,n,debt_consolidation,454xx,OH,17.57,1,05-01-1994,1,16,99,18,1,21111,0.869,31,f,0,0,22236.05,21374.4,20000,2236.05,0,0,0,04-01-2011,16008.65,03-01-2016,2010,High Risk,Low Income,0,0.0087,0.1496,Low Interest
535116,691500,20000,12600,12425,60,0.16,306.08,D,D4,10+ years,RENT,109620,Verified,07-01-2010,Fully Paid,n,major_purchase,063xx,CT,13.65,0,02-01-1995,0,81,54,9,1,15798,0.845,38,f,0,0,14767.75,14562.64,12600,2167.75,0,0,0,09-01-2011,10797.79,12-01-2012,2010,High Risk,Low Income,0,0.0028,0.1595,Low Interest
551327,710507,20000,20000,20000,36,0.15,691.75,D,D1,3 years,MORTGAGE,120000,Verified,07-01-2010,Fully Paid,n,credit_card,208xx,MD,8.69,0,02-01-1990,0,40,53,7,1,8042,0.788,21,f,0,0,24903.85,24903.85,20000,4903.85,0,0,0,08-01-2013,740.57,04-01-2016,2010,High Risk,Low Income,0,0.0058,0.1484,Low Interest
591091,759209,20000,20000,18750,60,0.18,503.1,E,E4,8 years,OWN,70000,Source Verified,10-01-2010,Fully Paid,n,home_improvement,070xx,NJ,0.26,1,03-01-1999,2,13,21,5,1,92,0.018,28,f,0,0,22782.56,21358.65,20000,2782.56,0,0,0,08-01-2011,18263.3,08-01-2011,2010,High Risk,Low Income,0,0.0072,0.1756,Low Interest
624787,800729,20000,20000,20000,60,0.16,490.63,E,E1,7 years,RENT,58480,Not Verified,01-01-2011,Charged Off,n,debt_consolidation,800xx,CO,19.27,0,06-01-1978,0,24,111,10,1,13201,0.462,29,f,0,0,14717.89,14717.89,7976.38,6741.51,0,0,0,09-01-2013,28.5,05-01-2016,2011,High Risk,Low Income,1,0.0084,0.164,Low Interest
663592,848558,20000,20000,19975,36,0.15,696.06,D,D3,5 years,OWN,90000,Verified,02-01-2011,Fully Paid,n,debt_consolidation,413xx,KY,19.43,3,12-01-1992,0,12,88,9,1,4131,0.688,21,f,0,0,24821.71,24790.68,20000,4821.71,0,0,0,07-01-2013,5333.43,04-01-2015,2011,High Risk,Low Income,0,0.0077,0.1528,Low Interest
684855,874377,20000,20000,4725,60,0.2,535.24,G,G2,10+ years,MORTGAGE,75000,Source Verified,02-01-2011,Charged Off,n,debt_consolidation,480xx,MI,15.31,2,01-01-2000,1,3,113,6,1,3903,0.402,15,f,0,0,12656.14,2977.91,5118.12,6642.27,26.73,869.02,8.47,01-01-2013,535.24,12-01-2013,2011,High Risk,Low Income,1,0.0071,0.2048,Low Interest
710594,903361,20000,20000,20000,60,0.2,531.11,G,G1,10+ years,MORTGAGE,72000,Verified,03-01-2011,Fully Paid,n,debt_consolidation,346xx,FL,21.22,0,12-01-1993,1,35,87,11,1,14145,0.818,44,f,0,0,31865.84,31865.84,20000,11865.84,0,0,0,04-01-2016,530.34,05-01-2016,2011,High Risk,Low Income,0,0.0074,0.2011,Low Interest
716406,910266,20000,20000,19925,60,0.2,531.11,G,G1,3 years,RENT,60000,Verified,04-01-2011,Fully Paid,n,moving,103xx,NY,2.96,0,02-01-2003,0,32,33,5,1,6217,0.654,12,f,0,0,29543.68,29432.89,20000,9543.68,0,0,0,04-01-2014,10977.61,04-01-2014,2011,High Risk,Low Income,0,0.0089,0.2011,Low Interest
716513,910401,20000,20000,20000,36,0.15,688.81,D,D1,10+ years,MORTGAGE,80000,Not Verified,04-01-2011,Fully Paid,n,debt_consolidation,175xx,PA,20.29,0,08-01-1997,3,41,101,21,1,19879,0.551,42,f,0,0,24716.69,24716.69,20000,4716.69,0,0,0,12-01-2013,3376.63,06-01-2014,2011,High Risk,Low Income,0,0.0086,0.1454,Low Interest
822152,1030568,20000,20000,20000,60,0.22,557.86,G,G2,5 years,MORTGAGE,72800,Verified,08-01-2011,Fully Paid,n,small_business,762xx,TX,16.83,3,10-01-1989,2,10,69,24,1,8034,0.536,51,f,0,0,25957.95,25957.95,20000,5957.95,0,0,0,05-01-2013,342.99,05-01-2013,2011,High Risk,Low Income,0,0.0077,0.2248,Low Interest
833376,1042955,20000,20000,19750,60,0.18,510.6,D,D5,8 years,RENT,84000,Verified,09-01-2011,Fully Paid,n,debt_consolidation,921xx,CA,23.14,0,11-01-1986,0,49,113,19,1,29146,0.521,28,f,0,0,23695.1,23398.91,20000,3695.1,0,0,0,11-01-2012,17576.18,08-01-2015,2011,High Risk,Low Income,0,0.0061,0.1825,Low Interest
876138,1073620,20000,20000,19517.1,60,0.12,444.79,B,B5,6 years,MORTGAGE,165000,Verified,09-01-2011,Fully Paid,n,home_improvement,327xx,FL,8.39,0,01-01-1996,0,71,94,8,1,3216,0.186,31,f,0,0,24333.89,23629.52,20000.01,4333.88,0,0,0,11-01-2013,13233.13,12-01-2015,2011,High Risk,Low Income,0,0.0027,0.1199,Low Interest
990688,1214679,20000,20000,19750,60,0.13,460.1,C,C1,10+ years,MORTGAGE,53000,Verified,10-01-2011,Charged Off,n,debt_consolidation,897xx,NV,21.98,0,10-01-1992,0,40,113,17,1,12320,0.468,33,f,0,0,13376.21,13208.54,6725.12,4777.05,0,1874.04,18.74,01-01-2014,40.41,04-01-2014,2011,High Risk,Low Income,1,0.0087,0.1349,Low Interest
1002291,1228520,20000,20000,20000,60,0.22,553.07,F,F4,5 years,MORTGAGE,79864,Verified,11-01-2011,Charged Off,n,debt_consolidation,221xx,VA,11.14,0,05-01-1997,0,46,111,7,1,5010,0.911,27,f,0,0,16384.73,16384.73,6090.71,8268.45,0,2025.57,20.05,01-01-2014,1106.14,06-01-2014,2011,High Risk,Low Income,1,0.0069,0.2206,Low Interest
1002861,1229142,20000,20000,20000,36,0.16,702.75,C,C5,6 years,MORTGAGE,78000,Verified,11-01-2011,Fully Paid,n,credit_card,925xx,CA,10.52,0,05-01-1997,2,31,94,4,1,0,0,17,f,0,0,23677.33,23677.33,20000,3677.33,0,0,0,04-01-2013,12440.81,04-01-2013,2011,High Risk,Low Income,0,0.009,0.1596,Low Interest
1015990,1243471,20000,20000,19875,60,0.22,556.37,F,F5,8 years,RENT,73000,Verified,11-01-2011,Charged Off,n,debt_consolidation,220xx,VA,14.1,0,08-01-1995,0,78,89,4,1,9533,0.867,14,f,0,0,8224.9,8173.41,2666.4,4564.28,0,994.22,8.89,01-01-2013,27.43,05-01-2013,2011,High Risk,Low Income,1,0.0076,0.2235,Low Interest
1061842,1293470,20000,12500,12475,60,0.19,324.47,E,E2,6 years,RENT,130000,Verified,12-01-2011,Fully Paid,n,debt_consolidation,852xx,AZ,9.06,0,12-01-1993,0,26,91,9,1,24185,0.906,25,f,0,0,15413.52,15382.69,12500,2913.52,0,0,0,04-01-2013,10555.97,06-01-2014,2011,High Risk,Low Income,0,0.0025,0.1903,Low Interest
249699,249616,20050,20050,3025,36,0.1,644.71,B,B2,10+ years,RENT,26000,Not Verified,02-01-2008,Charged Off,n,small_business,992xx,WA,9.14,0,08-01-1989,0,0,0,3,0,507,0.035,20,f,0,0,14565.87,2194.05,11547.98,2630.8,0,387.09,4.03,12-01-2009,644.71,05-01-2010,2008,High Risk,Low Income,1,0.0248,0.0976,Low Interest
258717,246218,20500,20500,1350,36,0.11,671.44,C,C1,2 years,RENT,38400,Not Verified,02-01-2008,Charged Off,n,debt_consolidation,790xx,TX,15.72,0,04-01-1998,1,0,0,20,0,31566,0.323,29,f,0,0,8837.67,579.11,6095.77,2060.18,33.52,648.2,6.55,04-01-2009,135.74,08-01-2009,2008,High Risk,Low Income,1,0.0175,0.1103,Low Interest
182089,182083,21000,21000,880.4,36,0.1,677.22,B,B5,2 years,MORTGAGE,54099,Not Verified,12-01-2007,Fully Paid,n,debt_consolidation,301xx,GA,3.77,0,02-01-1991,0,73,0,11,0,16888,0.395,40,f,0,0,24379.79,926.39,21000,3379.79,0,0,0,12-01-2010,678.74,12-01-2015,2007,High Risk,Low Income,0,0.0125,0.0996,Low Interest
203532,203522,21000,21000,325,36,0.12,701.12,D,D1,< 1 year,MORTGAGE,48000,Not Verified,01-01-2008,Charged Off,n,small_business,773xx,TX,0.85,0,12-01-2000,1,0,0,2,0,639,0.136,4,f,0,0,3505.1,53.95,2474.2,1030.9,0,0,0,06-01-2008,701.12,12-01-2009,2008,High Risk,Low Income,1,0.0146,0.1236,Low Interest
216083,216070,21000,21000,3475,36,0.15,730.04,E,E5,10+ years,MORTGAGE,75000,Not Verified,01-01-2008,Fully Paid,n,debt_consolidation,880xx,NM,21.84,1,10-01-2000,0,21,0,16,0,27839,0.727,25,f,0,0,23176.02,3835.08,21000,2176.02,0,0,0,10-01-2008,17339.91,10-01-2008,2008,High Risk,Low Income,0,0.0097,0.152,Low Interest
234707,234673,21000,21000,900,36,0.09,669.76,B,B1,10+ years,MORTGAGE,237000,Not Verified,01-01-2008,Fully Paid,n,small_business,787xx,TX,2.7,0,04-01-1983,2,0,0,11,0,997,0.012,24,f,0,0,24095.74,1032.67,21000,3095.74,0,0,0,12-01-2010,2000.54,12-01-2010,2008,High Risk,Low Income,0,0.0028,0.092,Low Interest
264003,260813,21000,21000,2875,36,0.1,675.25,B,B2,< 1 year,OWN,45000,Not Verified,02-01-2008,Fully Paid,n,vacation,958xx,CA,1.79,0,07-01-2002,0,0,0,14,0,142,0.006,14,f,0,0,23756.46,3252.37,21000,2756.46,0,0,0,02-01-2010,11.27,02-01-2010,2008,High Risk,Low Income,0,0.015,0.0976,Low Interest
270002,269993,21000,21000,425,36,0.11,684.64,B,B5,2 years,RENT,65000,Not Verified,03-01-2008,Charged Off,n,debt_consolidation,841xx,UT,2.9,0,05-01-2004,1,0,0,8,0,5694,0.177,15,f,0,0,4107.36,82.8,3050.3,1057.06,0,0,0,09-01-2008,684.64,05-01-2016,2008,High Risk,Low Income,1,0.0105,0.1071,Low Interest
365663,376806,21000,21000,3243.6,36,0.14,718.81,D,D1,2 years,RENT,65000,Verified,12-01-2008,Fully Paid,n,debt_consolidation,900xx,CA,5.19,0,01-01-2003,2,58,88,7,1,15005,0.641,11,f,0,0,25433.32,3900.63,20999.99,4433.32,0,0,0,02-01-2011,7474.39,10-01-2013,2008,High Risk,Low Income,0,0.0111,0.1411,Low Interest
508337,655858,21000,21000,20662.8,36,0.1,680.08,B,B2,4 years,MORTGAGE,105000,Verified,05-01-2010,Fully Paid,n,credit_card,948xx,CA,11.29,0,11-01-1991,0,50,111,7,1,5577,0.196,21,f,0,0,24173.99,23759.85,21000,3173.99,0,0,0,07-01-2012,7244.73,04-01-2016,2010,High Risk,Low Income,0,0.0065,0.1025,Low Interest
977988,1200800,21000,21000,20975,60,0.2,555.33,E,E4,10+ years,MORTGAGE,110000,Source Verified,10-01-2011,Fully Paid,n,debt_consolidation,986xx,WA,11.28,0,11-01-1998,1,30,100,11,1,10694,0.633,21,f,0,0,31946.36,31908.33,21000,10946.36,0,0,0,04-01-2015,9184.27,07-01-2015,2011,High Risk,Low Income,0,0.005,0.1991,Low Interest
990388,1214364,21000,21000,21000,36,0.13,704.45,B,B5,9 years,MORTGAGE,200000,Source Verified,10-01-2011,Fully Paid,n,debt_consolidation,553xx,MN,7.92,0,03-01-2000,2,78,82,11,1,18404,0.654,29,f,0,0,24020.39,24020.39,21000,3020.39,0,0,0,05-01-2013,8557.04,12-01-2014,2011,High Risk,Low Income,0,0.0035,0.1269,Low Interest
1001484,1227075,21725,21725,21700,60,0.21,586.4,F,F1,10+ years,OWN,40000,Verified,11-01-2011,Charged Off,n,debt_consolidation,481xx,MI,15.12,3,11-01-1999,2,13,111,9,1,3904,0.387,25,f,0,0,7273.89,7265.56,2247.49,3908.62,0,1117.78,10.91,10-01-2012,307.4,02-01-2016,2011,High Risk,Low Income,1,0.0147,0.2089,Low Interest
221301,220027,22000,22000,575,36,0.13,737.78,D,D2,9 years,MORTGAGE,90000,Not Verified,01-01-2008,Fully Paid,n,credit_card,240xx,VA,13.04,1,01-01-1994,0,8,0,14,0,22738,0.308,37,f,0,0,24252.07,633.86,22000,2252.07,0,0,0,01-01-2009,16875.62,01-01-2009,2008,High Risk,Low Income,0,0.0082,0.1267,Low Interest
275339,275299,22000,22000,2200,36,0.11,720.57,C,C1,5 years,MORTGAGE,90000,Not Verified,03-01-2008,Fully Paid,n,debt_consolidation,494xx,MI,17.39,0,12-01-1995,1,0,0,15,0,18913,0.341,26,f,0,0,23313.93,2331.4,22000,1313.93,0,0,0,10-01-2008,18991.76,09-01-2008,2008,High Risk,Low Income,0,0.008,0.1103,Low Interest
641001,820549,22000,22000,21950,36,0.09,698.37,B,B1,< 1 year,MORTGAGE,72500,Verified,01-01-2011,Charged Off,n,debt_consolidation,212xx,MD,19.37,0,03-01-1997,1,73,97,9,1,6055,0.322,33,f,0,0,20949.41,20901.95,17893.49,3055.92,0,0,0,08-01-2013,39.41,05-01-2016,2011,High Risk,Low Income,1,0.0096,0.0888,Low Interest
750671,950047,22000,13625,13600,60,0.19,355.62,E,E4,3 years,RENT,58000,Verified,05-01-2011,Fully Paid,n,debt_consolidation,931xx,CA,15.64,1,03-01-1995,0,12,108,12,1,14274,0.639,18,f,0,0,13845.22,13819.81,13625,220.22,0,0,0,06-01-2011,13845.67,11-01-2013,2011,High Risk,Low Income,0,0.0061,0.1929,Low Interest
884068,1099354,22000,22000,21675,36,0.13,737.99,B,B5,10+ years,RENT,82600,Verified,09-01-2011,Fully Paid,n,debt_consolidation,800xx,CO,5.64,0,10-01-1998,0,42,86,7,1,5686,0.693,19,f,0,0,24079.12,23723.41,22000,2079.12,0,0,0,08-01-2012,17453.44,05-01-2016,2011,High Risk,Low Income,0,0.0089,0.1269,Low Interest
978485,1201530,22250,22250,22150,60,0.18,568.04,D,D5,10+ years,MORTGAGE,54150,Verified,10-01-2011,Fully Paid,n,house,199xx,DE,18.19,0,09-01-1999,2,26,42,12,1,4483,0.309,24,f,0,0,30430.32,30293.56,22250,8180.32,0,0,0,03-01-2014,14550.09,03-01-2014,2011,High Risk,Low Income,0,0.0105,0.1825,Low Interest
185684,185669,22350,22350,486.1,36,0.14,764.64,E,E3,1 year,OWN,135000,Not Verified,12-01-2007,Charged Off,n,home_improvement,100xx,NY,3.66,3,02-01-1992,2,4,0,8,0,10753,0.523,15,f,0,0,14318.87,318.7,10005.99,3756,0,556.88,5.6,07-01-2009,764.64,07-01-2015,2007,High Risk,Low Income,1,0.0057,0.1407,Low Interest
180712,170292,22550,12000,2225,36,0.16,421.65,F,F4,4 years,MORTGAGE,34992,Not Verified,12-01-2007,Fully Paid,n,debt_consolidation,465xx,IN,20.82,1,06-01-1989,3,18,0,13,0,14534,0.489,22,f,0,0,15179.28,2814.49,12000,3179.28,0,0,0,12-01-2010,435.85,12-01-2010,2007,High Risk,Low Income,0,0.012,0.1596,Low Interest
228892,228788,23000,23000,1275,36,0.12,767.89,D,D1,3 years,RENT,95000,Not Verified,01-01-2008,Charged Off,n,credit_card,551xx,MN,16.07,0,12-01-2000,2,45,0,11,0,806,0.103,20,f,0,0,9228.56,509.1,6149.22,2322.52,0,756.82,7.62,12-01-2008,795.72,11-01-2009,2008,High Risk,Low Income,1,0.0081,0.1236,Low Interest
599026,768822,23100,14525,14375,60,0.16,356.71,E,E1,8 years,MORTGAGE,85000,Verified,10-01-2010,Fully Paid,n,credit_card,347xx,FL,12.54,0,04-01-1987,0,47,113,8,1,16027,0.715,25,f,0,0,21097.53,20879.65,14525,6572.53,0,0,0,12-01-2014,4001.64,08-01-2015,2010,High Risk,Low Income,0,0.0042,0.1645,Low Interest
1006364,1232779,23200,23200,23175,60,0.24,660.97,G,G3,10+ years,MORTGAGE,85000,Verified,11-01-2011,Charged Off,n,debt_consolidation,751xx,TX,7.89,0,04-01-1995,1,46,114,10,1,8625,0.991,22,f,0,0,31471.29,31437.42,12827.79,15246.66,0,3396.84,611.43,09-01-2015,200,05-01-2016,2011,High Risk,Low Income,1,0.0078,0.2352,Low Interest
787437,990975,23350,23350,23350,60,0.13,537.16,C,C2,6 years,OWN,46000,Not Verified,06-01-2011,Fully Paid,n,debt_consolidation,210xx,MD,14.77,1,02-01-1999,0,19,106,8,1,2796,0.072,22,f,0,0,31577.67,31577.67,23350,8227.67,0,0,0,09-01-2015,338.5,08-01-2015,2011,High Risk,Low Income,0,0.0117,0.1349,Low Interest
578726,744121,23500,23450,22995.2,60,0.17,580.53,E,E2,10+ years,MORTGAGE,112000,Verified,09-01-2010,Fully Paid,n,debt_consolidation,640xx,MO,18.16,0,11-01-1972,0,62,114,9,1,16141,0.828,20,f,0,0,34824.99,33921.52,23450,11374.99,0,0,0,09-01-2015,1201.06,05-01-2016,2010,High Risk,Low Income,0,0.0052,0.1682,Low Interest
223015,222752,24000,24000,3050,36,0.16,841.76,F,F2,< 1 year,RENT,75000,Not Verified,01-01-2008,Fully Paid,n,debt_consolidation,941xx,CA,15.38,2,09-01-1998,0,9,0,13,0,15222,0.773,16,f,0,0,30303.2,3851.05,24000,6303.2,0,0,0,02-01-2011,852.07,05-01-2016,2008,High Risk,Low Income,0,0.0112,0.1583,Low Interest
259956,253310,24000,24000,1075,36,0.1,771.72,B,B2,8 years,MORTGAGE,150000,Not Verified,02-01-2008,Fully Paid,n,debt_consolidation,752xx,TX,0.22,0,04-01-1996,3,0,0,10,0,4643,0.058,20,f,0,0,24571.63,1100.71,24000,571.63,0,0,0,05-01-2008,23028.66,02-01-2008,2008,High Risk,Low Income,0,0.0051,0.0976,Low Interest
268502,268489,24000,24000,1575,36,0.13,807.74,D,D2,6 years,RENT,80700,Not Verified,03-01-2008,Charged Off,n,debt_consolidation,921xx,CA,15.08,0,12-01-1995,0,41,0,7,0,21364,0.865,30,f,0,0,5653.2,370.44,3971.15,1682.05,0,0,0,10-01-2008,807.74,05-01-2016,2008,High Risk,Low Income,1,0.01,0.1292,Low Interest
276355,276321,24000,24000,4785.8,36,0.11,782.44,B,B5,10+ years,MORTGAGE,70000,Not Verified,03-01-2008,Charged Off,n,other,945xx,CA,0.57,0,05-01-1994,1,0,0,12,0,782,0.03,24,f,0,0,13294.34,2653.36,10376,2918.34,0,0,0,08-01-2009,782.44,05-01-2016,2008,High Risk,Low Income,1,0.0112,0.1071,Low Interest
296360,296181,24000,24000,6825,36,0.13,807.74,D,D2,1 year,MORTGAGE,95000,Not Verified,03-01-2008,Fully Paid,n,other,070xx,NJ,7.06,1,10-01-1990,2,16,114,10,1,9201,0.497,18,f,0,0,25867.03,7355.18,24000,1867.03,0,0,0,12-01-2009,498.59,03-01-2014,2008,High Risk,Low Income,0,0.0085,0.1292,Low Interest
362809,372424,24000,24000,8213.7,36,0.19,876.36,G,G3,8 years,MORTGAGE,60000,Not Verified,11-01-2008,Charged Off,n,debt_consolidation,985xx,WA,19.8,0,11-01-1999,1,56,118,25,1,23555,0.603,45,f,0,0,2627.79,1001.16,1528.74,1099.05,0,0,0,02-01-2009,876.36,05-01-2016,2008,High Risk,Low Income,1,0.0146,0.1872,Low Interest
464963,583092,24000,24000,23599.4,36,0.15,835.57,D,D3,< 1 year,RENT,73000,Not Verified,12-01-2009,Fully Paid,n,other,111xx,NY,13.78,0,02-01-1986,0,57,60,18,1,15268,0.577,32,f,0,0,30082.99,29540.09,24000,6083,0,0,0,12-01-2012,843.92,01-01-2013,2009,High Risk,Low Income,0,0.0114,0.1531,Low Interest
476667,603940,24000,24000,23461.6,36,0.17,856.18,E,E3,< 1 year,MORTGAGE,150000,Not Verified,01-01-2010,Fully Paid,n,moving,926xx,CA,3.7,2,12-01-1990,0,14,110,9,1,11010,0.498,16,f,0,0,30892.19,30135.29,24000,6877.19,15,0,0,03-01-2013,71.8,04-01-2015,2010,High Risk,Low Income,0,0.0057,0.1704,Low Interest
702064,893906,24000,24000,23975,60,0.2,632.39,F,F5,5 years,MORTGAGE,103000,Verified,03-01-2011,Fully Paid,n,debt_consolidation,906xx,CA,11.37,0,03-01-2001,1,79,22,7,1,2933,0.752,19,f,0,0,35815.52,35778.21,24000,11815.52,0,0,0,07-01-2014,11826.32,05-01-2016,2011,High Risk,Low Income,0,0.0061,0.1974,Low Interest
717968,912126,24000,24000,24000,36,0.17,857.34,E,E3,< 1 year,RENT,53000,Verified,04-01-2011,Fully Paid,n,debt_consolidation,224xx,VA,17.03,1,08-01-1997,0,15,94,5,1,6770,0.967,14,f,0,0,31014.28,31014.28,24000,6971.41,42.87,0,0,08-01-2014,78.91,08-01-2014,2011,High Risk,Low Income,0,0.0162,0.1714,Low Interest
723229,918140,24000,24000,23975,60,0.19,627.34,F,F4,10+ years,MORTGAGE,78000,Verified,04-01-2011,Charged Off,n,debt_consolidation,604xx,IL,13.95,0,05-01-2000,0,47,104,9,1,8945,0.43,26,f,0,0,8254.89,8246.32,3144.26,4366.18,0,744.45,8.18,05-01-2012,627.34,09-01-2012,2011,High Risk,Low Income,1,0.008,0.1936,Low Interest
725413,920652,24000,24000,24000,60,0.19,617.57,F,F2,3 years,MORTGAGE,120000,Source Verified,04-01-2011,Fully Paid,n,home_improvement,171xx,PA,4.02,0,11-01-1995,0,47,91,10,1,9684,0.502,41,f,0,0,33479.97,33479.97,24000,9479.97,0,0,0,12-01-2013,14967.37,05-01-2016,2011,High Risk,Low Income,0,0.0051,0.1862,Low Interest
772722,974713,24000,24000,23612.8,60,0.16,583.51,D,D2,10+ years,MORTGAGE,60000,Verified,06-01-2011,Fully Paid,n,debt_consolidation,893xx,NV,13.98,0,08-01-1979,0,48,91,13,1,19900,0.277,31,f,0,0,29912.09,29151.63,24000,5912.09,0,0,0,03-01-2013,18264.32,12-01-2015,2011,High Risk,Low Income,0,0.0097,0.1599,Low Interest
812718,1019897,24000,24000,24000,60,0.18,614.55,E,E2,10+ years,MORTGAGE,110000,Source Verified,08-01-2011,Fully Paid,n,debt_consolidation,735xx,OK,21.53,0,09-01-1998,1,40,112,17,1,15757,0.545,50,f,0,0,36462.04,36462.04,24000,12462.04,0,0,0,04-01-2016,2405.44,04-01-2016,2011,High Risk,Low Income,0,0.0056,0.1839,Low Interest
989253,1213209,24000,24000,24000,60,0.21,647.8,F,F1,10+ years,MORTGAGE,115000,Source Verified,10-01-2011,Charged Off,n,debt_consolidation,606xx,IL,4.01,1,07-01-1992,1,10,94,3,1,2403,0.667,25,f,0,0,4030.71,4030.71,1188.5,2044.4,0,797.81,8.28,04-01-2012,647.8,08-01-2012,2011,High Risk,Low Income,1,0.0056,0.2089,Low Interest
477281,605282,24250,24250,24245.4,36,0.16,848.42,D,D4,10+ years,RENT,88066,Not Verified,01-01-2010,Fully Paid,n,debt_consolidation,946xx,CA,15.72,0,08-01-1999,0,43,23,9,1,31710,0.935,21,f,0,0,29851.85,29844.89,24250,5601.85,0,0,0,03-01-2012,9503.35,02-01-2012,2010,High Risk,Low Income,0,0.0096,0.1565,Low Interest
256021,255853,24500,24500,2825,36,0.13,820.91,D,D1,2 years,MORTGAGE,120000,Not Verified,03-01-2008,Charged Off,n,small_business,331xx,FL,5.76,0,04-01-2002,3,0,0,17,0,23908,0.628,29,f,0,0,5102.54,585.44,2875.19,1253.98,0,973.37,9.74,10-01-2008,28.02,06-01-2009,2008,High Risk,Low Income,1,0.0068,0.1261,Low Interest
180614,180561,24625,24625,917.3,36,0.14,842.47,E,E3,8 years,MORTGAGE,120000,Not Verified,12-01-2007,Fully Paid,n,credit_card,141xx,NY,12.81,0,04-01-1993,0,73,0,14,0,33698,0.913,24,f,0,0,30328.55,1115.35,24625,5703.55,0,0,0,12-01-2010,845.47,05-01-2016,2007,High Risk,Low Income,0,0.007,0.1407,Low Interest
217100,217064,24625,13875,9225,36,0.18,504.13,G,G5,10+ years,RENT,84000,Not Verified,01-01-2008,Fully Paid,n,small_business,945xx,CA,23.04,0,09-01-1989,3,39,0,13,0,24280,0.934,38,f,0,0,18069.37,12013.69,13875,4194.37,0,0,0,09-01-2010,2448.29,12-01-2010,2008,High Risk,Low Income,0,0.006,0.1836,Low Interest
156868,156838,24750,24750,1150,36,0.09,790.86,B,B3,4 years,RENT,60000,Not Verified,11-01-2007,Fully Paid,n,debt_consolidation,113xx,NY,0.82,0,02-01-2002,0,0,0,8,0,916,0.068,8,f,0,0,28482.75,1323.44,24750,3732.75,0,0,0,01-01-2011,812.73,12-01-2010,2007,High Risk,Low Income,0,0.0132,0.0933,Low Interest
102376,95212,25000,25000,525,36,0.11,813.65,C,C2,2 years,RENT,48000,Not Verified,07-01-2007,Fully Paid,n,small_business,113xx,NY,4.05,0,01-01-2000,0,0,0,5,0,2422,0.233,12,f,0,0,29269.96,614.67,25000,4269.96,0,0,0,06-01-2010,3.54,06-01-2010,2007,High Risk,Low Income,0,0.017,0.1059,Low Interest
137042,136922,25000,5650,725,36,0.14,194.15,E,E4,2 years,MORTGAGE,480000,Not Verified,10-01-2007,Fully Paid,n,small_business,110xx,NY,2.4,1,03-01-2000,3,12,0,9,0,26628,0.604,18,f,0,0,6989.31,896.86,5650,1339.31,0,0,0,10-01-2010,203.82,10-01-2010,2007,High Risk,Low Income,0,0.0004,0.1438,Low Interest
142734,142718,25000,25000,1725,36,0.09,795.11,B,B2,10+ years,MORTGAGE,57000,Not Verified,11-01-2007,Fully Paid,n,small_business,980xx,WA,8.93,0,04-01-1981,0,0,0,9,0,185,0.005,18,f,0,0,27752.44,1914.95,25000,2752.44,0,0,0,06-01-2009,13442.6,06-01-2009,2007,High Risk,Low Income,0,0.0139,0.0901,Low Interest
144635,144623,25000,25000,3725,36,0.13,839.95,D,D4,2 years,MORTGAGE,75000,Not Verified,11-01-2007,Charged Off,n,debt_consolidation,341xx,FL,24.85,0,06-01-1990,3,0,0,14,0,62739,0.747,33,f,0,0,9239.37,1371.43,6646.07,2583.15,0,10.15,3.91,10-01-2008,839.95,05-01-2016,2007,High Risk,Low Income,1,0.0112,0.128,Low Interest
146671,146655,25000,25000,2850,36,0.1,802.47,B,B4,< 1 year,MORTGAGE,78000,Not Verified,11-01-2007,Fully Paid,n,home_improvement,571xx,SD,0.8,0,12-01-2001,1,0,0,8,0,10605,0.221,27,f,0,0,26131.73,2979.02,25000,1131.73,0,0,0,05-01-2008,22120.23,08-01-2009,2007,High Risk,Low Income,0,0.0103,0.0964,Low Interest
157169,157162,25000,25000,500,36,0.09,795.11,B,B2,10+ years,MORTGAGE,616000,Not Verified,11-01-2007,Charged Off,n,small_business,328xx,FL,3.83,0,11-01-1997,5,0,0,12,0,148829,0.066,43,f,0,0,10361.33,206.15,8260.95,2100.38,0,0,0,12-01-2008,821.25,05-01-2016,2007,High Risk,Low Income,1,0.0013,0.0901,Low Interest
168222,168212,25000,25000,325,36,0.12,828.69,D,D1,2 years,RENT,52000,Not Verified,12-01-2007,Fully Paid,n,small_business,860xx,AZ,9.74,0,08-01-1994,0,0,0,8,0,25852,0.605,27,f,0,0,27392.2,356.1,25000,2392.2,0,0,0,11-01-2008,19106.22,10-01-2008,2007,High Risk,Low Income,0,0.0159,0.1186,Low Interest
176995,176989,25000,25000,675,36,0.14,859.07,E,E4,1 year,MORTGAGE,80000,Not Verified,12-01-2007,Charged Off,n,small_business,816xx,CO,20.79,0,07-01-1999,3,39,0,10,0,30946,0.615,18,f,0,0,12770.59,342.9,8471.54,3553.14,0,745.91,7.5,02-01-2009,859.07,12-01-2009,2007,High Risk,Low Income,1,0.0107,0.1438,Low Interest
178977,175577,25000,25000,75,36,0.1,802.47,B,B4,4 years,MORTGAGE,75000,Not Verified,01-01-2008,Charged Off,n,small_business,082xx,NJ,17.06,0,05-01-1992,4,0,0,19,0,12017,0.121,55,f,0,0,7221.69,21.6,5591.61,1630.08,0,0,0,10-01-2008,802.47,05-01-2016,2008,High Risk,Low Income,1,0.0107,0.0964,Low Interest
179897,179879,25000,25000,463.7,36,0.12,836.23,D,D3,10+ years,MORTGAGE,78862,Not Verified,12-01-2007,Fully Paid,n,small_business,123xx,NY,7.99,1,12-01-1994,0,6,0,7,0,6530,0.218,13,f,0,0,30103.88,532.25,25000,5103.88,0,0,0,12-01-2010,837.68,12-01-2010,2007,High Risk,Low Income,0,0.0106,0.1249,Low Interest
180675,180658,25000,25000,450,36,0.11,817.41,C,C3,10+ years,MORTGAGE,73000,Not Verified,12-01-2007,Charged Off,n,debt_consolidation,335xx,FL,22.13,0,10-01-1980,1,27,0,21,0,3472,0.045,63,f,0,0,13650.38,244.97,8767.32,2675.41,0,2207.65,0,03-01-2009,817.41,05-01-2016,2007,High Risk,Low Income,1,0.0112,0.1091,Low Interest
182845,182839,25000,25000,600,36,0.1,802.47,B,B4,2 years,RENT,48000,Not Verified,12-01-2007,Fully Paid,n,debt_consolidation,474xx,IN,9.78,0,12-01-2000,4,0,0,22,0,8283,0.127,39,f,0,0,26630.21,639.12,25000,1630.21,0,0,0,09-01-2008,20210.86,11-01-2013,2007,High Risk,Low Income,0,0.0167,0.0964,Low Interest
184296,184146,25000,25000,275,36,0.09,798.84,B,B3,1 year,RENT,100000,Not Verified,12-01-2007,Charged Off,n,small_business,100xx,NY,1.57,0,07-01-1990,5,28,0,9,0,17,0.001,15,f,0,0,12982.48,141.65,10210.53,2771.95,0,0,0,06-01-2009,898.85,05-01-2016,2007,High Risk,Low Income,1,0.008,0.0933,Low Interest
187671,187665,25000,25000,1150,36,0.15,862.97,E,E5,< 1 year,RENT,87000,Not Verified,12-01-2007,Charged Off,n,small_business,920xx,CA,5.79,0,12-01-1994,2,47,0,7,0,4209,0.752,12,f,0,0,8654.61,397.39,5262.41,2503.24,0,888.96,8.94,10-01-2008,862.97,10-01-2009,2007,High Risk,Low Income,1,0.0099,0.147,Low Interest
190846,190819,25000,25000,2550,36,0.14,851.41,E,E2,5 years,RENT,75000,Not Verified,01-01-2008,Charged Off,n,home_improvement,329xx,FL,19.78,0,05-01-2001,2,0,0,8,0,12308,0.436,12,f,0,0,7661.88,781.02,5323.38,2338.5,0,0,0,10-01-2008,851.41,05-01-2016,2008,High Risk,Low Income,1,0.0114,0.1375,Low Interest
203367,203345,25000,25000,6360.4,36,0.16,876.83,F,F2,< 1 year,MORTGAGE,120000,Not Verified,01-01-2008,Fully Paid,n,credit_card,073xx,NJ,18.08,2,11-01-1998,2,16,0,24,0,62976,0.861,30,f,0,0,31565.87,8028.52,25000,6565.87,0,0,0,01-01-2011,894.15,01-01-2011,2008,High Risk,Low Income,0,0.0073,0.1583,Low Interest
214572,214566,25000,25000,1075,36,0.1,800.95,B,B2,5 years,MORTGAGE,65000,Not Verified,01-01-2008,Fully Paid,n,small_business,448xx,OH,2.14,0,07-01-1995,6,0,0,4,0,3326,0.143,13,f,0,0,28495.61,1225.4,25000,3495.61,0,0,0,03-01-2010,8473.6,03-01-2010,2008,High Risk,Low Income,0,0.0123,0.0951,Low Interest
224381,223623,25000,25000,1750,36,0.16,880.78,F,F3,6 years,MORTGAGE,113000,Not Verified,01-01-2008,Charged Off,n,debt_consolidation,926xx,CA,24.84,1,03-01-1987,0,15,0,13,0,51039,0.938,33,f,0,0,32241.16,2255.09,15348.13,6764.61,44.04,10084.39,1367.76,07-01-2010,880.88,11-01-2010,2008,High Risk,Low Income,1,0.0078,0.1615,Low Interest
229930,229806,25000,25000,1200,36,0.11,819.54,C,C2,2 years,MORTGAGE,90000,Not Verified,01-01-2008,Fully Paid,n,debt_consolidation,775xx,TX,17.11,0,02-01-1990,0,0,0,6,0,54925,0.978,27,f,0,0,29184.87,1400.87,25000,4184.87,0,0,0,05-01-2010,7882.11,05-01-2016,2008,High Risk,Low Income,0,0.0091,0.1109,Low Interest
232302,232232,25000,25000,2596.8,36,0.1,804.69,B,B3,9 years,MORTGAGE,72000,Not Verified,01-01-2008,Fully Paid,n,small_business,300xx,GA,8.98,0,05-01-1995,6,0,0,14,0,56842,0.144,41,f,0,0,28968.66,2786.28,25000,3968.67,0,0,0,02-01-2011,808.99,01-01-2011,2008,High Risk,Low Income,0,0.0112,0.0983,Low Interest
232488,232450,25000,25000,2043.5,36,0.1,812.09,B,B5,10+ years,MORTGAGE,186063,Not Verified,01-01-2008,Fully Paid,n,home_improvement,330xx,FL,1.88,0,02-01-1980,2,0,0,11,0,19948,0.77,22,f,0,0,29235.21,2140.98,24999.99,4235.22,0,0,0,02-01-2011,813.36,01-01-2011,2008,High Risk,Low Income,0,0.0044,0.1046,Low Interest
242839,242830,25000,25000,1125,36,0.1,807.62,B,B3,4 years,MORTGAGE,37000,Not Verified,02-01-2008,Fully Paid,n,small_business,952xx,CA,8.53,0,12-01-1998,3,0,0,11,0,2296,0.076,27,f,0,0,28227.74,1270.25,25000,3227.74,0,0,0,01-01-2010,460.08,01-01-2010,2008,High Risk,Low Income,0,0.0218,0.1008,Low Interest
249164,249160,25000,25000,6478.6,36,0.1,807.62,B,B3,3 years,MORTGAGE,144000,Not Verified,02-01-2008,Fully Paid,n,small_business,301xx,GA,3.84,0,03-01-1995,8,0,0,11,0,52214,0.087,22,f,0,0,29074.28,7219.64,24999.99,4074.28,0,0,0,03-01-2011,814.87,12-01-2013,2008,High Risk,Low Income,0,0.0056,0.1008,Low Interest
249955,247224,25000,25000,3163.2,36,0.14,856.63,E,E1,2 years,RENT,66000,Not Verified,03-01-2008,Charged Off,n,wedding,914xx,CA,22.45,0,05-01-2002,2,0,0,24,0,25160,0.328,34,f,0,0,18593.47,2351.73,13259.42,4718.14,85.58,530.33,5.64,12-01-2009,856.63,05-01-2010,2008,High Risk,Low Income,1,0.013,0.1418,Low Interest
255150,255095,25000,25000,4955.8,36,0.12,826.31,C,C3,1 year,RENT,100000,Not Verified,02-01-2008,Fully Paid,n,credit_card,100xx,NY,18.88,0,10-01-2002,0,0,0,10,0,16694,0.331,17,f,0,0,29746.89,5546.8,24999.99,4746.9,0,0,0,02-01-2011,843.17,02-01-2011,2008,High Risk,Low Income,0,0.0083,0.1166,Low Interest
256365,256357,25000,25000,750,36,0.11,815.04,B,B5,< 1 year,MORTGAGE,52000,Not Verified,03-01-2008,Charged Off,n,credit_card,300xx,GA,11.86,0,07-01-2003,0,0,0,5,0,6088,0.083,8,f,0,0,8149,243.3,6161.57,1987.43,0,0,0,01-01-2009,815.04,05-01-2016,2008,High Risk,Low Income,1,0.0157,0.1071,Low Interest
259032,259015,25000,25000,3322.5,36,0.1,803.87,B,B2,5 years,MORTGAGE,200000,Not Verified,02-01-2008,Fully Paid,n,other,296xx,SC,4.95,0,03-01-2002,0,0,0,6,0,54392,0,8,f,0,0,28939.13,3525.37,24999.99,3939.14,0,0,0,03-01-2011,808.99,02-01-2011,2008,High Risk,Low Income,0,0.004,0.0976,Low Interest
267516,267218,25000,25000,4500,36,0.16,879.92,F,F2,< 1 year,OWN,45000,Not Verified,03-01-2008,Charged Off,n,major_purchase,128xx,NY,6.4,3,01-01-1994,0,20,0,8,0,12704,0.541,12,f,0,0,16457.82,2948.35,10313.8,4626.48,0,1517.54,531.21,08-01-2009,879.92,04-01-2016,2008,High Risk,Low Income,1,0.0196,0.1608,Low Interest
271792,245550,25000,25000,2150,36,0.14,852.87,D,D5,< 1 year,MORTGAGE,63000,Not Verified,03-01-2008,Fully Paid,n,credit_card,086xx,NJ,17.28,0,05-01-1984,1,39,0,18,0,21357,0.42,29,f,0,0,30912.93,2658.51,25000,5912.93,0,0,0,04-01-2011,219.69,04-01-2011,2008,High Risk,Low Income,0,0.0135,0.1387,Low Interest
271927,271834,25000,25000,5640.7,36,0.1,807.62,B,B3,4 years,MORTGAGE,95000,Not Verified,03-01-2008,Fully Paid,n,home_improvement,024xx,MA,10.42,0,05-01-1975,0,0,0,23,0,16386,0.113,37,f,0,0,29074.29,6202.28,25000,4074.29,0,0,0,03-01-2011,822.15,04-01-2016,2008,High Risk,Low Income,0,0.0085,0.1008,Low Interest
277709,275527,25000,25000,7625,36,0.17,895.56,G,G1,3 years,MORTGAGE,96000,Not Verified,03-01-2008,Fully Paid,n,other,857xx,AZ,18.8,2,08-01-1976,0,23,0,9,0,14706,0.77,29,f,0,0,32599.23,9942.76,25000,7599.23,0,0,0,04-01-2012,32.36,03-01-2012,2008,High Risk,Low Income,0,0.0093,0.1734,Low Interest
279901,279891,25000,25000,5050,36,0.1,807.62,B,B3,5 years,MORTGAGE,53979,Not Verified,03-01-2008,Fully Paid,n,house,220xx,VA,0,0,08-01-1990,1,46,0,10,0,0,0,33,f,0,0,29349.85,5928.67,25000,4349.85,0,0,0,01-01-2011,8058.2,04-01-2014,2008,High Risk,Low Income,0,0.015,0.1008,Low Interest
307946,307937,25000,18825,14575.2,36,0.16,659.61,F,F1,7 years,MORTGAGE,120000,Verified,04-01-2008,Fully Paid,n,debt_consolidation,913xx,CA,14.23,1,05-01-1994,2,8,111,9,1,27550,0.946,30,f,0,0,23817.34,18440.49,18825,4929.18,63.16,0,0,05-01-2011,68.69,05-01-2011,2008,High Risk,Low Income,0,0.0055,0.1576,Low Interest
398687,440692,25000,25000,9275,36,0.16,878.94,E,E2,5 years,MORTGAGE,174000,Verified,05-01-2009,Fully Paid,n,credit_card,297xx,SC,15.43,0,12-01-1994,1,62,112,20,1,35010,0.657,48,f,0,0,26889.1,9975.86,25000,1889.1,0,0,0,12-01-2009,17.68,05-01-2016,2009,High Risk,Low Income,0,0.0051,0.16,Low Interest
505111,650735,25000,25000,22166,36,0.16,884.44,E,E1,10+ years,MORTGAGE,73164,Verified,04-01-2010,Fully Paid,n,other,446xx,OH,17.94,2,01-01-1996,0,10,87,6,1,0,0,29,f,0,0,31835.08,27860.95,25000,6835.08,0,0,0,05-01-2013,872.25,05-01-2016,2010,High Risk,Low Income,0,0.0121,0.1645,Low Interest
510082,658581,25000,25000,23788,36,0.18,907.6,F,F1,10+ years,MORTGAGE,116000,Not Verified,05-01-2010,Fully Paid,n,debt_consolidation,824xx,WY,15.2,1,08-01-1992,2,18,100,17,1,16791,0.87,30,f,0,0,33303.88,31735.49,25000,8303.88,0,0,0,03-01-2013,6722.63,04-01-2016,2010,High Risk,Low Income,0,0.0078,0.183,Low Interest
560712,721670,25000,25000,24470.7,36,0.17,889.09,E,E2,10+ years,MORTGAGE,77000,Verified,08-01-2010,Fully Paid,n,debt_consolidation,782xx,TX,16.25,0,02-01-1998,0,64,105,11,1,20227,0.936,24,f,0,0,31755.83,30981.12,25000,6755.83,0,0,0,02-01-2013,6025.42,03-01-2013,2010,High Risk,Low Income,0,0.0115,0.1682,Low Interest
586617,753604,25000,25000,25000,36,0.18,898.31,E,E4,5 years,RENT,66504,Verified,09-01-2010,Fully Paid,n,debt_consolidation,953xx,CA,12.88,0,08-01-1990,1,30,38,6,1,9978,0.95,15,f,0,0,31865.52,31865.52,24999.99,6865.53,0,0,0,05-01-2013,2821.82,06-01-2013,2010,High Risk,Low Income,0,0.0135,0.1756,Low Interest
718614,912856,25000,25000,24975,60,0.18,633.21,E,E5,6 years,MORTGAGE,99800,Verified,04-01-2011,Fully Paid,n,debt_consolidation,554xx,MN,8.21,0,10-01-1991,2,28,97,11,1,13498,0.75,21,f,0,0,37552.08,37514.53,25000,12552.08,0,0,0,06-01-2015,6551.87,07-01-2015,2011,High Risk,Low Income,0,0.0063,0.1788,Low Interest
780110,982868,25000,25000,24950,60,0.19,645.63,E,E3,< 1 year,MORTGAGE,72000,Verified,06-01-2011,Fully Paid,n,home_improvement,349xx,FL,9.77,0,09-01-1995,1,66,51,6,2,6119,0.437,26,f,0,0,37759.25,37683.73,25000,12759.25,0,0,0,04-01-2015,9363.04,04-01-2015,2011,High Risk,Low Income,0,0.009,0.1879,Low Interest
807954,1001412,25000,16200,16175,60,0.22,445.04,F,F5,10+ years,RENT,57000,Verified,07-01-2011,Charged Off,n,small_business,207xx,MD,14.97,0,01-01-1998,0,58,63,14,1,26095,0.922,30,f,0,0,4893.66,4886.17,1821.93,3061.08,0,10.65,0,06-01-2012,445.04,10-01-2012,2011,High Risk,Low Income,1,0.0078,0.2174,Low Interest
833458,1043059,25000,25000,25000,60,0.21,676.2,F,F3,2 years,MORTGAGE,74000,Source Verified,08-01-2011,Fully Paid,n,debt_consolidation,140xx,NY,15.73,1,09-01-1999,2,5,96,11,1,4796,0.448,23,f,0,0,36767.26,36767.26,25000,11767.26,0,0,0,05-01-2014,15141.82,05-01-2014,2011,High Risk,Low Income,0,0.0091,0.2099,Low Interest
860287,1073076,25000,25000,24975,60,0.18,640.16,E,E2,5 years,MORTGAGE,99600,Verified,08-01-2011,Fully Paid,n,debt_consolidation,208xx,MD,5.17,0,09-01-2002,3,69,69,13,1,15459,0.593,18,f,0,0,31241.48,31210.24,25000,6241.48,0,0,0,03-01-2013,20361.82,06-01-2013,2011,High Risk,Low Income,0,0.0064,0.1839,Low Interest
882090,1097250,25200,25200,24749.9,60,0.2,671.86,E,E5,4 years,MORTGAGE,86000,Verified,09-01-2011,Charged Off,n,debt_consolidation,191xx,PA,14.9,0,09-01-1993,0,80,76,11,1,28481,0.544,30,f,0,0,8699.93,8162.98,2931.96,4436.18,33.49,1298.29,12.45,08-01-2012,671.86,02-01-2013,2011,High Risk,Low Income,1,0.0078,0.203,Low Interest
878184,1092949,25450,18600,18511,60,0.21,506.97,F,F4,10+ years,MORTGAGE,81000,Verified,09-01-2011,Current,n,debt_consolidation,913xx,CA,16.89,0,08-01-1998,1,28,93,6,1,4616,0.923,27,f,1946,1946,28377.85,28132.57,16653.99,11723.86,0,0,0,05-01-2016,506.97,05-01-2016,2011,High Risk,Low Income,0,0.0063,0.2136,Low Interest
723487,918478,27300,27300,27300,60,0.18,685.99,E,E4,10+ years,RENT,52400,Source Verified,04-01-2011,Charged Off,n,debt_consolidation,190xx,PA,16.03,0,10-01-1997,0,57,103,7,1,1280,0.674,31,f,0,0,1368.34,1368.34,577.93,790.41,0,0,0,06-01-2011,685.99,05-01-2016,2011,High Risk,Low Income,1,0.0131,0.1751,Low Interest
889621,1106155,28000,28000,27975,36,0.16,983.85,C,C5,3 years,MORTGAGE,72000,Verified,09-01-2011,Fully Paid,n,home_improvement,953xx,CA,15.35,0,07-01-1998,1,36,93,15,1,6112,0.241,30,f,0,0,35477.63,35445.95,28000,7431.24,46.39,0,0,11-01-2014,47.44,11-01-2014,2011,High Risk,Low Income,0,0.0137,0.1596,Low Interest
669579,856160,30000,30000,26585.2,60,0.18,765.89,F,F1,10+ years,MORTGAGE,65000,Verified,02-01-2011,Fully Paid,n,credit_card,983xx,WA,8.88,0,01-01-2001,1,72,116,5,1,19570,0.835,13,f,0,0,45953.28,38562.53,30000,15953.28,0,0,0,02-01-2016,765.77,02-01-2016,2011,High Risk,Low Income,0,0.0118,0.1825,Low Interest
780193,982958,30000,20550,20525,60,0.2,542.06,E,E2,9 years,MORTGAGE,78000,Verified,06-01-2011,Fully Paid,n,debt_consolidation,368xx,AL,23.69,0,05-01-2000,0,39,108,12,1,9697,0.487,29,f,0,0,27218.76,27185.65,20550,6668.76,0,0,0,05-01-2013,4816.85,11-01-2015,2011,High Risk,Low Income,0,0.0069,0.1979,Low Interest
1042610,1272674,30000,30000,29725,60,0.16,728.91,C,C5,10+ years,MORTGAGE,55097,Verified,12-01-2011,Fully Paid,n,home_improvement,302xx,GA,16.64,0,07-01-2001,1,76,117,7,1,3532,0.142,23,f,0,0,30400.31,30121.64,30000,400.31,0,0,0,01-01-2012,30400.93,05-01-2016,2011,High Risk,Low Income,0,0.0132,0.1596,Low Interest
737345,934508,35000,35000,34921.8,36,0.2,1302.69,G,G1,10+ years,OWN,80000,Verified,04-01-2011,Charged Off,n,debt_consolidation,900xx,CA,17.07,1,05-01-1992,0,13,97,3,1,42435,0.947,19,f,0,0,6456.99,6355.62,1546.53,3405.51,0,1504.95,14.87,11-01-2011,590.62,05-01-2016,2011,High Risk,Medium Income,1,0.0163,0.2011,Low Interest
814523,1022037,35000,29525,15825,60,0.2,777.15,E,E5,5 years,MORTGAGE,120000,Source Verified,07-01-2011,Current,n,home_improvement,325xx,FL,10.11,2,10-01-1994,0,14,109,14,1,13769,0.483,42,f,2285,1232,44285.58,23721.62,27240.46,17045.12,0,0,0,05-01-2016,777.15,05-01-2016,2011,High Risk,Low Income,0,0.0065,0.1969,Low Interest
831761,1041070,35000,35000,7175,60,0.19,903.88,E,E3,10+ years,OWN,66000,Verified,07-01-2011,Fully Paid,n,other,106xx,NY,13.36,0,03-01-1997,0,40,94,9,1,1722,0.351,15,f,0,0,51976.49,10655.18,35000,16976.49,0,0,0,01-01-2015,15826.07,04-01-2016,2011,High Risk,Low Income,0,0.0137,0.1879,Low Interest
854208,1066441,35000,22000,22000,60,0.21,599.64,F,F4,3 years,RENT,120000,Source Verified,08-01-2011,Charged Off,n,debt_consolidation,210xx,MD,18.63,0,12-01-2003,0,47,101,9,1,28535,0.495,22,f,0,0,9463.66,9463.66,3271.97,5115.85,0,1075.84,10.34,11-01-2012,599.64,04-01-2013,2011,High Risk,Low Income,1,0.005,0.2136,Low Interest
867756,1017596,35000,35000,34975,60,0.22,976.24,G,G2,8 years,MORTGAGE,110000,Verified,09-01-2011,Charged Off,n,small_business,774xx,TX,1.22,0,11-01-1993,3,63,49,2,1,3891,0.572,7,f,0,0,10735.86,10728.26,3866.47,6869.39,0,0,0,09-01-2012,26.07,05-01-2016,2011,High Risk,Medium Income,1,0.0089,0.2248,Low Interest
